ISO-10303-21;
HEADER;
/* Generated by software containing ST-Developer
 * from STEP Tools, Inc. (www.steptools.com) 
 */

FILE_DESCRIPTION(
/* description */ (''),
/* implementation_level */ '2;1');

FILE_NAME(
/* name */ 'demo-file.step',
/* time_stamp */ '2026-05-14T23:21:36+07:00',
/* author */ (''),
/* organization */ (''),
/* preprocessor_version */ 'ST-DEVELOPER v20.1',
/* originating_system */ 'Autodesk Translation Framework v15.8.0.0',
/* authorisation */ '');

FILE_SCHEMA (('AUTOMOTIVE_DESIGN { 1 0 10303 214 3 1 1 }'));
ENDSEC;

DATA;
#10=MECHANICAL_DESIGN_GEOMETRIC_PRESENTATION_REPRESENTATION('',(#13),#6370);
#11=SHAPE_REPRESENTATION_RELATIONSHIP('SRR','None',#6377,#12);
#12=ADVANCED_BREP_SHAPE_REPRESENTATION('',(#14),#6369);
#13=STYLED_ITEM('',(#6387),#14);
#14=MANIFOLD_SOLID_BREP('Body1',#3652);
#15=ELLIPSE('',#3813,7.07106781186547,5.);
#16=ELLIPSE('',#3820,7.07106781186548,5.);
#17=B_SPLINE_SURFACE_WITH_KNOTS('',3,1,((#5428,#5429),(#5430,#5431),(#5432,
#5433),(#5434,#5435),(#5436,#5437)),.UNSPECIFIED.,.F.,.F.,.F.,(4,1,4),(2,
2),(0.,0.0624638327645807,0.110860711387568),(0.,0.01),.UNSPECIFIED.);
#18=B_SPLINE_SURFACE_WITH_KNOTS('',3,1,((#5454,#5455),(#5456,#5457),(#5458,
#5459),(#5460,#5461),(#5462,#5463)),.UNSPECIFIED.,.F.,.F.,.F.,(4,1,4),(2,
2),(0.,0.0494210771911284,0.115082207023892),(0.,0.01),.UNSPECIFIED.);
#19=B_SPLINE_SURFACE_WITH_KNOTS('',3,1,((#5477,#5478),(#5479,#5480),(#5481,
#5482),(#5483,#5484),(#5485,#5486)),.UNSPECIFIED.,.F.,.F.,.F.,(4,1,4),(2,
2),(0.,0.0494539181133034,0.0914626871125671),(0.,0.01),.UNSPECIFIED.);
#20=B_SPLINE_SURFACE_WITH_KNOTS('',3,1,((#5500,#5501),(#5502,#5503),(#5504,
#5505),(#5506,#5507),(#5508,#5509)),.UNSPECIFIED.,.F.,.F.,.F.,(4,1,4),(2,
2),(0.,0.0418954525267663,0.0909070788615464),(0.,0.01),.UNSPECIFIED.);
#21=B_SPLINE_SURFACE_WITH_KNOTS('',3,1,((#5523,#5524),(#5525,#5526),(#5527,
#5528),(#5529,#5530),(#5531,#5532)),.UNSPECIFIED.,.F.,.F.,.F.,(4,1,4),(2,
2),(0.,0.0656611192119222,0.115082196403051),(0.,0.01),.UNSPECIFIED.);
#22=B_SPLINE_SURFACE_WITH_KNOTS('',3,1,((#5546,#5547),(#5548,#5549),(#5550,
#5551),(#5552,#5553),(#5554,#5555)),.UNSPECIFIED.,.F.,.F.,.F.,(4,1,4),(2,
2),(0.,0.0484665012391373,0.110557057664191),(0.,0.01),.UNSPECIFIED.);
#23=B_SPLINE_SURFACE_WITH_KNOTS('',3,1,((#5569,#5570),(#5571,#5572),(#5573,
#5574),(#5575,#5576),(#5577,#5578)),.UNSPECIFIED.,.F.,.F.,.F.,(4,1,4),(2,
2),(0.,0.0482749572613092,0.0902837970261888),(0.,0.01),.UNSPECIFIED.);
#24=B_SPLINE_SURFACE_WITH_KNOTS('',3,1,((#5592,#5593),(#5594,#5595),(#5596,
#5597),(#5598,#5599),(#5600,#5601)),.UNSPECIFIED.,.F.,.F.,.F.,(4,1,4),(2,
2),(0.,0.0419762300053282,0.0906791980209241),(0.,0.01),.UNSPECIFIED.);
#25=B_SPLINE_SURFACE_WITH_KNOTS('',3,1,((#5612,#5613),(#5614,#5615),(#5616,
#5617),(#5618,#5619),(#5620,#5621)),.UNSPECIFIED.,.F.,.F.,.F.,(4,1,4),(2,
2),(0.,0.0862463821897227,0.155781584747085),(0.,0.01),.UNSPECIFIED.);
#26=B_SPLINE_SURFACE_WITH_KNOTS('',3,1,((#5631,#5632),(#5633,#5634),(#5635,
#5636),(#5637,#5638),(#5639,#5640)),.UNSPECIFIED.,.F.,.F.,.F.,(4,1,4),(2,
2),(0.,0.0704649235666585,0.159516921067056),(0.,0.01),.UNSPECIFIED.);
#27=B_SPLINE_SURFACE_WITH_KNOTS('',3,1,((#5648,#5649),(#5650,#5651),(#5652,
#5653),(#5654,#5655),(#5656,#5657)),.UNSPECIFIED.,.F.,.F.,.F.,(4,1,4),(2,
2),(0.,0.0784676053155853,0.143448578756467),(0.,0.01),.UNSPECIFIED.);
#28=B_SPLINE_SURFACE_WITH_KNOTS('',3,1,((#5665,#5666),(#5667,#5668),(#5669,
#5670),(#5671,#5672),(#5673,#5674)),.UNSPECIFIED.,.F.,.F.,.F.,(4,1,4),(2,
2),(0.,0.0651015993961353,0.144013131520716),(0.,0.01),.UNSPECIFIED.);
#29=B_SPLINE_SURFACE_WITH_KNOTS('',3,1,((#5682,#5683),(#5684,#5685),(#5686,
#5687),(#5688,#5689),(#5690,#5691)),.UNSPECIFIED.,.F.,.F.,.F.,(4,1,4),(2,
2),(0.,0.0890519975003973,0.159516921067056),(0.,0.01),.UNSPECIFIED.);
#30=B_SPLINE_SURFACE_WITH_KNOTS('',3,1,((#5699,#5700),(#5701,#5702),(#5703,
#5704),(#5705,#5706),(#5707,#5708)),.UNSPECIFIED.,.F.,.F.,.F.,(4,1,4),(2,
2),(0.,0.0695352025573627,0.155781584747085),(0.,0.01),.UNSPECIFIED.);
#31=B_SPLINE_SURFACE_WITH_KNOTS('',3,1,((#5716,#5717),(#5718,#5719),(#5720,
#5721),(#5722,#5723),(#5724,#5725)),.UNSPECIFIED.,.F.,.F.,.F.,(4,1,4),(2,
2),(0.,0.0777772883830985,0.142794070778371),(0.,0.01),.UNSPECIFIED.);
#32=B_SPLINE_SURFACE_WITH_KNOTS('',3,1,((#5733,#5734),(#5735,#5736),(#5737,
#5738),(#5739,#5740),(#5741,#5742)),.UNSPECIFIED.,.F.,.F.,.F.,(4,1,4),(2,
2),(0.,0.0648955399940268,0.142228828501242),(0.,0.01),.UNSPECIFIED.);
#33=B_SPLINE_SURFACE_WITH_KNOTS('',3,1,((#5764,#5765),(#5766,#5767),(#5768,
#5769),(#5770,#5771),(#5772,#5773)),.UNSPECIFIED.,.F.,.F.,.F.,(4,1,4),(2,
2),(0.,0.0233784898373868,0.0561188123664394),(0.,0.01),.UNSPECIFIED.);
#34=B_SPLINE_SURFACE_WITH_KNOTS('',3,1,((#5787,#5788),(#5789,#5790),(#5791,
#5792),(#5793,#5794),(#5795,#5796)),.UNSPECIFIED.,.F.,.F.,.F.,(4,1,4),(2,
2),(0.,0.0271848849035959,0.0487302354479664),(0.,0.01),.UNSPECIFIED.);
#35=B_SPLINE_SURFACE_WITH_KNOTS('',3,1,((#5810,#5811),(#5812,#5813),(#5814,
#5815),(#5816,#5817),(#5818,#5819)),.UNSPECIFIED.,.F.,.F.,.F.,(4,1,4),(2,
2),(0.,0.0480168785158039,0.0929988635715924),(0.,0.01),.UNSPECIFIED.);
#36=B_SPLINE_SURFACE_WITH_KNOTS('',3,1,((#5851,#5852),(#5853,#5854),(#5855,
#5856),(#5857,#5858),(#5859,#5860)),.UNSPECIFIED.,.F.,.F.,.F.,(4,1,4),(2,
2),(0.,0.0250254329417513,0.0599365389348825),(0.,0.01),.UNSPECIFIED.);
#37=B_SPLINE_SURFACE_WITH_KNOTS('',3,1,((#5874,#5875),(#5876,#5877),(#5878,
#5879),(#5880,#5881),(#5882,#5883)),.UNSPECIFIED.,.F.,.F.,.F.,(4,1,4),(2,
2),(0.,0.0268684700669236,0.0490843170355953),(0.,0.01),.UNSPECIFIED.);
#38=B_SPLINE_SURFACE_WITH_KNOTS('',3,1,((#5897,#5898),(#5899,#5900),(#5901,
#5902),(#5903,#5904),(#5905,#5906)),.UNSPECIFIED.,.F.,.F.,.F.,(4,1,4),(2,
2),(0.,0.0235003596110749,0.054506252360717),(0.,0.01),.UNSPECIFIED.);
#39=B_SPLINE_SURFACE_WITH_KNOTS('',3,1,((#5920,#5921),(#5922,#5923),(#5924,
#5925),(#5926,#5927),(#5928,#5929)),.UNSPECIFIED.,.F.,.F.,.F.,(4,1,4),(2,
2),(0.,0.0307544982800404,0.0543799750362552),(0.,0.01),.UNSPECIFIED.);
#40=B_SPLINE_SURFACE_WITH_KNOTS('',3,1,((#5952,#5953),(#5954,#5955),(#5956,
#5957),(#5958,#5959),(#5960,#5961)),.UNSPECIFIED.,.F.,.F.,.F.,(4,1,4),(2,
2),(0.,0.042877575635512,0.0950211934566679),(0.,0.01),.UNSPECIFIED.);
#41=B_SPLINE_SURFACE_WITH_KNOTS('',3,1,((#5969,#5970),(#5971,#5972),(#5973,
#5974),(#5975,#5976),(#5977,#5978)),.UNSPECIFIED.,.F.,.F.,.F.,(4,1,4),(2,
2),(0.,0.0494090882892986,0.09103473462521),(0.,0.01),.UNSPECIFIED.);
#42=B_SPLINE_SURFACE_WITH_KNOTS('',3,1,((#5986,#5987),(#5988,#5989),(#5990,
#5991),(#5992,#5993),(#5994,#5995)),.UNSPECIFIED.,.F.,.F.,.F.,(4,1,4),(2,
2),(0.,0.0275406671429849,0.0608536470250544),(0.,0.01),.UNSPECIFIED.);
#43=B_SPLINE_SURFACE_WITH_KNOTS('',3,1,((#6003,#6004),(#6005,#6006),(#6007,
#6008),(#6009,#6010),(#6011,#6012)),.UNSPECIFIED.,.F.,.F.,.F.,(4,1,4),(2,
2),(0.,0.0284424919577129,0.0545608344534246),(0.,0.01),.UNSPECIFIED.);
#44=B_SPLINE_SURFACE_WITH_KNOTS('',3,1,((#6020,#6021),(#6022,#6023),(#6024,
#6025),(#6026,#6027),(#6028,#6029)),.UNSPECIFIED.,.F.,.F.,.F.,(4,1,4),(2,
2),(0.,0.0238384442008925,0.0475880091028799),(0.,0.01),.UNSPECIFIED.);
#45=B_SPLINE_SURFACE_WITH_KNOTS('',3,1,((#6037,#6038),(#6039,#6040),(#6041,
#6042),(#6043,#6044),(#6045,#6046)),.UNSPECIFIED.,.F.,.F.,.F.,(4,1,4),(2,
2),(0.,0.0284417300060913,0.0538039394282411),(0.,0.01),.UNSPECIFIED.);
#46=B_SPLINE_SURFACE_WITH_KNOTS('',3,1,((#6054,#6055),(#6056,#6057),(#6058,
#6059),(#6060,#6061),(#6062,#6063)),.UNSPECIFIED.,.F.,.F.,.F.,(4,1,4),(2,
2),(0.,0.0387549671604882,0.0833408794667694),(0.,0.01),.UNSPECIFIED.);
#47=B_SPLINE_SURFACE_WITH_KNOTS('',3,1,((#6071,#6072),(#6073,#6074),(#6075,
#6076),(#6077,#6078),(#6079,#6080)),.UNSPECIFIED.,.F.,.F.,.F.,(4,1,4),(2,
2),(0.,0.04979938771887,0.0903402695388705),(0.,0.01),.UNSPECIFIED.);
#48=B_SPLINE_CURVE_WITH_KNOTS('',3,(#5200,#5201,#5202,#5203,#5204),
 .UNSPECIFIED.,.F.,.F.,(4,1,4),(0.,0.04979938771887,0.0903402695388705),
 .UNSPECIFIED.);
#49=B_SPLINE_CURVE_WITH_KNOTS('',3,(#5206,#5207,#5208,#5209,#5210),
 .UNSPECIFIED.,.F.,.F.,(4,1,4),(0.,0.0387549671604882,0.0833408794667694),
 .UNSPECIFIED.);
#50=B_SPLINE_CURVE_WITH_KNOTS('',3,(#5212,#5213,#5214,#5215,#5216),
 .UNSPECIFIED.,.F.,.F.,(4,1,4),(0.,0.0284417300060913,0.0538039394282411),
 .UNSPECIFIED.);
#51=B_SPLINE_CURVE_WITH_KNOTS('',3,(#5218,#5219,#5220,#5221,#5222),
 .UNSPECIFIED.,.F.,.F.,(4,1,4),(0.,0.0238384442008925,0.0475880091028799),
 .UNSPECIFIED.);
#52=B_SPLINE_CURVE_WITH_KNOTS('',3,(#5224,#5225,#5226,#5227,#5228),
 .UNSPECIFIED.,.F.,.F.,(4,1,4),(0.,0.0284424919577129,0.0545608344534246),
 .UNSPECIFIED.);
#53=B_SPLINE_CURVE_WITH_KNOTS('',3,(#5230,#5231,#5232,#5233,#5234),
 .UNSPECIFIED.,.F.,.F.,(4,1,4),(0.,0.0275406671429849,0.0608536470250544),
 .UNSPECIFIED.);
#54=B_SPLINE_CURVE_WITH_KNOTS('',3,(#5236,#5237,#5238,#5239,#5240),
 .UNSPECIFIED.,.F.,.F.,(4,1,4),(0.,0.0494090882892986,0.09103473462521),
 .UNSPECIFIED.);
#55=B_SPLINE_CURVE_WITH_KNOTS('',3,(#5241,#5242,#5243,#5244,#5245),
 .UNSPECIFIED.,.F.,.F.,(4,1,4),(0.,0.042877575635512,0.0950211934566679),
 .UNSPECIFIED.);
#56=B_SPLINE_CURVE_WITH_KNOTS('',3,(#5248,#5249,#5250,#5251,#5252),
 .UNSPECIFIED.,.F.,.F.,(4,1,4),(0.,0.0862463821897227,0.155781584747085),
 .UNSPECIFIED.);
#57=B_SPLINE_CURVE_WITH_KNOTS('',3,(#5254,#5255,#5256,#5257,#5258),
 .UNSPECIFIED.,.F.,.F.,(4,1,4),(0.,0.0648955399940268,0.142228828501242),
 .UNSPECIFIED.);
#58=B_SPLINE_CURVE_WITH_KNOTS('',3,(#5260,#5261,#5262,#5263,#5264),
 .UNSPECIFIED.,.F.,.F.,(4,1,4),(0.,0.0777772883830985,0.142794070778371),
 .UNSPECIFIED.);
#59=B_SPLINE_CURVE_WITH_KNOTS('',3,(#5266,#5267,#5268,#5269,#5270),
 .UNSPECIFIED.,.F.,.F.,(4,1,4),(0.,0.0695352025573627,0.155781584747085),
 .UNSPECIFIED.);
#60=B_SPLINE_CURVE_WITH_KNOTS('',3,(#5272,#5273,#5274,#5275,#5276),
 .UNSPECIFIED.,.F.,.F.,(4,1,4),(0.,0.0890519975003973,0.159516921067056),
 .UNSPECIFIED.);
#61=B_SPLINE_CURVE_WITH_KNOTS('',3,(#5278,#5279,#5280,#5281,#5282),
 .UNSPECIFIED.,.F.,.F.,(4,1,4),(0.,0.0651015993961353,0.144013131520716),
 .UNSPECIFIED.);
#62=B_SPLINE_CURVE_WITH_KNOTS('',3,(#5284,#5285,#5286,#5287,#5288),
 .UNSPECIFIED.,.F.,.F.,(4,1,4),(0.,0.0784676053155853,0.143448578756467),
 .UNSPECIFIED.);
#63=B_SPLINE_CURVE_WITH_KNOTS('',3,(#5289,#5290,#5291,#5292,#5293),
 .UNSPECIFIED.,.F.,.F.,(4,1,4),(0.,0.0704649235666585,0.159516921067056),
 .UNSPECIFIED.);
#64=B_SPLINE_CURVE_WITH_KNOTS('',3,(#5440,#5441,#5442,#5443,#5444),
 .UNSPECIFIED.,.F.,.F.,(4,1,4),(0.,0.0624638327645807,0.110860711387568),
 .UNSPECIFIED.);
#65=B_SPLINE_CURVE_WITH_KNOTS('',3,(#5448,#5449,#5450,#5451,#5452),
 .UNSPECIFIED.,.F.,.F.,(4,1,4),(0.,0.0624638327645807,0.110860711387568),
 .UNSPECIFIED.);
#66=B_SPLINE_CURVE_WITH_KNOTS('',3,(#5465,#5466,#5467,#5468,#5469),
 .UNSPECIFIED.,.F.,.F.,(4,1,4),(0.,0.0494210771911284,0.115082207023892),
 .UNSPECIFIED.);
#67=B_SPLINE_CURVE_WITH_KNOTS('',3,(#5472,#5473,#5474,#5475,#5476),
 .UNSPECIFIED.,.F.,.F.,(4,1,4),(0.,0.0494210771911284,0.115082207023892),
 .UNSPECIFIED.);
#68=B_SPLINE_CURVE_WITH_KNOTS('',3,(#5488,#5489,#5490,#5491,#5492),
 .UNSPECIFIED.,.F.,.F.,(4,1,4),(0.,0.0494539181133034,0.0914626871125671),
 .UNSPECIFIED.);
#69=B_SPLINE_CURVE_WITH_KNOTS('',3,(#5495,#5496,#5497,#5498,#5499),
 .UNSPECIFIED.,.F.,.F.,(4,1,4),(0.,0.0494539181133034,0.0914626871125671),
 .UNSPECIFIED.);
#70=B_SPLINE_CURVE_WITH_KNOTS('',3,(#5511,#5512,#5513,#5514,#5515),
 .UNSPECIFIED.,.F.,.F.,(4,1,4),(0.,0.0418954525267663,0.0909070788615464),
 .UNSPECIFIED.);
#71=B_SPLINE_CURVE_WITH_KNOTS('',3,(#5518,#5519,#5520,#5521,#5522),
 .UNSPECIFIED.,.F.,.F.,(4,1,4),(0.,0.0418954525267663,0.0909070788615464),
 .UNSPECIFIED.);
#72=B_SPLINE_CURVE_WITH_KNOTS('',3,(#5534,#5535,#5536,#5537,#5538),
 .UNSPECIFIED.,.F.,.F.,(4,1,4),(0.,0.0656611192119222,0.115082196403051),
 .UNSPECIFIED.);
#73=B_SPLINE_CURVE_WITH_KNOTS('',3,(#5541,#5542,#5543,#5544,#5545),
 .UNSPECIFIED.,.F.,.F.,(4,1,4),(0.,0.0656611192119222,0.115082196403051),
 .UNSPECIFIED.);
#74=B_SPLINE_CURVE_WITH_KNOTS('',3,(#5557,#5558,#5559,#5560,#5561),
 .UNSPECIFIED.,.F.,.F.,(4,1,4),(0.,0.0484665012391373,0.110557057664191),
 .UNSPECIFIED.);
#75=B_SPLINE_CURVE_WITH_KNOTS('',3,(#5564,#5565,#5566,#5567,#5568),
 .UNSPECIFIED.,.F.,.F.,(4,1,4),(0.,0.0484665012391373,0.110557057664191),
 .UNSPECIFIED.);
#76=B_SPLINE_CURVE_WITH_KNOTS('',3,(#5580,#5581,#5582,#5583,#5584),
 .UNSPECIFIED.,.F.,.F.,(4,1,4),(0.,0.0482749572613092,0.0902837970261888),
 .UNSPECIFIED.);
#77=B_SPLINE_CURVE_WITH_KNOTS('',3,(#5587,#5588,#5589,#5590,#5591),
 .UNSPECIFIED.,.F.,.F.,(4,1,4),(0.,0.0482749572613092,0.0902837970261888),
 .UNSPECIFIED.);
#78=B_SPLINE_CURVE_WITH_KNOTS('',3,(#5602,#5603,#5604,#5605,#5606),
 .UNSPECIFIED.,.F.,.F.,(4,1,4),(0.,0.0419762300053282,0.0906791980209241),
 .UNSPECIFIED.);
#79=B_SPLINE_CURVE_WITH_KNOTS('',3,(#5607,#5608,#5609,#5610,#5611),
 .UNSPECIFIED.,.F.,.F.,(4,1,4),(0.,0.0419762300053282,0.0906791980209241),
 .UNSPECIFIED.);
#80=B_SPLINE_CURVE_WITH_KNOTS('',3,(#5625,#5626,#5627,#5628,#5629),
 .UNSPECIFIED.,.F.,.F.,(4,1,4),(0.,0.0862463821897227,0.155781584747085),
 .UNSPECIFIED.);
#81=B_SPLINE_CURVE_WITH_KNOTS('',3,(#5643,#5644,#5645,#5646,#5647),
 .UNSPECIFIED.,.F.,.F.,(4,1,4),(0.,0.0704649235666585,0.159516921067056),
 .UNSPECIFIED.);
#82=B_SPLINE_CURVE_WITH_KNOTS('',3,(#5660,#5661,#5662,#5663,#5664),
 .UNSPECIFIED.,.F.,.F.,(4,1,4),(0.,0.0784676053155853,0.143448578756467),
 .UNSPECIFIED.);
#83=B_SPLINE_CURVE_WITH_KNOTS('',3,(#5677,#5678,#5679,#5680,#5681),
 .UNSPECIFIED.,.F.,.F.,(4,1,4),(0.,0.0651015993961353,0.144013131520716),
 .UNSPECIFIED.);
#84=B_SPLINE_CURVE_WITH_KNOTS('',3,(#5694,#5695,#5696,#5697,#5698),
 .UNSPECIFIED.,.F.,.F.,(4,1,4),(0.,0.0890519975003973,0.159516921067056),
 .UNSPECIFIED.);
#85=B_SPLINE_CURVE_WITH_KNOTS('',3,(#5711,#5712,#5713,#5714,#5715),
 .UNSPECIFIED.,.F.,.F.,(4,1,4),(0.,0.0695352025573627,0.155781584747085),
 .UNSPECIFIED.);
#86=B_SPLINE_CURVE_WITH_KNOTS('',3,(#5728,#5729,#5730,#5731,#5732),
 .UNSPECIFIED.,.F.,.F.,(4,1,4),(0.,0.0777772883830985,0.142794070778371),
 .UNSPECIFIED.);
#87=B_SPLINE_CURVE_WITH_KNOTS('',3,(#5743,#5744,#5745,#5746,#5747),
 .UNSPECIFIED.,.F.,.F.,(4,1,4),(0.,0.0648955399940268,0.142228828501242),
 .UNSPECIFIED.);
#88=B_SPLINE_CURVE_WITH_KNOTS('',3,(#5775,#5776,#5777,#5778,#5779),
 .UNSPECIFIED.,.F.,.F.,(4,1,4),(0.,0.0233784898373868,0.0561188123664394),
 .UNSPECIFIED.);
#89=B_SPLINE_CURVE_WITH_KNOTS('',3,(#5782,#5783,#5784,#5785,#5786),
 .UNSPECIFIED.,.F.,.F.,(4,1,4),(0.,0.0233784898373868,0.0561188123664394),
 .UNSPECIFIED.);
#90=B_SPLINE_CURVE_WITH_KNOTS('',3,(#5798,#5799,#5800,#5801,#5802),
 .UNSPECIFIED.,.F.,.F.,(4,1,4),(0.,0.0271848849035959,0.0487302354479664),
 .UNSPECIFIED.);
#91=B_SPLINE_CURVE_WITH_KNOTS('',3,(#5805,#5806,#5807,#5808,#5809),
 .UNSPECIFIED.,.F.,.F.,(4,1,4),(0.,0.0271848849035959,0.0487302354479664),
 .UNSPECIFIED.);
#92=B_SPLINE_CURVE_WITH_KNOTS('',3,(#5821,#5822,#5823,#5824,#5825),
 .UNSPECIFIED.,.F.,.F.,(4,1,4),(0.,0.0480168785158039,0.0929988635715924),
 .UNSPECIFIED.);
#93=B_SPLINE_CURVE_WITH_KNOTS('',3,(#5828,#5829,#5830,#5831,#5832),
 .UNSPECIFIED.,.F.,.F.,(4,1,4),(0.,0.0480168785158039,0.0929988635715924),
 .UNSPECIFIED.);
#94=B_SPLINE_CURVE_WITH_KNOTS('',3,(#5862,#5863,#5864,#5865,#5866),
 .UNSPECIFIED.,.F.,.F.,(4,1,4),(0.,0.0250254329417513,0.0599365389348825),
 .UNSPECIFIED.);
#95=B_SPLINE_CURVE_WITH_KNOTS('',3,(#5869,#5870,#5871,#5872,#5873),
 .UNSPECIFIED.,.F.,.F.,(4,1,4),(0.,0.0250254329417513,0.0599365389348825),
 .UNSPECIFIED.);
#96=B_SPLINE_CURVE_WITH_KNOTS('',3,(#5885,#5886,#5887,#5888,#5889),
 .UNSPECIFIED.,.F.,.F.,(4,1,4),(0.,0.0268684700669236,0.0490843170355953),
 .UNSPECIFIED.);
#97=B_SPLINE_CURVE_WITH_KNOTS('',3,(#5892,#5893,#5894,#5895,#5896),
 .UNSPECIFIED.,.F.,.F.,(4,1,4),(0.,0.0268684700669236,0.0490843170355953),
 .UNSPECIFIED.);
#98=B_SPLINE_CURVE_WITH_KNOTS('',3,(#5908,#5909,#5910,#5911,#5912),
 .UNSPECIFIED.,.F.,.F.,(4,1,4),(0.,0.0235003596110749,0.054506252360717),
 .UNSPECIFIED.);
#99=B_SPLINE_CURVE_WITH_KNOTS('',3,(#5915,#5916,#5917,#5918,#5919),
 .UNSPECIFIED.,.F.,.F.,(4,1,4),(0.,0.0235003596110749,0.054506252360717),
 .UNSPECIFIED.);
#100=B_SPLINE_CURVE_WITH_KNOTS('',3,(#5931,#5932,#5933,#5934,#5935),
 .UNSPECIFIED.,.F.,.F.,(4,1,4),(0.,0.0307544982800404,0.0543799750362552),
 .UNSPECIFIED.);
#101=B_SPLINE_CURVE_WITH_KNOTS('',3,(#5938,#5939,#5940,#5941,#5942),
 .UNSPECIFIED.,.F.,.F.,(4,1,4),(0.,0.0307544982800404,0.0543799750362552),
 .UNSPECIFIED.);
#102=B_SPLINE_CURVE_WITH_KNOTS('',3,(#5964,#5965,#5966,#5967,#5968),
 .UNSPECIFIED.,.F.,.F.,(4,1,4),(0.,0.042877575635512,0.0950211934566679),
 .UNSPECIFIED.);
#103=B_SPLINE_CURVE_WITH_KNOTS('',3,(#5981,#5982,#5983,#5984,#5985),
 .UNSPECIFIED.,.F.,.F.,(4,1,4),(0.,0.0494090882892986,0.09103473462521),
 .UNSPECIFIED.);
#104=B_SPLINE_CURVE_WITH_KNOTS('',3,(#5998,#5999,#6000,#6001,#6002),
 .UNSPECIFIED.,.F.,.F.,(4,1,4),(0.,0.0275406671429849,0.0608536470250544),
 .UNSPECIFIED.);
#105=B_SPLINE_CURVE_WITH_KNOTS('',3,(#6015,#6016,#6017,#6018,#6019),
 .UNSPECIFIED.,.F.,.F.,(4,1,4),(0.,0.0284424919577129,0.0545608344534246),
 .UNSPECIFIED.);
#106=B_SPLINE_CURVE_WITH_KNOTS('',3,(#6032,#6033,#6034,#6035,#6036),
 .UNSPECIFIED.,.F.,.F.,(4,1,4),(0.,0.0238384442008925,0.0475880091028799),
 .UNSPECIFIED.);
#107=B_SPLINE_CURVE_WITH_KNOTS('',3,(#6049,#6050,#6051,#6052,#6053),
 .UNSPECIFIED.,.F.,.F.,(4,1,4),(0.,0.0284417300060913,0.0538039394282411),
 .UNSPECIFIED.);
#108=B_SPLINE_CURVE_WITH_KNOTS('',3,(#6066,#6067,#6068,#6069,#6070),
 .UNSPECIFIED.,.F.,.F.,(4,1,4),(0.,0.0387549671604882,0.0833408794667694),
 .UNSPECIFIED.);
#109=B_SPLINE_CURVE_WITH_KNOTS('',3,(#6083,#6084,#6085,#6086,#6087),
 .UNSPECIFIED.,.F.,.F.,(4,1,4),(0.,0.04979938771887,0.0903402695388705),
 .UNSPECIFIED.);
#110=FACE_BOUND('',#477,.T.);
#111=FACE_BOUND('',#507,.T.);
#112=FACE_BOUND('',#532,.T.);
#113=FACE_BOUND('',#533,.T.);
#114=FACE_BOUND('',#534,.T.);
#115=FACE_BOUND('',#535,.T.);
#116=FACE_BOUND('',#536,.T.);
#117=FACE_BOUND('',#537,.T.);
#118=FACE_BOUND('',#538,.T.);
#119=FACE_BOUND('',#539,.T.);
#120=FACE_BOUND('',#540,.T.);
#121=FACE_BOUND('',#541,.T.);
#122=FACE_BOUND('',#566,.T.);
#123=FACE_BOUND('',#584,.T.);
#124=FACE_BOUND('',#610,.T.);
#125=FACE_BOUND('',#611,.T.);
#126=FACE_BOUND('',#618,.T.);
#127=FACE_BOUND('',#619,.T.);
#128=FACE_BOUND('',#638,.T.);
#129=PLANE('',#3671);
#130=PLANE('',#3686);
#131=PLANE('',#3687);
#132=PLANE('',#3688);
#133=PLANE('',#3689);
#134=PLANE('',#3690);
#135=PLANE('',#3691);
#136=PLANE('',#3692);
#137=PLANE('',#3693);
#138=PLANE('',#3694);
#139=PLANE('',#3695);
#140=PLANE('',#3696);
#141=PLANE('',#3697);
#142=PLANE('',#3698);
#143=PLANE('',#3699);
#144=PLANE('',#3700);
#145=PLANE('',#3701);
#146=PLANE('',#3702);
#147=PLANE('',#3703);
#148=PLANE('',#3704);
#149=PLANE('',#3705);
#150=PLANE('',#3706);
#151=PLANE('',#3707);
#152=PLANE('',#3708);
#153=PLANE('',#3709);
#154=PLANE('',#3710);
#155=PLANE('',#3711);
#156=PLANE('',#3712);
#157=PLANE('',#3713);
#158=PLANE('',#3714);
#159=PLANE('',#3715);
#160=PLANE('',#3716);
#161=PLANE('',#3717);
#162=PLANE('',#3718);
#163=PLANE('',#3719);
#164=PLANE('',#3720);
#165=PLANE('',#3721);
#166=PLANE('',#3722);
#167=PLANE('',#3723);
#168=PLANE('',#3724);
#169=PLANE('',#3725);
#170=PLANE('',#3726);
#171=PLANE('',#3727);
#172=PLANE('',#3728);
#173=PLANE('',#3729);
#174=PLANE('',#3730);
#175=PLANE('',#3731);
#176=PLANE('',#3732);
#177=PLANE('',#3733);
#178=PLANE('',#3734);
#179=PLANE('',#3735);
#180=PLANE('',#3736);
#181=PLANE('',#3737);
#182=PLANE('',#3738);
#183=PLANE('',#3758);
#184=PLANE('',#3759);
#185=PLANE('',#3760);
#186=PLANE('',#3761);
#187=PLANE('',#3762);
#188=PLANE('',#3763);
#189=PLANE('',#3764);
#190=PLANE('',#3765);
#191=PLANE('',#3766);
#192=PLANE('',#3767);
#193=PLANE('',#3768);
#194=PLANE('',#3769);
#195=PLANE('',#3770);
#196=PLANE('',#3771);
#197=PLANE('',#3772);
#198=PLANE('',#3773);
#199=PLANE('',#3774);
#200=PLANE('',#3775);
#201=PLANE('',#3776);
#202=PLANE('',#3777);
#203=PLANE('',#3778);
#204=PLANE('',#3779);
#205=PLANE('',#3780);
#206=PLANE('',#3781);
#207=PLANE('',#3782);
#208=PLANE('',#3783);
#209=PLANE('',#3784);
#210=PLANE('',#3785);
#211=PLANE('',#3786);
#212=PLANE('',#3787);
#213=PLANE('',#3788);
#214=PLANE('',#3789);
#215=PLANE('',#3790);
#216=PLANE('',#3791);
#217=PLANE('',#3792);
#218=PLANE('',#3793);
#219=PLANE('',#3794);
#220=PLANE('',#3795);
#221=PLANE('',#3796);
#222=PLANE('',#3800);
#223=PLANE('',#3812);
#224=PLANE('',#3816);
#225=PLANE('',#3819);
#226=PLANE('',#3824);
#227=PLANE('',#3828);
#228=PLANE('',#3832);
#229=PLANE('',#3835);
#230=PLANE('',#3837);
#231=PLANE('',#3839);
#232=PLANE('',#3843);
#233=PLANE('',#3846);
#234=PLANE('',#3848);
#235=PLANE('',#3850);
#236=PLANE('',#3852);
#237=PLANE('',#3853);
#238=PLANE('',#3858);
#239=PLANE('',#3869);
#240=PLANE('',#3872);
#241=PLANE('',#3875);
#242=PLANE('',#3886);
#243=PLANE('',#3889);
#244=PLANE('',#3890);
#245=PLANE('',#3896);
#246=PLANE('',#3898);
#247=PLANE('',#3902);
#248=PLANE('',#3904);
#249=PLANE('',#3908);
#250=CYLINDRICAL_SURFACE('',#3669,22.725);
#251=CYLINDRICAL_SURFACE('',#3806,2.75);
#252=CYLINDRICAL_SURFACE('',#3810,2.75);
#253=CYLINDRICAL_SURFACE('',#3833,40.);
#254=CYLINDRICAL_SURFACE('',#3836,5.);
#255=CYLINDRICAL_SURFACE('',#3840,5.);
#256=CYLINDRICAL_SURFACE('',#3841,8.);
#257=CYLINDRICAL_SURFACE('',#3844,8.);
#258=CYLINDRICAL_SURFACE('',#3891,3.);
#259=CYLINDRICAL_SURFACE('',#3892,10.);
#260=CYLINDRICAL_SURFACE('',#3893,32.5);
#261=CYLINDRICAL_SURFACE('',#3894,10.);
#262=CYLINDRICAL_SURFACE('',#3895,3.);
#263=CYLINDRICAL_SURFACE('',#3897,1.);
#264=CYLINDRICAL_SURFACE('',#3899,1.);
#265=CYLINDRICAL_SURFACE('',#3901,1.);
#266=CYLINDRICAL_SURFACE('',#3903,1.);
#267=CYLINDRICAL_SURFACE('',#3905,10.);
#268=CYLINDRICAL_SURFACE('',#3906,32.5);
#269=CYLINDRICAL_SURFACE('',#3907,10.);
#270=CYLINDRICAL_SURFACE('',#3909,3.);
#271=CYLINDRICAL_SURFACE('',#3910,3.);
#272=FACE_OUTER_BOUND('',#474,.T.);
#273=FACE_OUTER_BOUND('',#475,.T.);
#274=FACE_OUTER_BOUND('',#476,.T.);
#275=FACE_OUTER_BOUND('',#478,.T.);
#276=FACE_OUTER_BOUND('',#479,.T.);
#277=FACE_OUTER_BOUND('',#480,.T.);
#278=FACE_OUTER_BOUND('',#481,.T.);
#279=FACE_OUTER_BOUND('',#482,.T.);
#280=FACE_OUTER_BOUND('',#483,.T.);
#281=FACE_OUTER_BOUND('',#484,.T.);
#282=FACE_OUTER_BOUND('',#485,.T.);
#283=FACE_OUTER_BOUND('',#486,.T.);
#284=FACE_OUTER_BOUND('',#487,.T.);
#285=FACE_OUTER_BOUND('',#488,.T.);
#286=FACE_OUTER_BOUND('',#489,.T.);
#287=FACE_OUTER_BOUND('',#490,.T.);
#288=FACE_OUTER_BOUND('',#491,.T.);
#289=FACE_OUTER_BOUND('',#492,.T.);
#290=FACE_OUTER_BOUND('',#493,.T.);
#291=FACE_OUTER_BOUND('',#494,.T.);
#292=FACE_OUTER_BOUND('',#495,.T.);
#293=FACE_OUTER_BOUND('',#496,.T.);
#294=FACE_OUTER_BOUND('',#497,.T.);
#295=FACE_OUTER_BOUND('',#498,.T.);
#296=FACE_OUTER_BOUND('',#499,.T.);
#297=FACE_OUTER_BOUND('',#500,.T.);
#298=FACE_OUTER_BOUND('',#501,.T.);
#299=FACE_OUTER_BOUND('',#502,.T.);
#300=FACE_OUTER_BOUND('',#503,.T.);
#301=FACE_OUTER_BOUND('',#504,.T.);
#302=FACE_OUTER_BOUND('',#505,.T.);
#303=FACE_OUTER_BOUND('',#506,.T.);
#304=FACE_OUTER_BOUND('',#508,.T.);
#305=FACE_OUTER_BOUND('',#509,.T.);
#306=FACE_OUTER_BOUND('',#510,.T.);
#307=FACE_OUTER_BOUND('',#511,.T.);
#308=FACE_OUTER_BOUND('',#512,.T.);
#309=FACE_OUTER_BOUND('',#513,.T.);
#310=FACE_OUTER_BOUND('',#514,.T.);
#311=FACE_OUTER_BOUND('',#515,.T.);
#312=FACE_OUTER_BOUND('',#516,.T.);
#313=FACE_OUTER_BOUND('',#517,.T.);
#314=FACE_OUTER_BOUND('',#518,.T.);
#315=FACE_OUTER_BOUND('',#519,.T.);
#316=FACE_OUTER_BOUND('',#520,.T.);
#317=FACE_OUTER_BOUND('',#521,.T.);
#318=FACE_OUTER_BOUND('',#522,.T.);
#319=FACE_OUTER_BOUND('',#523,.T.);
#320=FACE_OUTER_BOUND('',#524,.T.);
#321=FACE_OUTER_BOUND('',#525,.T.);
#322=FACE_OUTER_BOUND('',#526,.T.);
#323=FACE_OUTER_BOUND('',#527,.T.);
#324=FACE_OUTER_BOUND('',#528,.T.);
#325=FACE_OUTER_BOUND('',#529,.T.);
#326=FACE_OUTER_BOUND('',#530,.T.);
#327=FACE_OUTER_BOUND('',#531,.T.);
#328=FACE_OUTER_BOUND('',#542,.T.);
#329=FACE_OUTER_BOUND('',#543,.T.);
#330=FACE_OUTER_BOUND('',#544,.T.);
#331=FACE_OUTER_BOUND('',#545,.T.);
#332=FACE_OUTER_BOUND('',#546,.T.);
#333=FACE_OUTER_BOUND('',#547,.T.);
#334=FACE_OUTER_BOUND('',#548,.T.);
#335=FACE_OUTER_BOUND('',#549,.T.);
#336=FACE_OUTER_BOUND('',#550,.T.);
#337=FACE_OUTER_BOUND('',#551,.T.);
#338=FACE_OUTER_BOUND('',#552,.T.);
#339=FACE_OUTER_BOUND('',#553,.T.);
#340=FACE_OUTER_BOUND('',#554,.T.);
#341=FACE_OUTER_BOUND('',#555,.T.);
#342=FACE_OUTER_BOUND('',#556,.T.);
#343=FACE_OUTER_BOUND('',#557,.T.);
#344=FACE_OUTER_BOUND('',#558,.T.);
#345=FACE_OUTER_BOUND('',#559,.T.);
#346=FACE_OUTER_BOUND('',#560,.T.);
#347=FACE_OUTER_BOUND('',#561,.T.);
#348=FACE_OUTER_BOUND('',#562,.T.);
#349=FACE_OUTER_BOUND('',#563,.T.);
#350=FACE_OUTER_BOUND('',#564,.T.);
#351=FACE_OUTER_BOUND('',#565,.T.);
#352=FACE_OUTER_BOUND('',#567,.T.);
#353=FACE_OUTER_BOUND('',#568,.T.);
#354=FACE_OUTER_BOUND('',#569,.T.);
#355=FACE_OUTER_BOUND('',#570,.T.);
#356=FACE_OUTER_BOUND('',#571,.T.);
#357=FACE_OUTER_BOUND('',#572,.T.);
#358=FACE_OUTER_BOUND('',#573,.T.);
#359=FACE_OUTER_BOUND('',#574,.T.);
#360=FACE_OUTER_BOUND('',#575,.T.);
#361=FACE_OUTER_BOUND('',#576,.T.);
#362=FACE_OUTER_BOUND('',#577,.T.);
#363=FACE_OUTER_BOUND('',#578,.T.);
#364=FACE_OUTER_BOUND('',#579,.T.);
#365=FACE_OUTER_BOUND('',#580,.T.);
#366=FACE_OUTER_BOUND('',#581,.T.);
#367=FACE_OUTER_BOUND('',#582,.T.);
#368=FACE_OUTER_BOUND('',#583,.T.);
#369=FACE_OUTER_BOUND('',#585,.T.);
#370=FACE_OUTER_BOUND('',#586,.T.);
#371=FACE_OUTER_BOUND('',#587,.T.);
#372=FACE_OUTER_BOUND('',#588,.T.);
#373=FACE_OUTER_BOUND('',#589,.T.);
#374=FACE_OUTER_BOUND('',#590,.T.);
#375=FACE_OUTER_BOUND('',#591,.T.);
#376=FACE_OUTER_BOUND('',#592,.T.);
#377=FACE_OUTER_BOUND('',#593,.T.);
#378=FACE_OUTER_BOUND('',#594,.T.);
#379=FACE_OUTER_BOUND('',#595,.T.);
#380=FACE_OUTER_BOUND('',#596,.T.);
#381=FACE_OUTER_BOUND('',#597,.T.);
#382=FACE_OUTER_BOUND('',#598,.T.);
#383=FACE_OUTER_BOUND('',#599,.T.);
#384=FACE_OUTER_BOUND('',#600,.T.);
#385=FACE_OUTER_BOUND('',#601,.T.);
#386=FACE_OUTER_BOUND('',#602,.T.);
#387=FACE_OUTER_BOUND('',#603,.T.);
#388=FACE_OUTER_BOUND('',#604,.T.);
#389=FACE_OUTER_BOUND('',#605,.T.);
#390=FACE_OUTER_BOUND('',#606,.T.);
#391=FACE_OUTER_BOUND('',#607,.T.);
#392=FACE_OUTER_BOUND('',#608,.T.);
#393=FACE_OUTER_BOUND('',#609,.T.);
#394=FACE_OUTER_BOUND('',#612,.T.);
#395=FACE_OUTER_BOUND('',#613,.T.);
#396=FACE_OUTER_BOUND('',#614,.T.);
#397=FACE_OUTER_BOUND('',#615,.T.);
#398=FACE_OUTER_BOUND('',#616,.T.);
#399=FACE_OUTER_BOUND('',#617,.T.);
#400=FACE_OUTER_BOUND('',#620,.T.);
#401=FACE_OUTER_BOUND('',#621,.T.);
#402=FACE_OUTER_BOUND('',#622,.T.);
#403=FACE_OUTER_BOUND('',#623,.T.);
#404=FACE_OUTER_BOUND('',#624,.T.);
#405=FACE_OUTER_BOUND('',#625,.T.);
#406=FACE_OUTER_BOUND('',#626,.T.);
#407=FACE_OUTER_BOUND('',#627,.T.);
#408=FACE_OUTER_BOUND('',#628,.T.);
#409=FACE_OUTER_BOUND('',#629,.T.);
#410=FACE_OUTER_BOUND('',#630,.T.);
#411=FACE_OUTER_BOUND('',#631,.T.);
#412=FACE_OUTER_BOUND('',#632,.T.);
#413=FACE_OUTER_BOUND('',#633,.T.);
#414=FACE_OUTER_BOUND('',#634,.T.);
#415=FACE_OUTER_BOUND('',#635,.T.);
#416=FACE_OUTER_BOUND('',#636,.T.);
#417=FACE_OUTER_BOUND('',#637,.T.);
#418=FACE_OUTER_BOUND('',#639,.T.);
#419=FACE_OUTER_BOUND('',#640,.T.);
#420=FACE_OUTER_BOUND('',#641,.T.);
#421=FACE_OUTER_BOUND('',#642,.T.);
#422=FACE_OUTER_BOUND('',#643,.T.);
#423=FACE_OUTER_BOUND('',#644,.T.);
#424=FACE_OUTER_BOUND('',#645,.T.);
#425=FACE_OUTER_BOUND('',#646,.T.);
#426=FACE_OUTER_BOUND('',#647,.T.);
#427=FACE_OUTER_BOUND('',#648,.T.);
#428=FACE_OUTER_BOUND('',#649,.T.);
#429=FACE_OUTER_BOUND('',#650,.T.);
#430=FACE_OUTER_BOUND('',#651,.T.);
#431=FACE_OUTER_BOUND('',#652,.T.);
#432=FACE_OUTER_BOUND('',#653,.T.);
#433=FACE_OUTER_BOUND('',#654,.T.);
#434=FACE_OUTER_BOUND('',#655,.T.);
#435=FACE_OUTER_BOUND('',#656,.T.);
#436=FACE_OUTER_BOUND('',#657,.T.);
#437=FACE_OUTER_BOUND('',#658,.T.);
#438=FACE_OUTER_BOUND('',#659,.T.);
#439=FACE_OUTER_BOUND('',#660,.T.);
#440=FACE_OUTER_BOUND('',#661,.T.);
#441=FACE_OUTER_BOUND('',#662,.T.);
#442=FACE_OUTER_BOUND('',#663,.T.);
#443=FACE_OUTER_BOUND('',#664,.T.);
#444=FACE_OUTER_BOUND('',#665,.T.);
#445=FACE_OUTER_BOUND('',#666,.T.);
#446=FACE_OUTER_BOUND('',#667,.T.);
#447=FACE_OUTER_BOUND('',#668,.T.);
#448=FACE_OUTER_BOUND('',#669,.T.);
#449=FACE_OUTER_BOUND('',#670,.T.);
#450=FACE_OUTER_BOUND('',#671,.T.);
#451=FACE_OUTER_BOUND('',#672,.T.);
#452=FACE_OUTER_BOUND('',#673,.T.);
#453=FACE_OUTER_BOUND('',#674,.T.);
#454=FACE_OUTER_BOUND('',#675,.T.);
#455=FACE_OUTER_BOUND('',#676,.T.);
#456=FACE_OUTER_BOUND('',#677,.T.);
#457=FACE_OUTER_BOUND('',#678,.T.);
#458=FACE_OUTER_BOUND('',#679,.T.);
#459=FACE_OUTER_BOUND('',#680,.T.);
#460=FACE_OUTER_BOUND('',#681,.T.);
#461=FACE_OUTER_BOUND('',#682,.T.);
#462=FACE_OUTER_BOUND('',#683,.T.);
#463=FACE_OUTER_BOUND('',#684,.T.);
#464=FACE_OUTER_BOUND('',#685,.T.);
#465=FACE_OUTER_BOUND('',#686,.T.);
#466=FACE_OUTER_BOUND('',#687,.T.);
#467=FACE_OUTER_BOUND('',#688,.T.);
#468=FACE_OUTER_BOUND('',#689,.T.);
#469=FACE_OUTER_BOUND('',#690,.T.);
#470=FACE_OUTER_BOUND('',#691,.T.);
#471=FACE_OUTER_BOUND('',#692,.T.);
#472=FACE_OUTER_BOUND('',#693,.T.);
#473=FACE_OUTER_BOUND('',#694,.T.);
#474=EDGE_LOOP('',(#2384,#2385,#2386,#2387));
#475=EDGE_LOOP('',(#2388,#2389,#2390,#2391));
#476=EDGE_LOOP('',(#2392,#2393,#2394,#2395,#2396,#2397,#2398,#2399,#2400,
#2401,#2402,#2403,#2404,#2405,#2406,#2407,#2408,#2409,#2410,#2411));
#477=EDGE_LOOP('',(#2412));
#478=EDGE_LOOP('',(#2413,#2414,#2415,#2416));
#479=EDGE_LOOP('',(#2417,#2418,#2419,#2420));
#480=EDGE_LOOP('',(#2421,#2422,#2423,#2424));
#481=EDGE_LOOP('',(#2425,#2426,#2427,#2428));
#482=EDGE_LOOP('',(#2429,#2430,#2431,#2432));
#483=EDGE_LOOP('',(#2433,#2434,#2435,#2436));
#484=EDGE_LOOP('',(#2437,#2438,#2439,#2440));
#485=EDGE_LOOP('',(#2441,#2442,#2443,#2444));
#486=EDGE_LOOP('',(#2445,#2446,#2447,#2448));
#487=EDGE_LOOP('',(#2449,#2450,#2451,#2452));
#488=EDGE_LOOP('',(#2453,#2454,#2455,#2456));
#489=EDGE_LOOP('',(#2457,#2458,#2459,#2460));
#490=EDGE_LOOP('',(#2461,#2462,#2463,#2464));
#491=EDGE_LOOP('',(#2465,#2466,#2467,#2468));
#492=EDGE_LOOP('',(#2469,#2470,#2471,#2472));
#493=EDGE_LOOP('',(#2473,#2474,#2475,#2476));
#494=EDGE_LOOP('',(#2477,#2478,#2479,#2480));
#495=EDGE_LOOP('',(#2481,#2482,#2483,#2484));
#496=EDGE_LOOP('',(#2485,#2486,#2487,#2488));
#497=EDGE_LOOP('',(#2489,#2490,#2491,#2492));
#498=EDGE_LOOP('',(#2493,#2494,#2495,#2496));
#499=EDGE_LOOP('',(#2497,#2498,#2499,#2500));
#500=EDGE_LOOP('',(#2501,#2502,#2503,#2504));
#501=EDGE_LOOP('',(#2505,#2506,#2507,#2508));
#502=EDGE_LOOP('',(#2509,#2510,#2511,#2512));
#503=EDGE_LOOP('',(#2513,#2514,#2515,#2516));
#504=EDGE_LOOP('',(#2517,#2518,#2519,#2520));
#505=EDGE_LOOP('',(#2521,#2522,#2523,#2524));
#506=EDGE_LOOP('',(#2525,#2526,#2527,#2528,#2529,#2530,#2531,#2532,#2533,
#2534,#2535,#2536,#2537,#2538,#2539,#2540,#2541,#2542,#2543,#2544,#2545,
#2546,#2547,#2548,#2549));
#507=EDGE_LOOP('',(#2550,#2551,#2552));
#508=EDGE_LOOP('',(#2553,#2554,#2555,#2556));
#509=EDGE_LOOP('',(#2557,#2558,#2559,#2560));
#510=EDGE_LOOP('',(#2561,#2562,#2563,#2564));
#511=EDGE_LOOP('',(#2565,#2566,#2567,#2568));
#512=EDGE_LOOP('',(#2569,#2570,#2571,#2572));
#513=EDGE_LOOP('',(#2573,#2574,#2575,#2576));
#514=EDGE_LOOP('',(#2577,#2578,#2579,#2580));
#515=EDGE_LOOP('',(#2581,#2582,#2583,#2584));
#516=EDGE_LOOP('',(#2585,#2586,#2587,#2588));
#517=EDGE_LOOP('',(#2589,#2590,#2591,#2592));
#518=EDGE_LOOP('',(#2593,#2594,#2595,#2596));
#519=EDGE_LOOP('',(#2597,#2598,#2599,#2600));
#520=EDGE_LOOP('',(#2601,#2602,#2603,#2604));
#521=EDGE_LOOP('',(#2605,#2606,#2607,#2608));
#522=EDGE_LOOP('',(#2609,#2610,#2611,#2612));
#523=EDGE_LOOP('',(#2613,#2614,#2615,#2616));
#524=EDGE_LOOP('',(#2617,#2618,#2619,#2620));
#525=EDGE_LOOP('',(#2621,#2622,#2623,#2624));
#526=EDGE_LOOP('',(#2625,#2626,#2627,#2628));
#527=EDGE_LOOP('',(#2629,#2630,#2631,#2632));
#528=EDGE_LOOP('',(#2633,#2634,#2635,#2636));
#529=EDGE_LOOP('',(#2637,#2638,#2639,#2640));
#530=EDGE_LOOP('',(#2641,#2642,#2643,#2644,#2645,#2646,#2647,#2648,#2649,
#2650,#2651,#2652,#2653,#2654,#2655,#2656,#2657));
#531=EDGE_LOOP('',(#2658,#2659,#2660,#2661,#2662,#2663));
#532=EDGE_LOOP('',(#2664));
#533=EDGE_LOOP('',(#2665));
#534=EDGE_LOOP('',(#2666,#2667,#2668,#2669,#2670,#2671,#2672,#2673,#2674,
#2675,#2676,#2677,#2678,#2679,#2680,#2681,#2682,#2683,#2684,#2685));
#535=EDGE_LOOP('',(#2686,#2687,#2688,#2689,#2690,#2691,#2692,#2693,#2694,
#2695,#2696));
#536=EDGE_LOOP('',(#2697,#2698,#2699,#2700,#2701,#2702,#2703,#2704));
#537=EDGE_LOOP('',(#2705,#2706,#2707,#2708,#2709,#2710,#2711,#2712,#2713,
#2714,#2715));
#538=EDGE_LOOP('',(#2716,#2717,#2718,#2719,#2720,#2721,#2722,#2723));
#539=EDGE_LOOP('',(#2724,#2725,#2726,#2727,#2728,#2729,#2730,#2731,#2732,
#2733,#2734,#2735,#2736,#2737,#2738,#2739,#2740));
#540=EDGE_LOOP('',(#2741,#2742,#2743,#2744));
#541=EDGE_LOOP('',(#2745,#2746,#2747,#2748,#2749,#2750,#2751,#2752,#2753,
#2754,#2755,#2756,#2757,#2758,#2759,#2760,#2761,#2762,#2763,#2764,#2765,
#2766,#2767,#2768,#2769));
#542=EDGE_LOOP('',(#2770,#2771,#2772,#2773));
#543=EDGE_LOOP('',(#2774,#2775,#2776,#2777));
#544=EDGE_LOOP('',(#2778,#2779,#2780,#2781));
#545=EDGE_LOOP('',(#2782,#2783,#2784,#2785));
#546=EDGE_LOOP('',(#2786,#2787,#2788,#2789));
#547=EDGE_LOOP('',(#2790,#2791,#2792,#2793));
#548=EDGE_LOOP('',(#2794,#2795,#2796,#2797));
#549=EDGE_LOOP('',(#2798,#2799,#2800,#2801));
#550=EDGE_LOOP('',(#2802,#2803,#2804,#2805,#2806,#2807,#2808,#2809));
#551=EDGE_LOOP('',(#2810,#2811,#2812,#2813));
#552=EDGE_LOOP('',(#2814,#2815,#2816,#2817));
#553=EDGE_LOOP('',(#2818,#2819,#2820,#2821));
#554=EDGE_LOOP('',(#2822,#2823,#2824,#2825));
#555=EDGE_LOOP('',(#2826,#2827,#2828,#2829));
#556=EDGE_LOOP('',(#2830,#2831,#2832,#2833));
#557=EDGE_LOOP('',(#2834,#2835,#2836,#2837));
#558=EDGE_LOOP('',(#2838,#2839,#2840,#2841));
#559=EDGE_LOOP('',(#2842,#2843,#2844,#2845));
#560=EDGE_LOOP('',(#2846,#2847,#2848,#2849));
#561=EDGE_LOOP('',(#2850,#2851,#2852,#2853));
#562=EDGE_LOOP('',(#2854,#2855,#2856,#2857));
#563=EDGE_LOOP('',(#2858,#2859,#2860,#2861));
#564=EDGE_LOOP('',(#2862,#2863,#2864,#2865));
#565=EDGE_LOOP('',(#2866,#2867,#2868,#2869,#2870,#2871,#2872,#2873,#2874,
#2875,#2876));
#566=EDGE_LOOP('',(#2877,#2878,#2879));
#567=EDGE_LOOP('',(#2880,#2881,#2882,#2883));
#568=EDGE_LOOP('',(#2884,#2885,#2886,#2887));
#569=EDGE_LOOP('',(#2888,#2889,#2890,#2891));
#570=EDGE_LOOP('',(#2892,#2893,#2894,#2895));
#571=EDGE_LOOP('',(#2896,#2897,#2898,#2899));
#572=EDGE_LOOP('',(#2900,#2901,#2902,#2903));
#573=EDGE_LOOP('',(#2904,#2905,#2906,#2907));
#574=EDGE_LOOP('',(#2908,#2909,#2910,#2911));
#575=EDGE_LOOP('',(#2912,#2913,#2914,#2915));
#576=EDGE_LOOP('',(#2916,#2917,#2918,#2919));
#577=EDGE_LOOP('',(#2920,#2921,#2922,#2923));
#578=EDGE_LOOP('',(#2924,#2925,#2926,#2927));
#579=EDGE_LOOP('',(#2928,#2929,#2930,#2931));
#580=EDGE_LOOP('',(#2932,#2933,#2934,#2935));
#581=EDGE_LOOP('',(#2936,#2937,#2938,#2939));
#582=EDGE_LOOP('',(#2940,#2941,#2942,#2943));
#583=EDGE_LOOP('',(#2944,#2945,#2946,#2947,#2948,#2949,#2950,#2951));
#584=EDGE_LOOP('',(#2952,#2953,#2954,#2955,#2956,#2957,#2958,#2959));
#585=EDGE_LOOP('',(#2960,#2961,#2962,#2963));
#586=EDGE_LOOP('',(#2964,#2965,#2966,#2967));
#587=EDGE_LOOP('',(#2968,#2969,#2970,#2971));
#588=EDGE_LOOP('',(#2972,#2973,#2974,#2975));
#589=EDGE_LOOP('',(#2976,#2977,#2978,#2979));
#590=EDGE_LOOP('',(#2980,#2981,#2982,#2983));
#591=EDGE_LOOP('',(#2984,#2985,#2986,#2987));
#592=EDGE_LOOP('',(#2988,#2989,#2990,#2991));
#593=EDGE_LOOP('',(#2992,#2993,#2994,#2995));
#594=EDGE_LOOP('',(#2996,#2997,#2998,#2999));
#595=EDGE_LOOP('',(#3000,#3001,#3002,#3003));
#596=EDGE_LOOP('',(#3004,#3005,#3006,#3007));
#597=EDGE_LOOP('',(#3008,#3009,#3010,#3011));
#598=EDGE_LOOP('',(#3012,#3013,#3014,#3015));
#599=EDGE_LOOP('',(#3016,#3017,#3018,#3019));
#600=EDGE_LOOP('',(#3020,#3021,#3022,#3023));
#601=EDGE_LOOP('',(#3024,#3025,#3026,#3027));
#602=EDGE_LOOP('',(#3028,#3029,#3030,#3031));
#603=EDGE_LOOP('',(#3032,#3033,#3034,#3035));
#604=EDGE_LOOP('',(#3036,#3037,#3038,#3039));
#605=EDGE_LOOP('',(#3040,#3041,#3042,#3043));
#606=EDGE_LOOP('',(#3044,#3045,#3046,#3047));
#607=EDGE_LOOP('',(#3048,#3049,#3050,#3051));
#608=EDGE_LOOP('',(#3052,#3053,#3054,#3055));
#609=EDGE_LOOP('',(#3056,#3057,#3058,#3059,#3060,#3061,#3062,#3063,#3064,
#3065,#3066));
#610=EDGE_LOOP('',(#3067,#3068,#3069,#3070,#3071,#3072,#3073));
#611=EDGE_LOOP('',(#3074,#3075,#3076,#3077,#3078,#3079));
#612=EDGE_LOOP('',(#3080,#3081,#3082));
#613=EDGE_LOOP('',(#3083,#3084,#3085,#3086,#3087,#3088,#3089));
#614=EDGE_LOOP('',(#3090,#3091,#3092,#3093,#3094,#3095));
#615=EDGE_LOOP('',(#3096,#3097,#3098,#3099,#3100,#3101,#3102,#3103));
#616=EDGE_LOOP('',(#3104,#3105,#3106,#3107));
#617=EDGE_LOOP('',(#3108,#3109,#3110,#3111,#3112,#3113,#3114,#3115));
#618=EDGE_LOOP('',(#3116));
#619=EDGE_LOOP('',(#3117));
#620=EDGE_LOOP('',(#3118,#3119,#3120,#3121));
#621=EDGE_LOOP('',(#3122,#3123,#3124,#3125));
#622=EDGE_LOOP('',(#3126,#3127,#3128,#3129));
#623=EDGE_LOOP('',(#3130,#3131,#3132,#3133));
#624=EDGE_LOOP('',(#3134,#3135,#3136,#3137));
#625=EDGE_LOOP('',(#3138,#3139,#3140,#3141));
#626=EDGE_LOOP('',(#3142,#3143,#3144,#3145));
#627=EDGE_LOOP('',(#3146,#3147,#3148,#3149));
#628=EDGE_LOOP('',(#3150,#3151,#3152,#3153));
#629=EDGE_LOOP('',(#3154,#3155,#3156,#3157));
#630=EDGE_LOOP('',(#3158,#3159,#3160,#3161));
#631=EDGE_LOOP('',(#3162,#3163,#3164,#3165));
#632=EDGE_LOOP('',(#3166,#3167,#3168,#3169));
#633=EDGE_LOOP('',(#3170,#3171,#3172,#3173));
#634=EDGE_LOOP('',(#3174,#3175,#3176,#3177));
#635=EDGE_LOOP('',(#3178,#3179,#3180,#3181,#3182,#3183));
#636=EDGE_LOOP('',(#3184,#3185,#3186,#3187,#3188));
#637=EDGE_LOOP('',(#3189,#3190,#3191,#3192,#3193,#3194));
#638=EDGE_LOOP('',(#3195));
#639=EDGE_LOOP('',(#3196,#3197,#3198,#3199));
#640=EDGE_LOOP('',(#3200,#3201,#3202,#3203,#3204));
#641=EDGE_LOOP('',(#3205,#3206,#3207,#3208));
#642=EDGE_LOOP('',(#3209,#3210,#3211,#3212));
#643=EDGE_LOOP('',(#3213,#3214,#3215,#3216));
#644=EDGE_LOOP('',(#3217,#3218,#3219,#3220));
#645=EDGE_LOOP('',(#3221,#3222,#3223,#3224));
#646=EDGE_LOOP('',(#3225,#3226,#3227,#3228));
#647=EDGE_LOOP('',(#3229,#3230,#3231,#3232));
#648=EDGE_LOOP('',(#3233,#3234,#3235,#3236));
#649=EDGE_LOOP('',(#3237,#3238,#3239,#3240));
#650=EDGE_LOOP('',(#3241,#3242,#3243,#3244,#3245,#3246));
#651=EDGE_LOOP('',(#3247,#3248,#3249));
#652=EDGE_LOOP('',(#3250,#3251,#3252,#3253));
#653=EDGE_LOOP('',(#3254,#3255,#3256,#3257));
#654=EDGE_LOOP('',(#3258,#3259,#3260,#3261));
#655=EDGE_LOOP('',(#3262,#3263,#3264,#3265));
#656=EDGE_LOOP('',(#3266,#3267,#3268,#3269));
#657=EDGE_LOOP('',(#3270,#3271,#3272,#3273));
#658=EDGE_LOOP('',(#3274,#3275,#3276,#3277));
#659=EDGE_LOOP('',(#3278,#3279,#3280,#3281));
#660=EDGE_LOOP('',(#3282,#3283,#3284,#3285));
#661=EDGE_LOOP('',(#3286,#3287,#3288,#3289));
#662=EDGE_LOOP('',(#3290,#3291,#3292,#3293));
#663=EDGE_LOOP('',(#3294,#3295,#3296,#3297));
#664=EDGE_LOOP('',(#3298,#3299,#3300,#3301));
#665=EDGE_LOOP('',(#3302,#3303,#3304,#3305));
#666=EDGE_LOOP('',(#3306,#3307,#3308,#3309));
#667=EDGE_LOOP('',(#3310,#3311,#3312,#3313));
#668=EDGE_LOOP('',(#3314,#3315,#3316,#3317));
#669=EDGE_LOOP('',(#3318,#3319,#3320,#3321));
#670=EDGE_LOOP('',(#3322,#3323,#3324,#3325));
#671=EDGE_LOOP('',(#3326,#3327,#3328,#3329));
#672=EDGE_LOOP('',(#3330,#3331,#3332,#3333));
#673=EDGE_LOOP('',(#3334,#3335,#3336,#3337));
#674=EDGE_LOOP('',(#3338,#3339,#3340,#3341));
#675=EDGE_LOOP('',(#3342,#3343,#3344,#3345));
#676=EDGE_LOOP('',(#3346,#3347,#3348,#3349));
#677=EDGE_LOOP('',(#3350,#3351,#3352,#3353));
#678=EDGE_LOOP('',(#3354,#3355,#3356,#3357));
#679=EDGE_LOOP('',(#3358,#3359,#3360,#3361));
#680=EDGE_LOOP('',(#3362,#3363,#3364,#3365));
#681=EDGE_LOOP('',(#3366,#3367,#3368,#3369));
#682=EDGE_LOOP('',(#3370,#3371,#3372,#3373));
#683=EDGE_LOOP('',(#3374,#3375,#3376,#3377));
#684=EDGE_LOOP('',(#3378,#3379,#3380,#3381));
#685=EDGE_LOOP('',(#3382,#3383,#3384,#3385));
#686=EDGE_LOOP('',(#3386,#3387,#3388,#3389));
#687=EDGE_LOOP('',(#3390,#3391,#3392,#3393));
#688=EDGE_LOOP('',(#3394,#3395,#3396,#3397));
#689=EDGE_LOOP('',(#3398,#3399,#3400,#3401));
#690=EDGE_LOOP('',(#3402,#3403,#3404,#3405));
#691=EDGE_LOOP('',(#3406,#3407,#3408,#3409));
#692=EDGE_LOOP('',(#3410,#3411,#3412,#3413));
#693=EDGE_LOOP('',(#3414,#3415,#3416,#3417));
#694=EDGE_LOOP('',(#3418,#3419,#3420,#3421));
#695=LINE('',#4791,#1078);
#696=LINE('',#4795,#1079);
#697=LINE('',#4800,#1080);
#698=LINE('',#4812,#1081);
#699=LINE('',#4816,#1082);
#700=LINE('',#4820,#1083);
#701=LINE('',#4832,#1084);
#702=LINE('',#4836,#1085);
#703=LINE('',#4841,#1086);
#704=LINE('',#4843,#1087);
#705=LINE('',#4845,#1088);
#706=LINE('',#4846,#1089);
#707=LINE('',#4849,#1090);
#708=LINE('',#4851,#1091);
#709=LINE('',#4852,#1092);
#710=LINE('',#4854,#1093);
#711=LINE('',#4855,#1094);
#712=LINE('',#4859,#1095);
#713=LINE('',#4861,#1096);
#714=LINE('',#4863,#1097);
#715=LINE('',#4864,#1098);
#716=LINE('',#4867,#1099);
#717=LINE('',#4869,#1100);
#718=LINE('',#4870,#1101);
#719=LINE('',#4873,#1102);
#720=LINE('',#4875,#1103);
#721=LINE('',#4876,#1104);
#722=LINE('',#4879,#1105);
#723=LINE('',#4881,#1106);
#724=LINE('',#4882,#1107);
#725=LINE('',#4885,#1108);
#726=LINE('',#4887,#1109);
#727=LINE('',#4888,#1110);
#728=LINE('',#4891,#1111);
#729=LINE('',#4893,#1112);
#730=LINE('',#4894,#1113);
#731=LINE('',#4897,#1114);
#732=LINE('',#4899,#1115);
#733=LINE('',#4900,#1116);
#734=LINE('',#4903,#1117);
#735=LINE('',#4905,#1118);
#736=LINE('',#4906,#1119);
#737=LINE('',#4909,#1120);
#738=LINE('',#4911,#1121);
#739=LINE('',#4912,#1122);
#740=LINE('',#4915,#1123);
#741=LINE('',#4917,#1124);
#742=LINE('',#4918,#1125);
#743=LINE('',#4921,#1126);
#744=LINE('',#4923,#1127);
#745=LINE('',#4924,#1128);
#746=LINE('',#4927,#1129);
#747=LINE('',#4929,#1130);
#748=LINE('',#4930,#1131);
#749=LINE('',#4933,#1132);
#750=LINE('',#4935,#1133);
#751=LINE('',#4936,#1134);
#752=LINE('',#4939,#1135);
#753=LINE('',#4941,#1136);
#754=LINE('',#4942,#1137);
#755=LINE('',#4945,#1138);
#756=LINE('',#4947,#1139);
#757=LINE('',#4948,#1140);
#758=LINE('',#4951,#1141);
#759=LINE('',#4953,#1142);
#760=LINE('',#4954,#1143);
#761=LINE('',#4957,#1144);
#762=LINE('',#4959,#1145);
#763=LINE('',#4960,#1146);
#764=LINE('',#4963,#1147);
#765=LINE('',#4965,#1148);
#766=LINE('',#4966,#1149);
#767=LINE('',#4969,#1150);
#768=LINE('',#4971,#1151);
#769=LINE('',#4972,#1152);
#770=LINE('',#4975,#1153);
#771=LINE('',#4977,#1154);
#772=LINE('',#4978,#1155);
#773=LINE('',#4981,#1156);
#774=LINE('',#4983,#1157);
#775=LINE('',#4984,#1158);
#776=LINE('',#4987,#1159);
#777=LINE('',#4989,#1160);
#778=LINE('',#4990,#1161);
#779=LINE('',#4993,#1162);
#780=LINE('',#4995,#1163);
#781=LINE('',#4996,#1164);
#782=LINE('',#4999,#1165);
#783=LINE('',#5001,#1166);
#784=LINE('',#5002,#1167);
#785=LINE('',#5004,#1168);
#786=LINE('',#5005,#1169);
#787=LINE('',#5010,#1170);
#788=LINE('',#5012,#1171);
#789=LINE('',#5014,#1172);
#790=LINE('',#5015,#1173);
#791=LINE('',#5018,#1174);
#792=LINE('',#5020,#1175);
#793=LINE('',#5021,#1176);
#794=LINE('',#5024,#1177);
#795=LINE('',#5026,#1178);
#796=LINE('',#5027,#1179);
#797=LINE('',#5029,#1180);
#798=LINE('',#5030,#1181);
#799=LINE('',#5035,#1182);
#800=LINE('',#5037,#1183);
#801=LINE('',#5039,#1184);
#802=LINE('',#5040,#1185);
#803=LINE('',#5043,#1186);
#804=LINE('',#5045,#1187);
#805=LINE('',#5046,#1188);
#806=LINE('',#5049,#1189);
#807=LINE('',#5051,#1190);
#808=LINE('',#5052,#1191);
#809=LINE('',#5055,#1192);
#810=LINE('',#5057,#1193);
#811=LINE('',#5058,#1194);
#812=LINE('',#5061,#1195);
#813=LINE('',#5063,#1196);
#814=LINE('',#5064,#1197);
#815=LINE('',#5067,#1198);
#816=LINE('',#5069,#1199);
#817=LINE('',#5070,#1200);
#818=LINE('',#5073,#1201);
#819=LINE('',#5075,#1202);
#820=LINE('',#5076,#1203);
#821=LINE('',#5079,#1204);
#822=LINE('',#5081,#1205);
#823=LINE('',#5082,#1206);
#824=LINE('',#5085,#1207);
#825=LINE('',#5087,#1208);
#826=LINE('',#5088,#1209);
#827=LINE('',#5091,#1210);
#828=LINE('',#5093,#1211);
#829=LINE('',#5094,#1212);
#830=LINE('',#5097,#1213);
#831=LINE('',#5099,#1214);
#832=LINE('',#5100,#1215);
#833=LINE('',#5103,#1216);
#834=LINE('',#5105,#1217);
#835=LINE('',#5106,#1218);
#836=LINE('',#5109,#1219);
#837=LINE('',#5111,#1220);
#838=LINE('',#5112,#1221);
#839=LINE('',#5115,#1222);
#840=LINE('',#5117,#1223);
#841=LINE('',#5118,#1224);
#842=LINE('',#5121,#1225);
#843=LINE('',#5123,#1226);
#844=LINE('',#5124,#1227);
#845=LINE('',#5127,#1228);
#846=LINE('',#5129,#1229);
#847=LINE('',#5130,#1230);
#848=LINE('',#5132,#1231);
#849=LINE('',#5133,#1232);
#850=LINE('',#5138,#1233);
#851=LINE('',#5142,#1234);
#852=LINE('',#5146,#1235);
#853=LINE('',#5156,#1236);
#854=LINE('',#5160,#1237);
#855=LINE('',#5172,#1238);
#856=LINE('',#5176,#1239);
#857=LINE('',#5180,#1240);
#858=LINE('',#5191,#1241);
#859=LINE('',#5194,#1242);
#860=LINE('',#5196,#1243);
#861=LINE('',#5198,#1244);
#862=LINE('',#5296,#1245);
#863=LINE('',#5298,#1246);
#864=LINE('',#5300,#1247);
#865=LINE('',#5302,#1248);
#866=LINE('',#5304,#1249);
#867=LINE('',#5306,#1250);
#868=LINE('',#5308,#1251);
#869=LINE('',#5310,#1252);
#870=LINE('',#5312,#1253);
#871=LINE('',#5314,#1254);
#872=LINE('',#5315,#1255);
#873=LINE('',#5318,#1256);
#874=LINE('',#5320,#1257);
#875=LINE('',#5322,#1258);
#876=LINE('',#5324,#1259);
#877=LINE('',#5326,#1260);
#878=LINE('',#5328,#1261);
#879=LINE('',#5330,#1262);
#880=LINE('',#5331,#1263);
#881=LINE('',#5334,#1264);
#882=LINE('',#5336,#1265);
#883=LINE('',#5337,#1266);
#884=LINE('',#5340,#1267);
#885=LINE('',#5341,#1268);
#886=LINE('',#5344,#1269);
#887=LINE('',#5345,#1270);
#888=LINE('',#5348,#1271);
#889=LINE('',#5349,#1272);
#890=LINE('',#5352,#1273);
#891=LINE('',#5353,#1274);
#892=LINE('',#5356,#1275);
#893=LINE('',#5357,#1276);
#894=LINE('',#5360,#1277);
#895=LINE('',#5361,#1278);
#896=LINE('',#5363,#1279);
#897=LINE('',#5368,#1280);
#898=LINE('',#5370,#1281);
#899=LINE('',#5372,#1282);
#900=LINE('',#5373,#1283);
#901=LINE('',#5376,#1284);
#902=LINE('',#5378,#1285);
#903=LINE('',#5379,#1286);
#904=LINE('',#5381,#1287);
#905=LINE('',#5382,#1288);
#906=LINE('',#5385,#1289);
#907=LINE('',#5387,#1290);
#908=LINE('',#5388,#1291);
#909=LINE('',#5391,#1292);
#910=LINE('',#5392,#1293);
#911=LINE('',#5395,#1294);
#912=LINE('',#5396,#1295);
#913=LINE('',#5399,#1296);
#914=LINE('',#5400,#1297);
#915=LINE('',#5403,#1298);
#916=LINE('',#5404,#1299);
#917=LINE('',#5407,#1300);
#918=LINE('',#5408,#1301);
#919=LINE('',#5411,#1302);
#920=LINE('',#5412,#1303);
#921=LINE('',#5415,#1304);
#922=LINE('',#5416,#1305);
#923=LINE('',#5419,#1306);
#924=LINE('',#5420,#1307);
#925=LINE('',#5423,#1308);
#926=LINE('',#5424,#1309);
#927=LINE('',#5426,#1310);
#928=LINE('',#5446,#1311);
#929=LINE('',#5453,#1312);
#930=LINE('',#5471,#1313);
#931=LINE('',#5494,#1314);
#932=LINE('',#5517,#1315);
#933=LINE('',#5540,#1316);
#934=LINE('',#5563,#1317);
#935=LINE('',#5586,#1318);
#936=LINE('',#5623,#1319);
#937=LINE('',#5630,#1320);
#938=LINE('',#5642,#1321);
#939=LINE('',#5659,#1322);
#940=LINE('',#5676,#1323);
#941=LINE('',#5693,#1324);
#942=LINE('',#5710,#1325);
#943=LINE('',#5727,#1326);
#944=LINE('',#5752,#1327);
#945=LINE('',#5754,#1328);
#946=LINE('',#5756,#1329);
#947=LINE('',#5757,#1330);
#948=LINE('',#5760,#1331);
#949=LINE('',#5762,#1332);
#950=LINE('',#5763,#1333);
#951=LINE('',#5781,#1334);
#952=LINE('',#5804,#1335);
#953=LINE('',#5827,#1336);
#954=LINE('',#5834,#1337);
#955=LINE('',#5835,#1338);
#956=LINE('',#5839,#1339);
#957=LINE('',#5841,#1340);
#958=LINE('',#5843,#1341);
#959=LINE('',#5844,#1342);
#960=LINE('',#5847,#1343);
#961=LINE('',#5849,#1344);
#962=LINE('',#5850,#1345);
#963=LINE('',#5868,#1346);
#964=LINE('',#5891,#1347);
#965=LINE('',#5914,#1348);
#966=LINE('',#5937,#1349);
#967=LINE('',#5944,#1350);
#968=LINE('',#5945,#1351);
#969=LINE('',#5948,#1352);
#970=LINE('',#5950,#1353);
#971=LINE('',#5951,#1354);
#972=LINE('',#5963,#1355);
#973=LINE('',#5980,#1356);
#974=LINE('',#5997,#1357);
#975=LINE('',#6014,#1358);
#976=LINE('',#6031,#1359);
#977=LINE('',#6048,#1360);
#978=LINE('',#6065,#1361);
#979=LINE('',#6082,#1362);
#980=LINE('',#6090,#1363);
#981=LINE('',#6091,#1364);
#982=LINE('',#6093,#1365);
#983=LINE('',#6103,#1366);
#984=LINE('',#6108,#1367);
#985=LINE('',#6112,#1368);
#986=LINE('',#6116,#1369);
#987=LINE('',#6120,#1370);
#988=LINE('',#6127,#1371);
#989=LINE('',#6131,#1372);
#990=LINE('',#6135,#1373);
#991=LINE('',#6140,#1374);
#992=LINE('',#6141,#1375);
#993=LINE('',#6144,#1376);
#994=LINE('',#6148,#1377);
#995=LINE('',#6149,#1378);
#996=LINE('',#6152,#1379);
#997=LINE('',#6157,#1380);
#998=LINE('',#6161,#1381);
#999=LINE('',#6165,#1382);
#1000=LINE('',#6169,#1383);
#1001=LINE('',#6171,#1384);
#1002=LINE('',#6172,#1385);
#1003=LINE('',#6176,#1386);
#1004=LINE('',#6181,#1387);
#1005=LINE('',#6183,#1388);
#1006=LINE('',#6184,#1389);
#1007=LINE('',#6189,#1390);
#1008=LINE('',#6192,#1391);
#1009=LINE('',#6193,#1392);
#1010=LINE('',#6196,#1393);
#1011=LINE('',#6199,#1394);
#1012=LINE('',#6202,#1395);
#1013=LINE('',#6203,#1396);
#1014=LINE('',#6204,#1397);
#1015=LINE('',#6206,#1398);
#1016=LINE('',#6211,#1399);
#1017=LINE('',#6213,#1400);
#1018=LINE('',#6216,#1401);
#1019=LINE('',#6220,#1402);
#1020=LINE('',#6221,#1403);
#1021=LINE('',#6224,#1404);
#1022=LINE('',#6227,#1405);
#1023=LINE('',#6228,#1406);
#1024=LINE('',#6230,#1407);
#1025=LINE('',#6232,#1408);
#1026=LINE('',#6234,#1409);
#1027=LINE('',#6236,#1410);
#1028=LINE('',#6237,#1411);
#1029=LINE('',#6242,#1412);
#1030=LINE('',#6244,#1413);
#1031=LINE('',#6247,#1414);
#1032=LINE('',#6250,#1415);
#1033=LINE('',#6253,#1416);
#1034=LINE('',#6254,#1417);
#1035=LINE('',#6257,#1418);
#1036=LINE('',#6261,#1419);
#1037=LINE('',#6265,#1420);
#1038=LINE('',#6269,#1421);
#1039=LINE('',#6273,#1422);
#1040=LINE('',#6277,#1423);
#1041=LINE('',#6278,#1424);
#1042=LINE('',#6281,#1425);
#1043=LINE('',#6285,#1426);
#1044=LINE('',#6286,#1427);
#1045=LINE('',#6289,#1428);
#1046=LINE('',#6293,#1429);
#1047=LINE('',#6294,#1430);
#1048=LINE('',#6297,#1431);
#1049=LINE('',#6301,#1432);
#1050=LINE('',#6305,#1433);
#1051=LINE('',#6309,#1434);
#1052=LINE('',#6313,#1435);
#1053=LINE('',#6317,#1436);
#1054=LINE('',#6318,#1437);
#1055=LINE('',#6321,#1438);
#1056=LINE('',#6324,#1439);
#1057=LINE('',#6326,#1440);
#1058=LINE('',#6327,#1441);
#1059=LINE('',#6329,#1442);
#1060=LINE('',#6331,#1443);
#1061=LINE('',#6333,#1444);
#1062=LINE('',#6335,#1445);
#1063=LINE('',#6337,#1446);
#1064=LINE('',#6339,#1447);
#1065=LINE('',#6341,#1448);
#1066=LINE('',#6343,#1449);
#1067=LINE('',#6345,#1450);
#1068=LINE('',#6347,#1451);
#1069=LINE('',#6349,#1452);
#1070=LINE('',#6351,#1453);
#1071=LINE('',#6353,#1454);
#1072=LINE('',#6355,#1455);
#1073=LINE('',#6357,#1456);
#1074=LINE('',#6358,#1457);
#1075=LINE('',#6360,#1458);
#1076=LINE('',#6362,#1459);
#1077=LINE('',#6364,#1460);
#1078=VECTOR('',#3917,22.975);
#1079=VECTOR('',#3922,22.725);
#1080=VECTOR('',#3927,10.);
#1081=VECTOR('',#3938,10.);
#1082=VECTOR('',#3941,10.);
#1083=VECTOR('',#3944,10.);
#1084=VECTOR('',#3955,10.);
#1085=VECTOR('',#3958,10.);
#1086=VECTOR('',#3963,10.);
#1087=VECTOR('',#3964,10.);
#1088=VECTOR('',#3965,10.);
#1089=VECTOR('',#3966,10.);
#1090=VECTOR('',#3969,10.);
#1091=VECTOR('',#3970,10.);
#1092=VECTOR('',#3971,10.);
#1093=VECTOR('',#3974,10.);
#1094=VECTOR('',#3975,10.);
#1095=VECTOR('',#3978,10.);
#1096=VECTOR('',#3979,10.);
#1097=VECTOR('',#3980,10.);
#1098=VECTOR('',#3981,10.);
#1099=VECTOR('',#3984,10.);
#1100=VECTOR('',#3985,10.);
#1101=VECTOR('',#3986,10.);
#1102=VECTOR('',#3989,10.);
#1103=VECTOR('',#3990,10.);
#1104=VECTOR('',#3991,10.);
#1105=VECTOR('',#3994,10.);
#1106=VECTOR('',#3995,10.);
#1107=VECTOR('',#3996,10.);
#1108=VECTOR('',#3999,10.);
#1109=VECTOR('',#4000,10.);
#1110=VECTOR('',#4001,10.);
#1111=VECTOR('',#4004,10.);
#1112=VECTOR('',#4005,10.);
#1113=VECTOR('',#4006,10.);
#1114=VECTOR('',#4009,10.);
#1115=VECTOR('',#4010,10.);
#1116=VECTOR('',#4011,10.);
#1117=VECTOR('',#4014,10.);
#1118=VECTOR('',#4015,10.);
#1119=VECTOR('',#4016,10.);
#1120=VECTOR('',#4019,10.);
#1121=VECTOR('',#4020,10.);
#1122=VECTOR('',#4021,10.);
#1123=VECTOR('',#4024,10.);
#1124=VECTOR('',#4025,10.);
#1125=VECTOR('',#4026,10.);
#1126=VECTOR('',#4029,10.);
#1127=VECTOR('',#4030,10.);
#1128=VECTOR('',#4031,10.);
#1129=VECTOR('',#4034,10.);
#1130=VECTOR('',#4035,10.);
#1131=VECTOR('',#4036,10.);
#1132=VECTOR('',#4039,10.);
#1133=VECTOR('',#4040,10.);
#1134=VECTOR('',#4041,10.);
#1135=VECTOR('',#4044,10.);
#1136=VECTOR('',#4045,10.);
#1137=VECTOR('',#4046,10.);
#1138=VECTOR('',#4049,10.);
#1139=VECTOR('',#4050,10.);
#1140=VECTOR('',#4051,10.);
#1141=VECTOR('',#4054,10.);
#1142=VECTOR('',#4055,10.);
#1143=VECTOR('',#4056,10.);
#1144=VECTOR('',#4059,10.);
#1145=VECTOR('',#4060,10.);
#1146=VECTOR('',#4061,10.);
#1147=VECTOR('',#4064,10.);
#1148=VECTOR('',#4065,10.);
#1149=VECTOR('',#4066,10.);
#1150=VECTOR('',#4069,10.);
#1151=VECTOR('',#4070,10.);
#1152=VECTOR('',#4071,10.);
#1153=VECTOR('',#4074,10.);
#1154=VECTOR('',#4075,10.);
#1155=VECTOR('',#4076,10.);
#1156=VECTOR('',#4079,10.);
#1157=VECTOR('',#4080,10.);
#1158=VECTOR('',#4081,10.);
#1159=VECTOR('',#4084,10.);
#1160=VECTOR('',#4085,10.);
#1161=VECTOR('',#4086,10.);
#1162=VECTOR('',#4089,10.);
#1163=VECTOR('',#4090,10.);
#1164=VECTOR('',#4091,10.);
#1165=VECTOR('',#4094,10.);
#1166=VECTOR('',#4095,10.);
#1167=VECTOR('',#4096,10.);
#1168=VECTOR('',#4099,10.);
#1169=VECTOR('',#4100,10.);
#1170=VECTOR('',#4105,10.);
#1171=VECTOR('',#4106,10.);
#1172=VECTOR('',#4107,10.);
#1173=VECTOR('',#4108,10.);
#1174=VECTOR('',#4111,10.);
#1175=VECTOR('',#4112,10.);
#1176=VECTOR('',#4113,10.);
#1177=VECTOR('',#4116,10.);
#1178=VECTOR('',#4117,10.);
#1179=VECTOR('',#4118,10.);
#1180=VECTOR('',#4121,10.);
#1181=VECTOR('',#4122,10.);
#1182=VECTOR('',#4127,10.);
#1183=VECTOR('',#4128,10.);
#1184=VECTOR('',#4129,10.);
#1185=VECTOR('',#4130,10.);
#1186=VECTOR('',#4133,10.);
#1187=VECTOR('',#4134,10.);
#1188=VECTOR('',#4135,10.);
#1189=VECTOR('',#4138,10.);
#1190=VECTOR('',#4139,10.);
#1191=VECTOR('',#4140,10.);
#1192=VECTOR('',#4143,10.);
#1193=VECTOR('',#4144,10.);
#1194=VECTOR('',#4145,10.);
#1195=VECTOR('',#4148,10.);
#1196=VECTOR('',#4149,10.);
#1197=VECTOR('',#4150,10.);
#1198=VECTOR('',#4153,10.);
#1199=VECTOR('',#4154,10.);
#1200=VECTOR('',#4155,10.);
#1201=VECTOR('',#4158,10.);
#1202=VECTOR('',#4159,10.);
#1203=VECTOR('',#4160,10.);
#1204=VECTOR('',#4163,10.);
#1205=VECTOR('',#4164,10.);
#1206=VECTOR('',#4165,10.);
#1207=VECTOR('',#4168,10.);
#1208=VECTOR('',#4169,10.);
#1209=VECTOR('',#4170,10.);
#1210=VECTOR('',#4173,10.);
#1211=VECTOR('',#4174,10.);
#1212=VECTOR('',#4175,10.);
#1213=VECTOR('',#4178,10.);
#1214=VECTOR('',#4179,10.);
#1215=VECTOR('',#4180,10.);
#1216=VECTOR('',#4183,10.);
#1217=VECTOR('',#4184,10.);
#1218=VECTOR('',#4185,10.);
#1219=VECTOR('',#4188,10.);
#1220=VECTOR('',#4189,10.);
#1221=VECTOR('',#4190,10.);
#1222=VECTOR('',#4193,10.);
#1223=VECTOR('',#4194,10.);
#1224=VECTOR('',#4195,10.);
#1225=VECTOR('',#4198,10.);
#1226=VECTOR('',#4199,10.);
#1227=VECTOR('',#4200,10.);
#1228=VECTOR('',#4203,10.);
#1229=VECTOR('',#4204,10.);
#1230=VECTOR('',#4205,10.);
#1231=VECTOR('',#4208,10.);
#1232=VECTOR('',#4209,10.);
#1233=VECTOR('',#4214,10.);
#1234=VECTOR('',#4217,10.);
#1235=VECTOR('',#4220,10.);
#1236=VECTOR('',#4229,10.);
#1237=VECTOR('',#4232,10.);
#1238=VECTOR('',#4243,10.);
#1239=VECTOR('',#4246,10.);
#1240=VECTOR('',#4249,10.);
#1241=VECTOR('',#4260,10.);
#1242=VECTOR('',#4261,10.);
#1243=VECTOR('',#4262,10.);
#1244=VECTOR('',#4263,10.);
#1245=VECTOR('',#4264,10.);
#1246=VECTOR('',#4265,10.);
#1247=VECTOR('',#4266,10.);
#1248=VECTOR('',#4267,10.);
#1249=VECTOR('',#4268,10.);
#1250=VECTOR('',#4269,10.);
#1251=VECTOR('',#4270,10.);
#1252=VECTOR('',#4271,10.);
#1253=VECTOR('',#4272,10.);
#1254=VECTOR('',#4273,10.);
#1255=VECTOR('',#4274,10.);
#1256=VECTOR('',#4275,10.);
#1257=VECTOR('',#4276,10.);
#1258=VECTOR('',#4277,10.);
#1259=VECTOR('',#4278,10.);
#1260=VECTOR('',#4279,10.);
#1261=VECTOR('',#4280,10.);
#1262=VECTOR('',#4281,10.);
#1263=VECTOR('',#4282,10.);
#1264=VECTOR('',#4285,10.);
#1265=VECTOR('',#4286,10.);
#1266=VECTOR('',#4287,10.);
#1267=VECTOR('',#4290,10.);
#1268=VECTOR('',#4291,10.);
#1269=VECTOR('',#4294,10.);
#1270=VECTOR('',#4295,10.);
#1271=VECTOR('',#4298,10.);
#1272=VECTOR('',#4299,10.);
#1273=VECTOR('',#4302,10.);
#1274=VECTOR('',#4303,10.);
#1275=VECTOR('',#4306,10.);
#1276=VECTOR('',#4307,10.);
#1277=VECTOR('',#4310,10.);
#1278=VECTOR('',#4311,10.);
#1279=VECTOR('',#4314,10.);
#1280=VECTOR('',#4319,10.);
#1281=VECTOR('',#4320,10.);
#1282=VECTOR('',#4321,10.);
#1283=VECTOR('',#4322,10.);
#1284=VECTOR('',#4325,10.);
#1285=VECTOR('',#4326,10.);
#1286=VECTOR('',#4327,10.);
#1287=VECTOR('',#4330,10.);
#1288=VECTOR('',#4331,10.);
#1289=VECTOR('',#4334,10.);
#1290=VECTOR('',#4335,10.);
#1291=VECTOR('',#4336,10.);
#1292=VECTOR('',#4339,10.);
#1293=VECTOR('',#4340,10.);
#1294=VECTOR('',#4343,10.);
#1295=VECTOR('',#4344,10.);
#1296=VECTOR('',#4347,10.);
#1297=VECTOR('',#4348,10.);
#1298=VECTOR('',#4351,10.);
#1299=VECTOR('',#4352,10.);
#1300=VECTOR('',#4355,10.);
#1301=VECTOR('',#4356,10.);
#1302=VECTOR('',#4359,10.);
#1303=VECTOR('',#4360,10.);
#1304=VECTOR('',#4363,10.);
#1305=VECTOR('',#4364,10.);
#1306=VECTOR('',#4367,10.);
#1307=VECTOR('',#4368,10.);
#1308=VECTOR('',#4371,10.);
#1309=VECTOR('',#4372,10.);
#1310=VECTOR('',#4375,10.);
#1311=VECTOR('',#4378,10.);
#1312=VECTOR('',#4379,10.);
#1313=VECTOR('',#4380,10.);
#1314=VECTOR('',#4381,10.);
#1315=VECTOR('',#4382,10.);
#1316=VECTOR('',#4383,10.);
#1317=VECTOR('',#4384,10.);
#1318=VECTOR('',#4385,10.);
#1319=VECTOR('',#4386,10.);
#1320=VECTOR('',#4387,10.);
#1321=VECTOR('',#4388,10.);
#1322=VECTOR('',#4389,10.);
#1323=VECTOR('',#4390,10.);
#1324=VECTOR('',#4391,10.);
#1325=VECTOR('',#4392,10.);
#1326=VECTOR('',#4393,10.);
#1327=VECTOR('',#4398,10.);
#1328=VECTOR('',#4399,10.);
#1329=VECTOR('',#4400,10.);
#1330=VECTOR('',#4401,10.);
#1331=VECTOR('',#4404,10.);
#1332=VECTOR('',#4405,10.);
#1333=VECTOR('',#4406,10.);
#1334=VECTOR('',#4407,10.);
#1335=VECTOR('',#4408,10.);
#1336=VECTOR('',#4409,10.);
#1337=VECTOR('',#4412,10.);
#1338=VECTOR('',#4413,10.);
#1339=VECTOR('',#4416,10.);
#1340=VECTOR('',#4417,10.);
#1341=VECTOR('',#4418,10.);
#1342=VECTOR('',#4419,10.);
#1343=VECTOR('',#4422,10.);
#1344=VECTOR('',#4423,10.);
#1345=VECTOR('',#4424,10.);
#1346=VECTOR('',#4425,10.);
#1347=VECTOR('',#4426,10.);
#1348=VECTOR('',#4427,10.);
#1349=VECTOR('',#4428,10.);
#1350=VECTOR('',#4431,10.);
#1351=VECTOR('',#4432,10.);
#1352=VECTOR('',#4435,10.);
#1353=VECTOR('',#4436,10.);
#1354=VECTOR('',#4437,10.);
#1355=VECTOR('',#4438,10.);
#1356=VECTOR('',#4439,10.);
#1357=VECTOR('',#4440,10.);
#1358=VECTOR('',#4441,10.);
#1359=VECTOR('',#4442,10.);
#1360=VECTOR('',#4443,10.);
#1361=VECTOR('',#4444,10.);
#1362=VECTOR('',#4445,10.);
#1363=VECTOR('',#4448,10.);
#1364=VECTOR('',#4449,10.);
#1365=VECTOR('',#4452,10.);
#1366=VECTOR('',#4467,2.875);
#1367=VECTOR('',#4472,10.);
#1368=VECTOR('',#4475,10.);
#1369=VECTOR('',#4478,10.);
#1370=VECTOR('',#4481,10.);
#1371=VECTOR('',#4490,2.75);
#1372=VECTOR('',#4495,2.875);
#1373=VECTOR('',#4500,2.75);
#1374=VECTOR('',#4505,10.);
#1375=VECTOR('',#4506,10.);
#1376=VECTOR('',#4509,10.);
#1377=VECTOR('',#4514,10.);
#1378=VECTOR('',#4515,10.);
#1379=VECTOR('',#4518,10.);
#1380=VECTOR('',#4525,10.);
#1381=VECTOR('',#4528,10.);
#1382=VECTOR('',#4531,10.);
#1383=VECTOR('',#4536,10.);
#1384=VECTOR('',#4537,10.);
#1385=VECTOR('',#4538,10.);
#1386=VECTOR('',#4541,10.);
#1387=VECTOR('',#4548,10.);
#1388=VECTOR('',#4549,10.);
#1389=VECTOR('',#4550,10.);
#1390=VECTOR('',#4555,10.);
#1391=VECTOR('',#4560,10.);
#1392=VECTOR('',#4561,10.);
#1393=VECTOR('',#4564,10.);
#1394=VECTOR('',#4567,10.);
#1395=VECTOR('',#4570,10.);
#1396=VECTOR('',#4571,10.);
#1397=VECTOR('',#4572,10.);
#1398=VECTOR('',#4575,10.);
#1399=VECTOR('',#4582,10.);
#1400=VECTOR('',#4585,10.);
#1401=VECTOR('',#4588,10.);
#1402=VECTOR('',#4593,10.);
#1403=VECTOR('',#4594,10.);
#1404=VECTOR('',#4597,10.);
#1405=VECTOR('',#4602,10.);
#1406=VECTOR('',#4603,10.);
#1407=VECTOR('',#4606,10.);
#1408=VECTOR('',#4609,10.);
#1409=VECTOR('',#4612,10.);
#1410=VECTOR('',#4615,10.);
#1411=VECTOR('',#4616,10.);
#1412=VECTOR('',#4625,3.975);
#1413=VECTOR('',#4628,3.975);
#1414=VECTOR('',#4631,10.);
#1415=VECTOR('',#4634,10.);
#1416=VECTOR('',#4637,10.);
#1417=VECTOR('',#4638,10.);
#1418=VECTOR('',#4641,10.);
#1419=VECTOR('',#4646,10.);
#1420=VECTOR('',#4651,10.);
#1421=VECTOR('',#4656,10.);
#1422=VECTOR('',#4661,10.);
#1423=VECTOR('',#4666,10.);
#1424=VECTOR('',#4667,10.);
#1425=VECTOR('',#4670,10.);
#1426=VECTOR('',#4675,10.);
#1427=VECTOR('',#4676,10.);
#1428=VECTOR('',#4679,10.);
#1429=VECTOR('',#4684,10.);
#1430=VECTOR('',#4685,10.);
#1431=VECTOR('',#4688,10.);
#1432=VECTOR('',#4693,10.);
#1433=VECTOR('',#4698,10.);
#1434=VECTOR('',#4703,10.);
#1435=VECTOR('',#4708,10.);
#1436=VECTOR('',#4713,10.);
#1437=VECTOR('',#4714,10.);
#1438=VECTOR('',#4717,10.);
#1439=VECTOR('',#4722,10.);
#1440=VECTOR('',#4725,10.);
#1441=VECTOR('',#4726,10.);
#1442=VECTOR('',#4729,10.);
#1443=VECTOR('',#4732,10.);
#1444=VECTOR('',#4735,10.);
#1445=VECTOR('',#4738,10.);
#1446=VECTOR('',#4741,10.);
#1447=VECTOR('',#4744,10.);
#1448=VECTOR('',#4747,10.);
#1449=VECTOR('',#4750,10.);
#1450=VECTOR('',#4753,10.);
#1451=VECTOR('',#4756,22.85);
#1452=VECTOR('',#4759,10.);
#1453=VECTOR('',#4762,10.);
#1454=VECTOR('',#4765,10.);
#1455=VECTOR('',#4768,10.);
#1456=VECTOR('',#4771,10.);
#1457=VECTOR('',#4772,10.);
#1458=VECTOR('',#4775,10.);
#1459=VECTOR('',#4778,10.);
#1460=VECTOR('',#4781,10.);
#1461=CIRCLE('',#3667,22.725);
#1462=CIRCLE('',#3668,23.225);
#1463=CIRCLE('',#3670,22.725);
#1464=CIRCLE('',#3672,3.);
#1465=CIRCLE('',#3673,10.);
#1466=CIRCLE('',#3674,32.5);
#1467=CIRCLE('',#3675,10.);
#1468=CIRCLE('',#3676,3.);
#1469=CIRCLE('',#3677,1.);
#1470=CIRCLE('',#3678,1.);
#1471=CIRCLE('',#3679,3.);
#1472=CIRCLE('',#3680,10.);
#1473=CIRCLE('',#3681,32.5);
#1474=CIRCLE('',#3682,10.);
#1475=CIRCLE('',#3683,3.);
#1476=CIRCLE('',#3684,1.);
#1477=CIRCLE('',#3685,1.);
#1478=CIRCLE('',#3739,7.);
#1479=CIRCLE('',#3740,39.);
#1480=CIRCLE('',#3741,7.);
#1481=CIRCLE('',#3742,5.2);
#1482=CIRCLE('',#3743,5.2);
#1483=CIRCLE('',#3744,0.750000000000001);
#1484=CIRCLE('',#3745,0.75);
#1485=CIRCLE('',#3746,3.25);
#1486=CIRCLE('',#3747,9.75);
#1487=CIRCLE('',#3748,32.75);
#1488=CIRCLE('',#3749,9.75);
#1489=CIRCLE('',#3750,3.25);
#1490=CIRCLE('',#3751,0.75);
#1491=CIRCLE('',#3752,0.750000000000001);
#1492=CIRCLE('',#3753,3.25);
#1493=CIRCLE('',#3754,9.75);
#1494=CIRCLE('',#3755,32.75);
#1495=CIRCLE('',#3756,9.75);
#1496=CIRCLE('',#3757,3.25);
#1497=CIRCLE('',#3798,2.75);
#1498=CIRCLE('',#3799,3.);
#1499=CIRCLE('',#3801,7.75);
#1500=CIRCLE('',#3802,7.75);
#1501=CIRCLE('',#3803,5.);
#1502=CIRCLE('',#3804,5.);
#1503=CIRCLE('',#3805,3.);
#1504=CIRCLE('',#3807,2.75);
#1505=CIRCLE('',#3809,2.75);
#1506=CIRCLE('',#3811,2.75);
#1507=CIRCLE('',#3815,8.);
#1508=CIRCLE('',#3818,8.);
#1509=CIRCLE('',#3822,5.);
#1510=CIRCLE('',#3823,4.);
#1511=CIRCLE('',#3826,5.);
#1512=CIRCLE('',#3827,4.);
#1513=CIRCLE('',#3830,39.);
#1514=CIRCLE('',#3831,40.);
#1515=CIRCLE('',#3834,40.);
#1516=CIRCLE('',#3838,22.975);
#1517=CIRCLE('',#3842,8.);
#1518=CIRCLE('',#3845,8.);
#1519=CIRCLE('',#3857,1.);
#1520=CIRCLE('',#3860,3.);
#1521=CIRCLE('',#3862,10.);
#1522=CIRCLE('',#3864,32.5);
#1523=CIRCLE('',#3866,10.);
#1524=CIRCLE('',#3868,3.);
#1525=CIRCLE('',#3871,1.);
#1526=CIRCLE('',#3874,1.);
#1527=CIRCLE('',#3877,3.);
#1528=CIRCLE('',#3879,10.);
#1529=CIRCLE('',#3881,32.5);
#1530=CIRCLE('',#3883,10.);
#1531=CIRCLE('',#3885,3.);
#1532=CIRCLE('',#3888,1.);
#1533=VERTEX_POINT('',#4788);
#1534=VERTEX_POINT('',#4790);
#1535=VERTEX_POINT('',#4794);
#1536=VERTEX_POINT('',#4798);
#1537=VERTEX_POINT('',#4799);
#1538=VERTEX_POINT('',#4801);
#1539=VERTEX_POINT('',#4803);
#1540=VERTEX_POINT('',#4805);
#1541=VERTEX_POINT('',#4807);
#1542=VERTEX_POINT('',#4809);
#1543=VERTEX_POINT('',#4811);
#1544=VERTEX_POINT('',#4813);
#1545=VERTEX_POINT('',#4815);
#1546=VERTEX_POINT('',#4817);
#1547=VERTEX_POINT('',#4819);
#1548=VERTEX_POINT('',#4821);
#1549=VERTEX_POINT('',#4823);
#1550=VERTEX_POINT('',#4825);
#1551=VERTEX_POINT('',#4827);
#1552=VERTEX_POINT('',#4829);
#1553=VERTEX_POINT('',#4831);
#1554=VERTEX_POINT('',#4833);
#1555=VERTEX_POINT('',#4835);
#1556=VERTEX_POINT('',#4839);
#1557=VERTEX_POINT('',#4840);
#1558=VERTEX_POINT('',#4842);
#1559=VERTEX_POINT('',#4844);
#1560=VERTEX_POINT('',#4848);
#1561=VERTEX_POINT('',#4850);
#1562=VERTEX_POINT('',#4857);
#1563=VERTEX_POINT('',#4858);
#1564=VERTEX_POINT('',#4860);
#1565=VERTEX_POINT('',#4862);
#1566=VERTEX_POINT('',#4866);
#1567=VERTEX_POINT('',#4868);
#1568=VERTEX_POINT('',#4872);
#1569=VERTEX_POINT('',#4874);
#1570=VERTEX_POINT('',#4878);
#1571=VERTEX_POINT('',#4880);
#1572=VERTEX_POINT('',#4884);
#1573=VERTEX_POINT('',#4886);
#1574=VERTEX_POINT('',#4890);
#1575=VERTEX_POINT('',#4892);
#1576=VERTEX_POINT('',#4896);
#1577=VERTEX_POINT('',#4898);
#1578=VERTEX_POINT('',#4902);
#1579=VERTEX_POINT('',#4904);
#1580=VERTEX_POINT('',#4908);
#1581=VERTEX_POINT('',#4910);
#1582=VERTEX_POINT('',#4914);
#1583=VERTEX_POINT('',#4916);
#1584=VERTEX_POINT('',#4920);
#1585=VERTEX_POINT('',#4922);
#1586=VERTEX_POINT('',#4926);
#1587=VERTEX_POINT('',#4928);
#1588=VERTEX_POINT('',#4932);
#1589=VERTEX_POINT('',#4934);
#1590=VERTEX_POINT('',#4938);
#1591=VERTEX_POINT('',#4940);
#1592=VERTEX_POINT('',#4944);
#1593=VERTEX_POINT('',#4946);
#1594=VERTEX_POINT('',#4950);
#1595=VERTEX_POINT('',#4952);
#1596=VERTEX_POINT('',#4956);
#1597=VERTEX_POINT('',#4958);
#1598=VERTEX_POINT('',#4962);
#1599=VERTEX_POINT('',#4964);
#1600=VERTEX_POINT('',#4968);
#1601=VERTEX_POINT('',#4970);
#1602=VERTEX_POINT('',#4974);
#1603=VERTEX_POINT('',#4976);
#1604=VERTEX_POINT('',#4980);
#1605=VERTEX_POINT('',#4982);
#1606=VERTEX_POINT('',#4986);
#1607=VERTEX_POINT('',#4988);
#1608=VERTEX_POINT('',#4992);
#1609=VERTEX_POINT('',#4994);
#1610=VERTEX_POINT('',#4998);
#1611=VERTEX_POINT('',#5000);
#1612=VERTEX_POINT('',#5008);
#1613=VERTEX_POINT('',#5009);
#1614=VERTEX_POINT('',#5011);
#1615=VERTEX_POINT('',#5013);
#1616=VERTEX_POINT('',#5017);
#1617=VERTEX_POINT('',#5019);
#1618=VERTEX_POINT('',#5023);
#1619=VERTEX_POINT('',#5025);
#1620=VERTEX_POINT('',#5033);
#1621=VERTEX_POINT('',#5034);
#1622=VERTEX_POINT('',#5036);
#1623=VERTEX_POINT('',#5038);
#1624=VERTEX_POINT('',#5042);
#1625=VERTEX_POINT('',#5044);
#1626=VERTEX_POINT('',#5048);
#1627=VERTEX_POINT('',#5050);
#1628=VERTEX_POINT('',#5054);
#1629=VERTEX_POINT('',#5056);
#1630=VERTEX_POINT('',#5060);
#1631=VERTEX_POINT('',#5062);
#1632=VERTEX_POINT('',#5066);
#1633=VERTEX_POINT('',#5068);
#1634=VERTEX_POINT('',#5072);
#1635=VERTEX_POINT('',#5074);
#1636=VERTEX_POINT('',#5078);
#1637=VERTEX_POINT('',#5080);
#1638=VERTEX_POINT('',#5084);
#1639=VERTEX_POINT('',#5086);
#1640=VERTEX_POINT('',#5090);
#1641=VERTEX_POINT('',#5092);
#1642=VERTEX_POINT('',#5096);
#1643=VERTEX_POINT('',#5098);
#1644=VERTEX_POINT('',#5102);
#1645=VERTEX_POINT('',#5104);
#1646=VERTEX_POINT('',#5108);
#1647=VERTEX_POINT('',#5110);
#1648=VERTEX_POINT('',#5114);
#1649=VERTEX_POINT('',#5116);
#1650=VERTEX_POINT('',#5120);
#1651=VERTEX_POINT('',#5122);
#1652=VERTEX_POINT('',#5126);
#1653=VERTEX_POINT('',#5128);
#1654=VERTEX_POINT('',#5136);
#1655=VERTEX_POINT('',#5137);
#1656=VERTEX_POINT('',#5139);
#1657=VERTEX_POINT('',#5141);
#1658=VERTEX_POINT('',#5143);
#1659=VERTEX_POINT('',#5145);
#1660=VERTEX_POINT('',#5148);
#1661=VERTEX_POINT('',#5150);
#1662=VERTEX_POINT('',#5152);
#1663=VERTEX_POINT('',#5153);
#1664=VERTEX_POINT('',#5155);
#1665=VERTEX_POINT('',#5157);
#1666=VERTEX_POINT('',#5159);
#1667=VERTEX_POINT('',#5161);
#1668=VERTEX_POINT('',#5163);
#1669=VERTEX_POINT('',#5165);
#1670=VERTEX_POINT('',#5167);
#1671=VERTEX_POINT('',#5169);
#1672=VERTEX_POINT('',#5171);
#1673=VERTEX_POINT('',#5173);
#1674=VERTEX_POINT('',#5175);
#1675=VERTEX_POINT('',#5177);
#1676=VERTEX_POINT('',#5179);
#1677=VERTEX_POINT('',#5181);
#1678=VERTEX_POINT('',#5183);
#1679=VERTEX_POINT('',#5185);
#1680=VERTEX_POINT('',#5187);
#1681=VERTEX_POINT('',#5189);
#1682=VERTEX_POINT('',#5192);
#1683=VERTEX_POINT('',#5193);
#1684=VERTEX_POINT('',#5195);
#1685=VERTEX_POINT('',#5197);
#1686=VERTEX_POINT('',#5199);
#1687=VERTEX_POINT('',#5205);
#1688=VERTEX_POINT('',#5211);
#1689=VERTEX_POINT('',#5217);
#1690=VERTEX_POINT('',#5223);
#1691=VERTEX_POINT('',#5229);
#1692=VERTEX_POINT('',#5235);
#1693=VERTEX_POINT('',#5246);
#1694=VERTEX_POINT('',#5247);
#1695=VERTEX_POINT('',#5253);
#1696=VERTEX_POINT('',#5259);
#1697=VERTEX_POINT('',#5265);
#1698=VERTEX_POINT('',#5271);
#1699=VERTEX_POINT('',#5277);
#1700=VERTEX_POINT('',#5283);
#1701=VERTEX_POINT('',#5294);
#1702=VERTEX_POINT('',#5295);
#1703=VERTEX_POINT('',#5297);
#1704=VERTEX_POINT('',#5299);
#1705=VERTEX_POINT('',#5301);
#1706=VERTEX_POINT('',#5303);
#1707=VERTEX_POINT('',#5305);
#1708=VERTEX_POINT('',#5307);
#1709=VERTEX_POINT('',#5309);
#1710=VERTEX_POINT('',#5311);
#1711=VERTEX_POINT('',#5313);
#1712=VERTEX_POINT('',#5316);
#1713=VERTEX_POINT('',#5317);
#1714=VERTEX_POINT('',#5319);
#1715=VERTEX_POINT('',#5321);
#1716=VERTEX_POINT('',#5323);
#1717=VERTEX_POINT('',#5325);
#1718=VERTEX_POINT('',#5327);
#1719=VERTEX_POINT('',#5329);
#1720=VERTEX_POINT('',#5333);
#1721=VERTEX_POINT('',#5335);
#1722=VERTEX_POINT('',#5339);
#1723=VERTEX_POINT('',#5343);
#1724=VERTEX_POINT('',#5347);
#1725=VERTEX_POINT('',#5351);
#1726=VERTEX_POINT('',#5355);
#1727=VERTEX_POINT('',#5359);
#1728=VERTEX_POINT('',#5366);
#1729=VERTEX_POINT('',#5367);
#1730=VERTEX_POINT('',#5369);
#1731=VERTEX_POINT('',#5371);
#1732=VERTEX_POINT('',#5375);
#1733=VERTEX_POINT('',#5377);
#1734=VERTEX_POINT('',#5384);
#1735=VERTEX_POINT('',#5386);
#1736=VERTEX_POINT('',#5390);
#1737=VERTEX_POINT('',#5394);
#1738=VERTEX_POINT('',#5398);
#1739=VERTEX_POINT('',#5402);
#1740=VERTEX_POINT('',#5406);
#1741=VERTEX_POINT('',#5410);
#1742=VERTEX_POINT('',#5414);
#1743=VERTEX_POINT('',#5418);
#1744=VERTEX_POINT('',#5422);
#1745=VERTEX_POINT('',#5438);
#1746=VERTEX_POINT('',#5439);
#1747=VERTEX_POINT('',#5445);
#1748=VERTEX_POINT('',#5447);
#1749=VERTEX_POINT('',#5464);
#1750=VERTEX_POINT('',#5470);
#1751=VERTEX_POINT('',#5487);
#1752=VERTEX_POINT('',#5493);
#1753=VERTEX_POINT('',#5510);
#1754=VERTEX_POINT('',#5516);
#1755=VERTEX_POINT('',#5533);
#1756=VERTEX_POINT('',#5539);
#1757=VERTEX_POINT('',#5556);
#1758=VERTEX_POINT('',#5562);
#1759=VERTEX_POINT('',#5579);
#1760=VERTEX_POINT('',#5585);
#1761=VERTEX_POINT('',#5622);
#1762=VERTEX_POINT('',#5624);
#1763=VERTEX_POINT('',#5641);
#1764=VERTEX_POINT('',#5658);
#1765=VERTEX_POINT('',#5675);
#1766=VERTEX_POINT('',#5692);
#1767=VERTEX_POINT('',#5709);
#1768=VERTEX_POINT('',#5726);
#1769=VERTEX_POINT('',#5750);
#1770=VERTEX_POINT('',#5751);
#1771=VERTEX_POINT('',#5753);
#1772=VERTEX_POINT('',#5755);
#1773=VERTEX_POINT('',#5759);
#1774=VERTEX_POINT('',#5761);
#1775=VERTEX_POINT('',#5774);
#1776=VERTEX_POINT('',#5780);
#1777=VERTEX_POINT('',#5797);
#1778=VERTEX_POINT('',#5803);
#1779=VERTEX_POINT('',#5820);
#1780=VERTEX_POINT('',#5826);
#1781=VERTEX_POINT('',#5837);
#1782=VERTEX_POINT('',#5838);
#1783=VERTEX_POINT('',#5840);
#1784=VERTEX_POINT('',#5842);
#1785=VERTEX_POINT('',#5846);
#1786=VERTEX_POINT('',#5848);
#1787=VERTEX_POINT('',#5861);
#1788=VERTEX_POINT('',#5867);
#1789=VERTEX_POINT('',#5884);
#1790=VERTEX_POINT('',#5890);
#1791=VERTEX_POINT('',#5907);
#1792=VERTEX_POINT('',#5913);
#1793=VERTEX_POINT('',#5930);
#1794=VERTEX_POINT('',#5936);
#1795=VERTEX_POINT('',#5947);
#1796=VERTEX_POINT('',#5949);
#1797=VERTEX_POINT('',#5962);
#1798=VERTEX_POINT('',#5979);
#1799=VERTEX_POINT('',#5996);
#1800=VERTEX_POINT('',#6013);
#1801=VERTEX_POINT('',#6030);
#1802=VERTEX_POINT('',#6047);
#1803=VERTEX_POINT('',#6064);
#1804=VERTEX_POINT('',#6081);
#1805=VERTEX_POINT('',#6089);
#1806=VERTEX_POINT('',#6100);
#1807=VERTEX_POINT('',#6102);
#1808=VERTEX_POINT('',#6106);
#1809=VERTEX_POINT('',#6107);
#1810=VERTEX_POINT('',#6109);
#1811=VERTEX_POINT('',#6111);
#1812=VERTEX_POINT('',#6113);
#1813=VERTEX_POINT('',#6115);
#1814=VERTEX_POINT('',#6117);
#1815=VERTEX_POINT('',#6119);
#1816=VERTEX_POINT('',#6122);
#1817=VERTEX_POINT('',#6125);
#1818=VERTEX_POINT('',#6129);
#1819=VERTEX_POINT('',#6133);
#1820=VERTEX_POINT('',#6137);
#1821=VERTEX_POINT('',#6139);
#1822=VERTEX_POINT('',#6143);
#1823=VERTEX_POINT('',#6147);
#1824=VERTEX_POINT('',#6151);
#1825=VERTEX_POINT('',#6155);
#1826=VERTEX_POINT('',#6159);
#1827=VERTEX_POINT('',#6160);
#1828=VERTEX_POINT('',#6162);
#1829=VERTEX_POINT('',#6164);
#1830=VERTEX_POINT('',#6168);
#1831=VERTEX_POINT('',#6170);
#1832=VERTEX_POINT('',#6174);
#1833=VERTEX_POINT('',#6175);
#1834=VERTEX_POINT('',#6180);
#1835=VERTEX_POINT('',#6182);
#1836=VERTEX_POINT('',#6186);
#1837=VERTEX_POINT('',#6188);
#1838=VERTEX_POINT('',#6195);
#1839=VERTEX_POINT('',#6197);
#1840=VERTEX_POINT('',#6201);
#1841=VERTEX_POINT('',#6208);
#1842=VERTEX_POINT('',#6215);
#1843=VERTEX_POINT('',#6219);
#1844=VERTEX_POINT('',#6223);
#1845=VERTEX_POINT('',#6246);
#1846=VERTEX_POINT('',#6248);
#1847=VERTEX_POINT('',#6252);
#1848=VERTEX_POINT('',#6256);
#1849=VERTEX_POINT('',#6260);
#1850=VERTEX_POINT('',#6264);
#1851=VERTEX_POINT('',#6268);
#1852=VERTEX_POINT('',#6272);
#1853=VERTEX_POINT('',#6276);
#1854=VERTEX_POINT('',#6280);
#1855=VERTEX_POINT('',#6284);
#1856=VERTEX_POINT('',#6288);
#1857=VERTEX_POINT('',#6292);
#1858=VERTEX_POINT('',#6296);
#1859=VERTEX_POINT('',#6300);
#1860=VERTEX_POINT('',#6304);
#1861=VERTEX_POINT('',#6308);
#1862=VERTEX_POINT('',#6312);
#1863=VERTEX_POINT('',#6316);
#1864=VERTEX_POINT('',#6320);
#1865=EDGE_CURVE('',#1533,#1533,#1461,.T.);
#1866=EDGE_CURVE('',#1533,#1534,#695,.T.);
#1867=EDGE_CURVE('',#1534,#1534,#1462,.T.);
#1868=EDGE_CURVE('',#1533,#1535,#696,.T.);
#1869=EDGE_CURVE('',#1535,#1535,#1463,.T.);
#1870=EDGE_CURVE('',#1536,#1537,#697,.T.);
#1871=EDGE_CURVE('',#1538,#1536,#1464,.T.);
#1872=EDGE_CURVE('',#1539,#1538,#1465,.F.);
#1873=EDGE_CURVE('',#1540,#1539,#1466,.T.);
#1874=EDGE_CURVE('',#1541,#1540,#1467,.F.);
#1875=EDGE_CURVE('',#1542,#1541,#1468,.T.);
#1876=EDGE_CURVE('',#1543,#1542,#698,.T.);
#1877=EDGE_CURVE('',#1544,#1543,#1469,.F.);
#1878=EDGE_CURVE('',#1545,#1544,#699,.T.);
#1879=EDGE_CURVE('',#1546,#1545,#1470,.F.);
#1880=EDGE_CURVE('',#1547,#1546,#700,.T.);
#1881=EDGE_CURVE('',#1548,#1547,#1471,.T.);
#1882=EDGE_CURVE('',#1549,#1548,#1472,.F.);
#1883=EDGE_CURVE('',#1550,#1549,#1473,.T.);
#1884=EDGE_CURVE('',#1551,#1550,#1474,.F.);
#1885=EDGE_CURVE('',#1552,#1551,#1475,.T.);
#1886=EDGE_CURVE('',#1553,#1552,#701,.T.);
#1887=EDGE_CURVE('',#1554,#1553,#1476,.F.);
#1888=EDGE_CURVE('',#1555,#1554,#702,.T.);
#1889=EDGE_CURVE('',#1537,#1555,#1477,.F.);
#1890=EDGE_CURVE('',#1556,#1557,#703,.T.);
#1891=EDGE_CURVE('',#1556,#1558,#704,.T.);
#1892=EDGE_CURVE('',#1558,#1559,#705,.F.);
#1893=EDGE_CURVE('',#1557,#1559,#706,.T.);
#1894=EDGE_CURVE('',#1560,#1556,#707,.T.);
#1895=EDGE_CURVE('',#1560,#1561,#708,.F.);
#1896=EDGE_CURVE('',#1561,#1558,#709,.F.);
#1897=EDGE_CURVE('',#1557,#1560,#710,.T.);
#1898=EDGE_CURVE('',#1559,#1561,#711,.F.);
#1899=EDGE_CURVE('',#1562,#1563,#712,.T.);
#1900=EDGE_CURVE('',#1562,#1564,#713,.T.);
#1901=EDGE_CURVE('',#1564,#1565,#714,.F.);
#1902=EDGE_CURVE('',#1563,#1565,#715,.F.);
#1903=EDGE_CURVE('',#1566,#1562,#716,.T.);
#1904=EDGE_CURVE('',#1566,#1567,#717,.F.);
#1905=EDGE_CURVE('',#1567,#1564,#718,.F.);
#1906=EDGE_CURVE('',#1568,#1566,#719,.T.);
#1907=EDGE_CURVE('',#1568,#1569,#720,.T.);
#1908=EDGE_CURVE('',#1569,#1567,#721,.F.);
#1909=EDGE_CURVE('',#1570,#1568,#722,.T.);
#1910=EDGE_CURVE('',#1570,#1571,#723,.T.);
#1911=EDGE_CURVE('',#1571,#1569,#724,.F.);
#1912=EDGE_CURVE('',#1572,#1570,#725,.T.);
#1913=EDGE_CURVE('',#1572,#1573,#726,.F.);
#1914=EDGE_CURVE('',#1573,#1571,#727,.F.);
#1915=EDGE_CURVE('',#1574,#1572,#728,.T.);
#1916=EDGE_CURVE('',#1574,#1575,#729,.T.);
#1917=EDGE_CURVE('',#1575,#1573,#730,.F.);
#1918=EDGE_CURVE('',#1576,#1574,#731,.T.);
#1919=EDGE_CURVE('',#1576,#1577,#732,.T.);
#1920=EDGE_CURVE('',#1577,#1575,#733,.F.);
#1921=EDGE_CURVE('',#1578,#1576,#734,.T.);
#1922=EDGE_CURVE('',#1578,#1579,#735,.F.);
#1923=EDGE_CURVE('',#1579,#1577,#736,.F.);
#1924=EDGE_CURVE('',#1580,#1578,#737,.T.);
#1925=EDGE_CURVE('',#1580,#1581,#738,.T.);
#1926=EDGE_CURVE('',#1581,#1579,#739,.F.);
#1927=EDGE_CURVE('',#1582,#1580,#740,.T.);
#1928=EDGE_CURVE('',#1582,#1583,#741,.F.);
#1929=EDGE_CURVE('',#1583,#1581,#742,.F.);
#1930=EDGE_CURVE('',#1584,#1582,#743,.T.);
#1931=EDGE_CURVE('',#1584,#1585,#744,.F.);
#1932=EDGE_CURVE('',#1585,#1583,#745,.F.);
#1933=EDGE_CURVE('',#1586,#1584,#746,.T.);
#1934=EDGE_CURVE('',#1586,#1587,#747,.T.);
#1935=EDGE_CURVE('',#1587,#1585,#748,.F.);
#1936=EDGE_CURVE('',#1588,#1586,#749,.T.);
#1937=EDGE_CURVE('',#1588,#1589,#750,.T.);
#1938=EDGE_CURVE('',#1589,#1587,#751,.F.);
#1939=EDGE_CURVE('',#1590,#1588,#752,.T.);
#1940=EDGE_CURVE('',#1590,#1591,#753,.F.);
#1941=EDGE_CURVE('',#1591,#1589,#754,.F.);
#1942=EDGE_CURVE('',#1592,#1590,#755,.T.);
#1943=EDGE_CURVE('',#1592,#1593,#756,.F.);
#1944=EDGE_CURVE('',#1593,#1591,#757,.F.);
#1945=EDGE_CURVE('',#1594,#1592,#758,.T.);
#1946=EDGE_CURVE('',#1594,#1595,#759,.T.);
#1947=EDGE_CURVE('',#1595,#1593,#760,.F.);
#1948=EDGE_CURVE('',#1596,#1594,#761,.T.);
#1949=EDGE_CURVE('',#1596,#1597,#762,.F.);
#1950=EDGE_CURVE('',#1597,#1595,#763,.F.);
#1951=EDGE_CURVE('',#1598,#1596,#764,.T.);
#1952=EDGE_CURVE('',#1598,#1599,#765,.F.);
#1953=EDGE_CURVE('',#1599,#1597,#766,.F.);
#1954=EDGE_CURVE('',#1600,#1598,#767,.T.);
#1955=EDGE_CURVE('',#1600,#1601,#768,.F.);
#1956=EDGE_CURVE('',#1601,#1599,#769,.T.);
#1957=EDGE_CURVE('',#1602,#1600,#770,.T.);
#1958=EDGE_CURVE('',#1602,#1603,#771,.T.);
#1959=EDGE_CURVE('',#1603,#1601,#772,.F.);
#1960=EDGE_CURVE('',#1604,#1602,#773,.T.);
#1961=EDGE_CURVE('',#1604,#1605,#774,.F.);
#1962=EDGE_CURVE('',#1605,#1603,#775,.F.);
#1963=EDGE_CURVE('',#1606,#1604,#776,.T.);
#1964=EDGE_CURVE('',#1606,#1607,#777,.F.);
#1965=EDGE_CURVE('',#1607,#1605,#778,.F.);
#1966=EDGE_CURVE('',#1608,#1606,#779,.T.);
#1967=EDGE_CURVE('',#1608,#1609,#780,.F.);
#1968=EDGE_CURVE('',#1609,#1607,#781,.F.);
#1969=EDGE_CURVE('',#1610,#1608,#782,.T.);
#1970=EDGE_CURVE('',#1610,#1611,#783,.T.);
#1971=EDGE_CURVE('',#1611,#1609,#784,.F.);
#1972=EDGE_CURVE('',#1563,#1610,#785,.T.);
#1973=EDGE_CURVE('',#1565,#1611,#786,.F.);
#1974=EDGE_CURVE('',#1612,#1613,#787,.T.);
#1975=EDGE_CURVE('',#1612,#1614,#788,.T.);
#1976=EDGE_CURVE('',#1614,#1615,#789,.F.);
#1977=EDGE_CURVE('',#1613,#1615,#790,.F.);
#1978=EDGE_CURVE('',#1616,#1612,#791,.T.);
#1979=EDGE_CURVE('',#1616,#1617,#792,.T.);
#1980=EDGE_CURVE('',#1617,#1614,#793,.F.);
#1981=EDGE_CURVE('',#1618,#1616,#794,.T.);
#1982=EDGE_CURVE('',#1618,#1619,#795,.T.);
#1983=EDGE_CURVE('',#1619,#1617,#796,.F.);
#1984=EDGE_CURVE('',#1613,#1618,#797,.T.);
#1985=EDGE_CURVE('',#1615,#1619,#798,.F.);
#1986=EDGE_CURVE('',#1620,#1621,#799,.T.);
#1987=EDGE_CURVE('',#1620,#1622,#800,.F.);
#1988=EDGE_CURVE('',#1622,#1623,#801,.F.);
#1989=EDGE_CURVE('',#1621,#1623,#802,.F.);
#1990=EDGE_CURVE('',#1624,#1620,#803,.T.);
#1991=EDGE_CURVE('',#1624,#1625,#804,.T.);
#1992=EDGE_CURVE('',#1625,#1622,#805,.F.);
#1993=EDGE_CURVE('',#1626,#1624,#806,.T.);
#1994=EDGE_CURVE('',#1626,#1627,#807,.F.);
#1995=EDGE_CURVE('',#1627,#1625,#808,.F.);
#1996=EDGE_CURVE('',#1628,#1626,#809,.T.);
#1997=EDGE_CURVE('',#1628,#1629,#810,.T.);
#1998=EDGE_CURVE('',#1629,#1627,#811,.T.);
#1999=EDGE_CURVE('',#1630,#1628,#812,.T.);
#2000=EDGE_CURVE('',#1630,#1631,#813,.F.);
#2001=EDGE_CURVE('',#1631,#1629,#814,.F.);
#2002=EDGE_CURVE('',#1632,#1630,#815,.T.);
#2003=EDGE_CURVE('',#1632,#1633,#816,.T.);
#2004=EDGE_CURVE('',#1633,#1631,#817,.F.);
#2005=EDGE_CURVE('',#1634,#1632,#818,.T.);
#2006=EDGE_CURVE('',#1634,#1635,#819,.F.);
#2007=EDGE_CURVE('',#1635,#1633,#820,.F.);
#2008=EDGE_CURVE('',#1636,#1634,#821,.T.);
#2009=EDGE_CURVE('',#1636,#1637,#822,.T.);
#2010=EDGE_CURVE('',#1637,#1635,#823,.F.);
#2011=EDGE_CURVE('',#1638,#1636,#824,.T.);
#2012=EDGE_CURVE('',#1638,#1639,#825,.F.);
#2013=EDGE_CURVE('',#1639,#1637,#826,.F.);
#2014=EDGE_CURVE('',#1640,#1638,#827,.T.);
#2015=EDGE_CURVE('',#1640,#1641,#828,.T.);
#2016=EDGE_CURVE('',#1641,#1639,#829,.F.);
#2017=EDGE_CURVE('',#1642,#1640,#830,.T.);
#2018=EDGE_CURVE('',#1642,#1643,#831,.F.);
#2019=EDGE_CURVE('',#1643,#1641,#832,.F.);
#2020=EDGE_CURVE('',#1644,#1642,#833,.T.);
#2021=EDGE_CURVE('',#1644,#1645,#834,.T.);
#2022=EDGE_CURVE('',#1645,#1643,#835,.F.);
#2023=EDGE_CURVE('',#1646,#1644,#836,.T.);
#2024=EDGE_CURVE('',#1646,#1647,#837,.T.);
#2025=EDGE_CURVE('',#1647,#1645,#838,.F.);
#2026=EDGE_CURVE('',#1648,#1646,#839,.T.);
#2027=EDGE_CURVE('',#1648,#1649,#840,.F.);
#2028=EDGE_CURVE('',#1649,#1647,#841,.F.);
#2029=EDGE_CURVE('',#1650,#1648,#842,.T.);
#2030=EDGE_CURVE('',#1650,#1651,#843,.F.);
#2031=EDGE_CURVE('',#1651,#1649,#844,.F.);
#2032=EDGE_CURVE('',#1652,#1650,#845,.T.);
#2033=EDGE_CURVE('',#1652,#1653,#846,.F.);
#2034=EDGE_CURVE('',#1653,#1651,#847,.F.);
#2035=EDGE_CURVE('',#1621,#1652,#848,.T.);
#2036=EDGE_CURVE('',#1623,#1653,#849,.F.);
#2037=EDGE_CURVE('',#1654,#1655,#850,.T.);
#2038=EDGE_CURVE('',#1656,#1654,#1478,.T.);
#2039=EDGE_CURVE('',#1657,#1656,#851,.T.);
#2040=EDGE_CURVE('',#1658,#1657,#1479,.T.);
#2041=EDGE_CURVE('',#1659,#1658,#852,.T.);
#2042=EDGE_CURVE('',#1655,#1659,#1480,.T.);
#2043=EDGE_CURVE('',#1660,#1660,#1481,.T.);
#2044=EDGE_CURVE('',#1661,#1661,#1482,.T.);
#2045=EDGE_CURVE('',#1662,#1663,#1483,.T.);
#2046=EDGE_CURVE('',#1664,#1662,#853,.T.);
#2047=EDGE_CURVE('',#1665,#1664,#1484,.T.);
#2048=EDGE_CURVE('',#1666,#1665,#854,.T.);
#2049=EDGE_CURVE('',#1667,#1666,#1485,.T.);
#2050=EDGE_CURVE('',#1668,#1667,#1486,.T.);
#2051=EDGE_CURVE('',#1669,#1668,#1487,.T.);
#2052=EDGE_CURVE('',#1670,#1669,#1488,.T.);
#2053=EDGE_CURVE('',#1671,#1670,#1489,.T.);
#2054=EDGE_CURVE('',#1672,#1671,#855,.T.);
#2055=EDGE_CURVE('',#1673,#1672,#1490,.T.);
#2056=EDGE_CURVE('',#1674,#1673,#856,.T.);
#2057=EDGE_CURVE('',#1675,#1674,#1491,.T.);
#2058=EDGE_CURVE('',#1676,#1675,#857,.T.);
#2059=EDGE_CURVE('',#1677,#1676,#1492,.T.);
#2060=EDGE_CURVE('',#1678,#1677,#1493,.T.);
#2061=EDGE_CURVE('',#1679,#1678,#1494,.T.);
#2062=EDGE_CURVE('',#1680,#1679,#1495,.T.);
#2063=EDGE_CURVE('',#1681,#1680,#1496,.T.);
#2064=EDGE_CURVE('',#1663,#1681,#858,.T.);
#2065=EDGE_CURVE('',#1682,#1683,#859,.T.);
#2066=EDGE_CURVE('',#1683,#1684,#860,.T.);
#2067=EDGE_CURVE('',#1684,#1685,#861,.T.);
#2068=EDGE_CURVE('',#1685,#1686,#48,.T.);
#2069=EDGE_CURVE('',#1686,#1687,#49,.T.);
#2070=EDGE_CURVE('',#1687,#1688,#50,.T.);
#2071=EDGE_CURVE('',#1688,#1689,#51,.T.);
#2072=EDGE_CURVE('',#1689,#1690,#52,.T.);
#2073=EDGE_CURVE('',#1690,#1691,#53,.T.);
#2074=EDGE_CURVE('',#1691,#1692,#54,.T.);
#2075=EDGE_CURVE('',#1692,#1682,#55,.T.);
#2076=EDGE_CURVE('',#1693,#1694,#56,.T.);
#2077=EDGE_CURVE('',#1694,#1695,#57,.T.);
#2078=EDGE_CURVE('',#1695,#1696,#58,.T.);
#2079=EDGE_CURVE('',#1696,#1697,#59,.T.);
#2080=EDGE_CURVE('',#1697,#1698,#60,.T.);
#2081=EDGE_CURVE('',#1698,#1699,#61,.T.);
#2082=EDGE_CURVE('',#1699,#1700,#62,.T.);
#2083=EDGE_CURVE('',#1700,#1693,#63,.T.);
#2084=EDGE_CURVE('',#1701,#1702,#862,.T.);
#2085=EDGE_CURVE('',#1702,#1703,#863,.T.);
#2086=EDGE_CURVE('',#1703,#1704,#864,.T.);
#2087=EDGE_CURVE('',#1704,#1705,#865,.T.);
#2088=EDGE_CURVE('',#1705,#1706,#866,.T.);
#2089=EDGE_CURVE('',#1706,#1707,#867,.T.);
#2090=EDGE_CURVE('',#1707,#1708,#868,.T.);
#2091=EDGE_CURVE('',#1708,#1709,#869,.T.);
#2092=EDGE_CURVE('',#1709,#1710,#870,.T.);
#2093=EDGE_CURVE('',#1710,#1711,#871,.T.);
#2094=EDGE_CURVE('',#1711,#1701,#872,.T.);
#2095=EDGE_CURVE('',#1712,#1713,#873,.T.);
#2096=EDGE_CURVE('',#1713,#1714,#874,.T.);
#2097=EDGE_CURVE('',#1714,#1715,#875,.T.);
#2098=EDGE_CURVE('',#1715,#1716,#876,.T.);
#2099=EDGE_CURVE('',#1716,#1717,#877,.T.);
#2100=EDGE_CURVE('',#1717,#1718,#878,.T.);
#2101=EDGE_CURVE('',#1718,#1719,#879,.T.);
#2102=EDGE_CURVE('',#1719,#1712,#880,.T.);
#2103=EDGE_CURVE('',#1712,#1720,#881,.T.);
#2104=EDGE_CURVE('',#1720,#1721,#882,.T.);
#2105=EDGE_CURVE('',#1713,#1721,#883,.T.);
#2106=EDGE_CURVE('',#1719,#1722,#884,.T.);
#2107=EDGE_CURVE('',#1722,#1720,#885,.T.);
#2108=EDGE_CURVE('',#1718,#1723,#886,.T.);
#2109=EDGE_CURVE('',#1723,#1722,#887,.T.);
#2110=EDGE_CURVE('',#1717,#1724,#888,.T.);
#2111=EDGE_CURVE('',#1724,#1723,#889,.T.);
#2112=EDGE_CURVE('',#1716,#1725,#890,.T.);
#2113=EDGE_CURVE('',#1725,#1724,#891,.T.);
#2114=EDGE_CURVE('',#1715,#1726,#892,.T.);
#2115=EDGE_CURVE('',#1726,#1725,#893,.T.);
#2116=EDGE_CURVE('',#1714,#1727,#894,.T.);
#2117=EDGE_CURVE('',#1727,#1726,#895,.T.);
#2118=EDGE_CURVE('',#1721,#1727,#896,.T.);
#2119=EDGE_CURVE('',#1728,#1729,#897,.T.);
#2120=EDGE_CURVE('',#1728,#1730,#898,.T.);
#2121=EDGE_CURVE('',#1730,#1731,#899,.T.);
#2122=EDGE_CURVE('',#1729,#1731,#900,.T.);
#2123=EDGE_CURVE('',#1732,#1728,#901,.T.);
#2124=EDGE_CURVE('',#1732,#1733,#902,.T.);
#2125=EDGE_CURVE('',#1733,#1730,#903,.T.);
#2126=EDGE_CURVE('',#1729,#1732,#904,.T.);
#2127=EDGE_CURVE('',#1731,#1733,#905,.T.);
#2128=EDGE_CURVE('',#1701,#1734,#906,.T.);
#2129=EDGE_CURVE('',#1734,#1735,#907,.T.);
#2130=EDGE_CURVE('',#1702,#1735,#908,.T.);
#2131=EDGE_CURVE('',#1711,#1736,#909,.T.);
#2132=EDGE_CURVE('',#1736,#1734,#910,.T.);
#2133=EDGE_CURVE('',#1710,#1737,#911,.T.);
#2134=EDGE_CURVE('',#1737,#1736,#912,.T.);
#2135=EDGE_CURVE('',#1709,#1738,#913,.T.);
#2136=EDGE_CURVE('',#1738,#1737,#914,.T.);
#2137=EDGE_CURVE('',#1708,#1739,#915,.T.);
#2138=EDGE_CURVE('',#1739,#1738,#916,.T.);
#2139=EDGE_CURVE('',#1707,#1740,#917,.T.);
#2140=EDGE_CURVE('',#1740,#1739,#918,.T.);
#2141=EDGE_CURVE('',#1706,#1741,#919,.T.);
#2142=EDGE_CURVE('',#1741,#1740,#920,.T.);
#2143=EDGE_CURVE('',#1705,#1742,#921,.T.);
#2144=EDGE_CURVE('',#1742,#1741,#922,.T.);
#2145=EDGE_CURVE('',#1704,#1743,#923,.T.);
#2146=EDGE_CURVE('',#1743,#1742,#924,.T.);
#2147=EDGE_CURVE('',#1703,#1744,#925,.T.);
#2148=EDGE_CURVE('',#1744,#1743,#926,.T.);
#2149=EDGE_CURVE('',#1735,#1744,#927,.T.);
#2150=EDGE_CURVE('',#1745,#1746,#64,.T.);
#2151=EDGE_CURVE('',#1745,#1747,#928,.T.);
#2152=EDGE_CURVE('',#1747,#1748,#65,.T.);
#2153=EDGE_CURVE('',#1746,#1748,#929,.T.);
#2154=EDGE_CURVE('',#1749,#1745,#66,.T.);
#2155=EDGE_CURVE('',#1749,#1750,#930,.T.);
#2156=EDGE_CURVE('',#1750,#1747,#67,.T.);
#2157=EDGE_CURVE('',#1751,#1749,#68,.T.);
#2158=EDGE_CURVE('',#1751,#1752,#931,.T.);
#2159=EDGE_CURVE('',#1752,#1750,#69,.T.);
#2160=EDGE_CURVE('',#1753,#1751,#70,.T.);
#2161=EDGE_CURVE('',#1753,#1754,#932,.T.);
#2162=EDGE_CURVE('',#1754,#1752,#71,.T.);
#2163=EDGE_CURVE('',#1755,#1753,#72,.T.);
#2164=EDGE_CURVE('',#1755,#1756,#933,.T.);
#2165=EDGE_CURVE('',#1756,#1754,#73,.T.);
#2166=EDGE_CURVE('',#1757,#1755,#74,.T.);
#2167=EDGE_CURVE('',#1757,#1758,#934,.T.);
#2168=EDGE_CURVE('',#1758,#1756,#75,.T.);
#2169=EDGE_CURVE('',#1759,#1757,#76,.T.);
#2170=EDGE_CURVE('',#1759,#1760,#935,.T.);
#2171=EDGE_CURVE('',#1760,#1758,#77,.T.);
#2172=EDGE_CURVE('',#1746,#1759,#78,.T.);
#2173=EDGE_CURVE('',#1748,#1760,#79,.T.);
#2174=EDGE_CURVE('',#1693,#1761,#936,.T.);
#2175=EDGE_CURVE('',#1761,#1762,#80,.T.);
#2176=EDGE_CURVE('',#1694,#1762,#937,.T.);
#2177=EDGE_CURVE('',#1700,#1763,#938,.T.);
#2178=EDGE_CURVE('',#1763,#1761,#81,.T.);
#2179=EDGE_CURVE('',#1699,#1764,#939,.T.);
#2180=EDGE_CURVE('',#1764,#1763,#82,.T.);
#2181=EDGE_CURVE('',#1698,#1765,#940,.T.);
#2182=EDGE_CURVE('',#1765,#1764,#83,.T.);
#2183=EDGE_CURVE('',#1697,#1766,#941,.T.);
#2184=EDGE_CURVE('',#1766,#1765,#84,.T.);
#2185=EDGE_CURVE('',#1696,#1767,#942,.T.);
#2186=EDGE_CURVE('',#1767,#1766,#85,.T.);
#2187=EDGE_CURVE('',#1695,#1768,#943,.T.);
#2188=EDGE_CURVE('',#1768,#1767,#86,.T.);
#2189=EDGE_CURVE('',#1762,#1768,#87,.T.);
#2190=EDGE_CURVE('',#1769,#1770,#944,.T.);
#2191=EDGE_CURVE('',#1769,#1771,#945,.T.);
#2192=EDGE_CURVE('',#1771,#1772,#946,.T.);
#2193=EDGE_CURVE('',#1770,#1772,#947,.T.);
#2194=EDGE_CURVE('',#1773,#1769,#948,.T.);
#2195=EDGE_CURVE('',#1773,#1774,#949,.T.);
#2196=EDGE_CURVE('',#1774,#1771,#950,.T.);
#2197=EDGE_CURVE('',#1775,#1773,#88,.T.);
#2198=EDGE_CURVE('',#1775,#1776,#951,.T.);
#2199=EDGE_CURVE('',#1776,#1774,#89,.T.);
#2200=EDGE_CURVE('',#1777,#1775,#90,.T.);
#2201=EDGE_CURVE('',#1777,#1778,#952,.T.);
#2202=EDGE_CURVE('',#1778,#1776,#91,.T.);
#2203=EDGE_CURVE('',#1779,#1777,#92,.T.);
#2204=EDGE_CURVE('',#1779,#1780,#953,.T.);
#2205=EDGE_CURVE('',#1780,#1778,#93,.T.);
#2206=EDGE_CURVE('',#1770,#1779,#954,.T.);
#2207=EDGE_CURVE('',#1772,#1780,#955,.T.);
#2208=EDGE_CURVE('',#1781,#1782,#956,.T.);
#2209=EDGE_CURVE('',#1781,#1783,#957,.T.);
#2210=EDGE_CURVE('',#1783,#1784,#958,.T.);
#2211=EDGE_CURVE('',#1782,#1784,#959,.T.);
#2212=EDGE_CURVE('',#1785,#1781,#960,.T.);
#2213=EDGE_CURVE('',#1785,#1786,#961,.T.);
#2214=EDGE_CURVE('',#1786,#1783,#962,.T.);
#2215=EDGE_CURVE('',#1787,#1785,#94,.T.);
#2216=EDGE_CURVE('',#1787,#1788,#963,.T.);
#2217=EDGE_CURVE('',#1788,#1786,#95,.T.);
#2218=EDGE_CURVE('',#1789,#1787,#96,.T.);
#2219=EDGE_CURVE('',#1789,#1790,#964,.T.);
#2220=EDGE_CURVE('',#1790,#1788,#97,.T.);
#2221=EDGE_CURVE('',#1791,#1789,#98,.T.);
#2222=EDGE_CURVE('',#1791,#1792,#965,.T.);
#2223=EDGE_CURVE('',#1792,#1790,#99,.T.);
#2224=EDGE_CURVE('',#1793,#1791,#100,.T.);
#2225=EDGE_CURVE('',#1793,#1794,#966,.T.);
#2226=EDGE_CURVE('',#1794,#1792,#101,.T.);
#2227=EDGE_CURVE('',#1782,#1793,#967,.T.);
#2228=EDGE_CURVE('',#1784,#1794,#968,.T.);
#2229=EDGE_CURVE('',#1682,#1795,#969,.T.);
#2230=EDGE_CURVE('',#1795,#1796,#970,.T.);
#2231=EDGE_CURVE('',#1683,#1796,#971,.T.);
#2232=EDGE_CURVE('',#1692,#1797,#972,.T.);
#2233=EDGE_CURVE('',#1797,#1795,#102,.T.);
#2234=EDGE_CURVE('',#1691,#1798,#973,.T.);
#2235=EDGE_CURVE('',#1798,#1797,#103,.T.);
#2236=EDGE_CURVE('',#1690,#1799,#974,.T.);
#2237=EDGE_CURVE('',#1799,#1798,#104,.T.);
#2238=EDGE_CURVE('',#1689,#1800,#975,.T.);
#2239=EDGE_CURVE('',#1800,#1799,#105,.T.);
#2240=EDGE_CURVE('',#1688,#1801,#976,.T.);
#2241=EDGE_CURVE('',#1801,#1800,#106,.T.);
#2242=EDGE_CURVE('',#1687,#1802,#977,.T.);
#2243=EDGE_CURVE('',#1802,#1801,#107,.T.);
#2244=EDGE_CURVE('',#1686,#1803,#978,.T.);
#2245=EDGE_CURVE('',#1803,#1802,#108,.T.);
#2246=EDGE_CURVE('',#1685,#1804,#979,.T.);
#2247=EDGE_CURVE('',#1804,#1803,#109,.T.);
#2248=EDGE_CURVE('',#1684,#1805,#980,.T.);
#2249=EDGE_CURVE('',#1805,#1804,#981,.T.);
#2250=EDGE_CURVE('',#1796,#1805,#982,.T.);
#2251=EDGE_CURVE('',#1806,#1806,#1497,.T.);
#2252=EDGE_CURVE('',#1806,#1807,#983,.T.);
#2253=EDGE_CURVE('',#1807,#1807,#1498,.T.);
#2254=EDGE_CURVE('',#1808,#1809,#984,.T.);
#2255=EDGE_CURVE('',#1810,#1808,#1499,.T.);
#2256=EDGE_CURVE('',#1811,#1810,#985,.T.);
#2257=EDGE_CURVE('',#1812,#1811,#1500,.T.);
#2258=EDGE_CURVE('',#1813,#1812,#986,.T.);
#2259=EDGE_CURVE('',#1814,#1813,#1501,.F.);
#2260=EDGE_CURVE('',#1815,#1814,#987,.T.);
#2261=EDGE_CURVE('',#1809,#1815,#1502,.F.);
#2262=EDGE_CURVE('',#1816,#1816,#1503,.T.);
#2263=EDGE_CURVE('',#1817,#1817,#1504,.T.);
#2264=EDGE_CURVE('',#1817,#1806,#988,.T.);
#2265=EDGE_CURVE('',#1818,#1818,#1505,.T.);
#2266=EDGE_CURVE('',#1818,#1816,#989,.T.);
#2267=EDGE_CURVE('',#1819,#1819,#1506,.T.);
#2268=EDGE_CURVE('',#1819,#1818,#990,.T.);
#2269=EDGE_CURVE('',#1820,#1813,#15,.F.);
#2270=EDGE_CURVE('',#1812,#1821,#991,.T.);
#2271=EDGE_CURVE('',#1821,#1820,#992,.T.);
#2272=EDGE_CURVE('',#1811,#1822,#993,.T.);
#2273=EDGE_CURVE('',#1822,#1821,#1507,.T.);
#2274=EDGE_CURVE('',#1810,#1823,#994,.T.);
#2275=EDGE_CURVE('',#1823,#1822,#995,.T.);
#2276=EDGE_CURVE('',#1808,#1824,#996,.T.);
#2277=EDGE_CURVE('',#1824,#1823,#1508,.T.);
#2278=EDGE_CURVE('',#1809,#1825,#16,.F.);
#2279=EDGE_CURVE('',#1825,#1824,#997,.T.);
#2280=EDGE_CURVE('',#1826,#1827,#998,.T.);
#2281=EDGE_CURVE('',#1827,#1828,#1509,.T.);
#2282=EDGE_CURVE('',#1828,#1829,#999,.T.);
#2283=EDGE_CURVE('',#1829,#1826,#1510,.T.);
#2284=EDGE_CURVE('',#1826,#1830,#1000,.T.);
#2285=EDGE_CURVE('',#1830,#1831,#1001,.T.);
#2286=EDGE_CURVE('',#1831,#1827,#1002,.T.);
#2287=EDGE_CURVE('',#1832,#1833,#1003,.T.);
#2288=EDGE_CURVE('',#1833,#1831,#1511,.T.);
#2289=EDGE_CURVE('',#1830,#1832,#1512,.T.);
#2290=EDGE_CURVE('',#1832,#1834,#1004,.T.);
#2291=EDGE_CURVE('',#1834,#1835,#1005,.T.);
#2292=EDGE_CURVE('',#1835,#1833,#1006,.T.);
#2293=EDGE_CURVE('',#1834,#1836,#1513,.T.);
#2294=EDGE_CURVE('',#1836,#1837,#1007,.T.);
#2295=EDGE_CURVE('',#1837,#1835,#1514,.T.);
#2296=EDGE_CURVE('',#1836,#1829,#1008,.T.);
#2297=EDGE_CURVE('',#1828,#1837,#1009,.T.);
#2298=EDGE_CURVE('',#1837,#1838,#1010,.T.);
#2299=EDGE_CURVE('',#1839,#1838,#1515,.T.);
#2300=EDGE_CURVE('',#1835,#1839,#1011,.T.);
#2301=EDGE_CURVE('',#1840,#1821,#1012,.T.);
#2302=EDGE_CURVE('',#1838,#1840,#1013,.T.);
#2303=EDGE_CURVE('',#1820,#1828,#1014,.T.);
#2304=EDGE_CURVE('',#1827,#1814,#1015,.T.);
#2305=EDGE_CURVE('',#1841,#1841,#1516,.T.);
#2306=EDGE_CURVE('',#1815,#1831,#1016,.T.);
#2307=EDGE_CURVE('',#1833,#1825,#1017,.T.);
#2308=EDGE_CURVE('',#1822,#1842,#1018,.T.);
#2309=EDGE_CURVE('',#1840,#1842,#1517,.T.);
#2310=EDGE_CURVE('',#1843,#1823,#1019,.T.);
#2311=EDGE_CURVE('',#1842,#1843,#1020,.T.);
#2312=EDGE_CURVE('',#1824,#1844,#1021,.T.);
#2313=EDGE_CURVE('',#1843,#1844,#1518,.T.);
#2314=EDGE_CURVE('',#1655,#1842,#1022,.T.);
#2315=EDGE_CURVE('',#1843,#1654,#1023,.T.);
#2316=EDGE_CURVE('',#1659,#1840,#1024,.T.);
#2317=EDGE_CURVE('',#1658,#1838,#1025,.T.);
#2318=EDGE_CURVE('',#1657,#1839,#1026,.T.);
#2319=EDGE_CURVE('',#1656,#1844,#1027,.T.);
#2320=EDGE_CURVE('',#1844,#1839,#1028,.T.);
#2321=EDGE_CURVE('',#1660,#1819,#1029,.T.);
#2322=EDGE_CURVE('',#1661,#1817,#1030,.T.);
#2323=EDGE_CURVE('',#1663,#1845,#1031,.T.);
#2324=EDGE_CURVE('',#1845,#1846,#1519,.T.);
#2325=EDGE_CURVE('',#1846,#1662,#1032,.T.);
#2326=EDGE_CURVE('',#1681,#1847,#1033,.T.);
#2327=EDGE_CURVE('',#1847,#1845,#1034,.T.);
#2328=EDGE_CURVE('',#1680,#1848,#1035,.T.);
#2329=EDGE_CURVE('',#1848,#1847,#1520,.T.);
#2330=EDGE_CURVE('',#1679,#1849,#1036,.T.);
#2331=EDGE_CURVE('',#1849,#1848,#1521,.T.);
#2332=EDGE_CURVE('',#1678,#1850,#1037,.T.);
#2333=EDGE_CURVE('',#1850,#1849,#1522,.T.);
#2334=EDGE_CURVE('',#1677,#1851,#1038,.T.);
#2335=EDGE_CURVE('',#1851,#1850,#1523,.T.);
#2336=EDGE_CURVE('',#1676,#1852,#1039,.T.);
#2337=EDGE_CURVE('',#1852,#1851,#1524,.T.);
#2338=EDGE_CURVE('',#1675,#1853,#1040,.T.);
#2339=EDGE_CURVE('',#1853,#1852,#1041,.T.);
#2340=EDGE_CURVE('',#1674,#1854,#1042,.T.);
#2341=EDGE_CURVE('',#1854,#1853,#1525,.T.);
#2342=EDGE_CURVE('',#1673,#1855,#1043,.T.);
#2343=EDGE_CURVE('',#1855,#1854,#1044,.T.);
#2344=EDGE_CURVE('',#1672,#1856,#1045,.T.);
#2345=EDGE_CURVE('',#1856,#1855,#1526,.T.);
#2346=EDGE_CURVE('',#1671,#1857,#1046,.T.);
#2347=EDGE_CURVE('',#1857,#1856,#1047,.T.);
#2348=EDGE_CURVE('',#1670,#1858,#1048,.T.);
#2349=EDGE_CURVE('',#1858,#1857,#1527,.T.);
#2350=EDGE_CURVE('',#1669,#1859,#1049,.T.);
#2351=EDGE_CURVE('',#1859,#1858,#1528,.T.);
#2352=EDGE_CURVE('',#1668,#1860,#1050,.T.);
#2353=EDGE_CURVE('',#1860,#1859,#1529,.T.);
#2354=EDGE_CURVE('',#1667,#1861,#1051,.T.);
#2355=EDGE_CURVE('',#1861,#1860,#1530,.T.);
#2356=EDGE_CURVE('',#1666,#1862,#1052,.T.);
#2357=EDGE_CURVE('',#1862,#1861,#1531,.T.);
#2358=EDGE_CURVE('',#1665,#1863,#1053,.T.);
#2359=EDGE_CURVE('',#1863,#1862,#1054,.T.);
#2360=EDGE_CURVE('',#1664,#1864,#1055,.T.);
#2361=EDGE_CURVE('',#1864,#1863,#1532,.T.);
#2362=EDGE_CURVE('',#1846,#1864,#1056,.T.);
#2363=EDGE_CURVE('',#1547,#1857,#1057,.T.);
#2364=EDGE_CURVE('',#1856,#1546,#1058,.T.);
#2365=EDGE_CURVE('',#1548,#1858,#1059,.T.);
#2366=EDGE_CURVE('',#1859,#1549,#1060,.T.);
#2367=EDGE_CURVE('',#1550,#1860,#1061,.T.);
#2368=EDGE_CURVE('',#1861,#1551,#1062,.T.);
#2369=EDGE_CURVE('',#1552,#1862,#1063,.T.);
#2370=EDGE_CURVE('',#1553,#1863,#1064,.T.);
#2371=EDGE_CURVE('',#1864,#1554,#1065,.T.);
#2372=EDGE_CURVE('',#1555,#1846,#1066,.T.);
#2373=EDGE_CURVE('',#1845,#1537,#1067,.T.);
#2374=EDGE_CURVE('',#1841,#1535,#1068,.T.);
#2375=EDGE_CURVE('',#1545,#1855,#1069,.T.);
#2376=EDGE_CURVE('',#1854,#1544,#1070,.T.);
#2377=EDGE_CURVE('',#1543,#1853,#1071,.T.);
#2378=EDGE_CURVE('',#1536,#1847,#1072,.T.);
#2379=EDGE_CURVE('',#1851,#1541,#1073,.T.);
#2380=EDGE_CURVE('',#1540,#1850,#1074,.T.);
#2381=EDGE_CURVE('',#1849,#1539,#1075,.T.);
#2382=EDGE_CURVE('',#1538,#1848,#1076,.T.);
#2383=EDGE_CURVE('',#1542,#1852,#1077,.T.);
#2384=ORIENTED_EDGE('',*,*,#1865,.T.);
#2385=ORIENTED_EDGE('',*,*,#1866,.T.);
#2386=ORIENTED_EDGE('',*,*,#1867,.T.);
#2387=ORIENTED_EDGE('',*,*,#1866,.F.);
#2388=ORIENTED_EDGE('',*,*,#1865,.F.);
#2389=ORIENTED_EDGE('',*,*,#1868,.T.);
#2390=ORIENTED_EDGE('',*,*,#1869,.F.);
#2391=ORIENTED_EDGE('',*,*,#1868,.F.);
#2392=ORIENTED_EDGE('',*,*,#1870,.F.);
#2393=ORIENTED_EDGE('',*,*,#1871,.F.);
#2394=ORIENTED_EDGE('',*,*,#1872,.F.);
#2395=ORIENTED_EDGE('',*,*,#1873,.F.);
#2396=ORIENTED_EDGE('',*,*,#1874,.F.);
#2397=ORIENTED_EDGE('',*,*,#1875,.F.);
#2398=ORIENTED_EDGE('',*,*,#1876,.F.);
#2399=ORIENTED_EDGE('',*,*,#1877,.F.);
#2400=ORIENTED_EDGE('',*,*,#1878,.F.);
#2401=ORIENTED_EDGE('',*,*,#1879,.F.);
#2402=ORIENTED_EDGE('',*,*,#1880,.F.);
#2403=ORIENTED_EDGE('',*,*,#1881,.F.);
#2404=ORIENTED_EDGE('',*,*,#1882,.F.);
#2405=ORIENTED_EDGE('',*,*,#1883,.F.);
#2406=ORIENTED_EDGE('',*,*,#1884,.F.);
#2407=ORIENTED_EDGE('',*,*,#1885,.F.);
#2408=ORIENTED_EDGE('',*,*,#1886,.F.);
#2409=ORIENTED_EDGE('',*,*,#1887,.F.);
#2410=ORIENTED_EDGE('',*,*,#1888,.F.);
#2411=ORIENTED_EDGE('',*,*,#1889,.F.);
#2412=ORIENTED_EDGE('',*,*,#1867,.F.);
#2413=ORIENTED_EDGE('',*,*,#1890,.F.);
#2414=ORIENTED_EDGE('',*,*,#1891,.T.);
#2415=ORIENTED_EDGE('',*,*,#1892,.T.);
#2416=ORIENTED_EDGE('',*,*,#1893,.F.);
#2417=ORIENTED_EDGE('',*,*,#1894,.F.);
#2418=ORIENTED_EDGE('',*,*,#1895,.T.);
#2419=ORIENTED_EDGE('',*,*,#1896,.T.);
#2420=ORIENTED_EDGE('',*,*,#1891,.F.);
#2421=ORIENTED_EDGE('',*,*,#1897,.F.);
#2422=ORIENTED_EDGE('',*,*,#1893,.T.);
#2423=ORIENTED_EDGE('',*,*,#1898,.T.);
#2424=ORIENTED_EDGE('',*,*,#1895,.F.);
#2425=ORIENTED_EDGE('',*,*,#1899,.F.);
#2426=ORIENTED_EDGE('',*,*,#1900,.T.);
#2427=ORIENTED_EDGE('',*,*,#1901,.T.);
#2428=ORIENTED_EDGE('',*,*,#1902,.F.);
#2429=ORIENTED_EDGE('',*,*,#1903,.F.);
#2430=ORIENTED_EDGE('',*,*,#1904,.T.);
#2431=ORIENTED_EDGE('',*,*,#1905,.T.);
#2432=ORIENTED_EDGE('',*,*,#1900,.F.);
#2433=ORIENTED_EDGE('',*,*,#1906,.F.);
#2434=ORIENTED_EDGE('',*,*,#1907,.T.);
#2435=ORIENTED_EDGE('',*,*,#1908,.T.);
#2436=ORIENTED_EDGE('',*,*,#1904,.F.);
#2437=ORIENTED_EDGE('',*,*,#1909,.F.);
#2438=ORIENTED_EDGE('',*,*,#1910,.T.);
#2439=ORIENTED_EDGE('',*,*,#1911,.T.);
#2440=ORIENTED_EDGE('',*,*,#1907,.F.);
#2441=ORIENTED_EDGE('',*,*,#1912,.F.);
#2442=ORIENTED_EDGE('',*,*,#1913,.T.);
#2443=ORIENTED_EDGE('',*,*,#1914,.T.);
#2444=ORIENTED_EDGE('',*,*,#1910,.F.);
#2445=ORIENTED_EDGE('',*,*,#1915,.F.);
#2446=ORIENTED_EDGE('',*,*,#1916,.T.);
#2447=ORIENTED_EDGE('',*,*,#1917,.T.);
#2448=ORIENTED_EDGE('',*,*,#1913,.F.);
#2449=ORIENTED_EDGE('',*,*,#1918,.F.);
#2450=ORIENTED_EDGE('',*,*,#1919,.T.);
#2451=ORIENTED_EDGE('',*,*,#1920,.T.);
#2452=ORIENTED_EDGE('',*,*,#1916,.F.);
#2453=ORIENTED_EDGE('',*,*,#1921,.F.);
#2454=ORIENTED_EDGE('',*,*,#1922,.T.);
#2455=ORIENTED_EDGE('',*,*,#1923,.T.);
#2456=ORIENTED_EDGE('',*,*,#1919,.F.);
#2457=ORIENTED_EDGE('',*,*,#1924,.F.);
#2458=ORIENTED_EDGE('',*,*,#1925,.T.);
#2459=ORIENTED_EDGE('',*,*,#1926,.T.);
#2460=ORIENTED_EDGE('',*,*,#1922,.F.);
#2461=ORIENTED_EDGE('',*,*,#1927,.F.);
#2462=ORIENTED_EDGE('',*,*,#1928,.T.);
#2463=ORIENTED_EDGE('',*,*,#1929,.T.);
#2464=ORIENTED_EDGE('',*,*,#1925,.F.);
#2465=ORIENTED_EDGE('',*,*,#1930,.F.);
#2466=ORIENTED_EDGE('',*,*,#1931,.T.);
#2467=ORIENTED_EDGE('',*,*,#1932,.T.);
#2468=ORIENTED_EDGE('',*,*,#1928,.F.);
#2469=ORIENTED_EDGE('',*,*,#1933,.F.);
#2470=ORIENTED_EDGE('',*,*,#1934,.T.);
#2471=ORIENTED_EDGE('',*,*,#1935,.T.);
#2472=ORIENTED_EDGE('',*,*,#1931,.F.);
#2473=ORIENTED_EDGE('',*,*,#1936,.F.);
#2474=ORIENTED_EDGE('',*,*,#1937,.T.);
#2475=ORIENTED_EDGE('',*,*,#1938,.T.);
#2476=ORIENTED_EDGE('',*,*,#1934,.F.);
#2477=ORIENTED_EDGE('',*,*,#1939,.F.);
#2478=ORIENTED_EDGE('',*,*,#1940,.T.);
#2479=ORIENTED_EDGE('',*,*,#1941,.T.);
#2480=ORIENTED_EDGE('',*,*,#1937,.F.);
#2481=ORIENTED_EDGE('',*,*,#1942,.F.);
#2482=ORIENTED_EDGE('',*,*,#1943,.T.);
#2483=ORIENTED_EDGE('',*,*,#1944,.T.);
#2484=ORIENTED_EDGE('',*,*,#1940,.F.);
#2485=ORIENTED_EDGE('',*,*,#1945,.F.);
#2486=ORIENTED_EDGE('',*,*,#1946,.T.);
#2487=ORIENTED_EDGE('',*,*,#1947,.T.);
#2488=ORIENTED_EDGE('',*,*,#1943,.F.);
#2489=ORIENTED_EDGE('',*,*,#1948,.F.);
#2490=ORIENTED_EDGE('',*,*,#1949,.T.);
#2491=ORIENTED_EDGE('',*,*,#1950,.T.);
#2492=ORIENTED_EDGE('',*,*,#1946,.F.);
#2493=ORIENTED_EDGE('',*,*,#1951,.F.);
#2494=ORIENTED_EDGE('',*,*,#1952,.T.);
#2495=ORIENTED_EDGE('',*,*,#1953,.T.);
#2496=ORIENTED_EDGE('',*,*,#1949,.F.);
#2497=ORIENTED_EDGE('',*,*,#1954,.F.);
#2498=ORIENTED_EDGE('',*,*,#1955,.T.);
#2499=ORIENTED_EDGE('',*,*,#1956,.T.);
#2500=ORIENTED_EDGE('',*,*,#1952,.F.);
#2501=ORIENTED_EDGE('',*,*,#1957,.F.);
#2502=ORIENTED_EDGE('',*,*,#1958,.T.);
#2503=ORIENTED_EDGE('',*,*,#1959,.T.);
#2504=ORIENTED_EDGE('',*,*,#1955,.F.);
#2505=ORIENTED_EDGE('',*,*,#1960,.F.);
#2506=ORIENTED_EDGE('',*,*,#1961,.T.);
#2507=ORIENTED_EDGE('',*,*,#1962,.T.);
#2508=ORIENTED_EDGE('',*,*,#1958,.F.);
#2509=ORIENTED_EDGE('',*,*,#1963,.F.);
#2510=ORIENTED_EDGE('',*,*,#1964,.T.);
#2511=ORIENTED_EDGE('',*,*,#1965,.T.);
#2512=ORIENTED_EDGE('',*,*,#1961,.F.);
#2513=ORIENTED_EDGE('',*,*,#1966,.F.);
#2514=ORIENTED_EDGE('',*,*,#1967,.T.);
#2515=ORIENTED_EDGE('',*,*,#1968,.T.);
#2516=ORIENTED_EDGE('',*,*,#1964,.F.);
#2517=ORIENTED_EDGE('',*,*,#1969,.F.);
#2518=ORIENTED_EDGE('',*,*,#1970,.T.);
#2519=ORIENTED_EDGE('',*,*,#1971,.T.);
#2520=ORIENTED_EDGE('',*,*,#1967,.F.);
#2521=ORIENTED_EDGE('',*,*,#1972,.F.);
#2522=ORIENTED_EDGE('',*,*,#1902,.T.);
#2523=ORIENTED_EDGE('',*,*,#1973,.T.);
#2524=ORIENTED_EDGE('',*,*,#1970,.F.);
#2525=ORIENTED_EDGE('',*,*,#1973,.F.);
#2526=ORIENTED_EDGE('',*,*,#1901,.F.);
#2527=ORIENTED_EDGE('',*,*,#1905,.F.);
#2528=ORIENTED_EDGE('',*,*,#1908,.F.);
#2529=ORIENTED_EDGE('',*,*,#1911,.F.);
#2530=ORIENTED_EDGE('',*,*,#1914,.F.);
#2531=ORIENTED_EDGE('',*,*,#1917,.F.);
#2532=ORIENTED_EDGE('',*,*,#1920,.F.);
#2533=ORIENTED_EDGE('',*,*,#1923,.F.);
#2534=ORIENTED_EDGE('',*,*,#1926,.F.);
#2535=ORIENTED_EDGE('',*,*,#1929,.F.);
#2536=ORIENTED_EDGE('',*,*,#1932,.F.);
#2537=ORIENTED_EDGE('',*,*,#1935,.F.);
#2538=ORIENTED_EDGE('',*,*,#1938,.F.);
#2539=ORIENTED_EDGE('',*,*,#1941,.F.);
#2540=ORIENTED_EDGE('',*,*,#1944,.F.);
#2541=ORIENTED_EDGE('',*,*,#1947,.F.);
#2542=ORIENTED_EDGE('',*,*,#1950,.F.);
#2543=ORIENTED_EDGE('',*,*,#1953,.F.);
#2544=ORIENTED_EDGE('',*,*,#1956,.F.);
#2545=ORIENTED_EDGE('',*,*,#1959,.F.);
#2546=ORIENTED_EDGE('',*,*,#1962,.F.);
#2547=ORIENTED_EDGE('',*,*,#1965,.F.);
#2548=ORIENTED_EDGE('',*,*,#1968,.F.);
#2549=ORIENTED_EDGE('',*,*,#1971,.F.);
#2550=ORIENTED_EDGE('',*,*,#1898,.F.);
#2551=ORIENTED_EDGE('',*,*,#1892,.F.);
#2552=ORIENTED_EDGE('',*,*,#1896,.F.);
#2553=ORIENTED_EDGE('',*,*,#1974,.F.);
#2554=ORIENTED_EDGE('',*,*,#1975,.T.);
#2555=ORIENTED_EDGE('',*,*,#1976,.T.);
#2556=ORIENTED_EDGE('',*,*,#1977,.F.);
#2557=ORIENTED_EDGE('',*,*,#1978,.F.);
#2558=ORIENTED_EDGE('',*,*,#1979,.T.);
#2559=ORIENTED_EDGE('',*,*,#1980,.T.);
#2560=ORIENTED_EDGE('',*,*,#1975,.F.);
#2561=ORIENTED_EDGE('',*,*,#1981,.F.);
#2562=ORIENTED_EDGE('',*,*,#1982,.T.);
#2563=ORIENTED_EDGE('',*,*,#1983,.T.);
#2564=ORIENTED_EDGE('',*,*,#1979,.F.);
#2565=ORIENTED_EDGE('',*,*,#1984,.F.);
#2566=ORIENTED_EDGE('',*,*,#1977,.T.);
#2567=ORIENTED_EDGE('',*,*,#1985,.T.);
#2568=ORIENTED_EDGE('',*,*,#1982,.F.);
#2569=ORIENTED_EDGE('',*,*,#1985,.F.);
#2570=ORIENTED_EDGE('',*,*,#1976,.F.);
#2571=ORIENTED_EDGE('',*,*,#1980,.F.);
#2572=ORIENTED_EDGE('',*,*,#1983,.F.);
#2573=ORIENTED_EDGE('',*,*,#1986,.F.);
#2574=ORIENTED_EDGE('',*,*,#1987,.T.);
#2575=ORIENTED_EDGE('',*,*,#1988,.T.);
#2576=ORIENTED_EDGE('',*,*,#1989,.F.);
#2577=ORIENTED_EDGE('',*,*,#1990,.F.);
#2578=ORIENTED_EDGE('',*,*,#1991,.T.);
#2579=ORIENTED_EDGE('',*,*,#1992,.T.);
#2580=ORIENTED_EDGE('',*,*,#1987,.F.);
#2581=ORIENTED_EDGE('',*,*,#1993,.F.);
#2582=ORIENTED_EDGE('',*,*,#1994,.T.);
#2583=ORIENTED_EDGE('',*,*,#1995,.T.);
#2584=ORIENTED_EDGE('',*,*,#1991,.F.);
#2585=ORIENTED_EDGE('',*,*,#1996,.F.);
#2586=ORIENTED_EDGE('',*,*,#1997,.T.);
#2587=ORIENTED_EDGE('',*,*,#1998,.T.);
#2588=ORIENTED_EDGE('',*,*,#1994,.F.);
#2589=ORIENTED_EDGE('',*,*,#1999,.F.);
#2590=ORIENTED_EDGE('',*,*,#2000,.T.);
#2591=ORIENTED_EDGE('',*,*,#2001,.T.);
#2592=ORIENTED_EDGE('',*,*,#1997,.F.);
#2593=ORIENTED_EDGE('',*,*,#2002,.F.);
#2594=ORIENTED_EDGE('',*,*,#2003,.T.);
#2595=ORIENTED_EDGE('',*,*,#2004,.T.);
#2596=ORIENTED_EDGE('',*,*,#2000,.F.);
#2597=ORIENTED_EDGE('',*,*,#2005,.F.);
#2598=ORIENTED_EDGE('',*,*,#2006,.T.);
#2599=ORIENTED_EDGE('',*,*,#2007,.T.);
#2600=ORIENTED_EDGE('',*,*,#2003,.F.);
#2601=ORIENTED_EDGE('',*,*,#2008,.F.);
#2602=ORIENTED_EDGE('',*,*,#2009,.T.);
#2603=ORIENTED_EDGE('',*,*,#2010,.T.);
#2604=ORIENTED_EDGE('',*,*,#2006,.F.);
#2605=ORIENTED_EDGE('',*,*,#2011,.F.);
#2606=ORIENTED_EDGE('',*,*,#2012,.T.);
#2607=ORIENTED_EDGE('',*,*,#2013,.T.);
#2608=ORIENTED_EDGE('',*,*,#2009,.F.);
#2609=ORIENTED_EDGE('',*,*,#2014,.F.);
#2610=ORIENTED_EDGE('',*,*,#2015,.T.);
#2611=ORIENTED_EDGE('',*,*,#2016,.T.);
#2612=ORIENTED_EDGE('',*,*,#2012,.F.);
#2613=ORIENTED_EDGE('',*,*,#2017,.F.);
#2614=ORIENTED_EDGE('',*,*,#2018,.T.);
#2615=ORIENTED_EDGE('',*,*,#2019,.T.);
#2616=ORIENTED_EDGE('',*,*,#2015,.F.);
#2617=ORIENTED_EDGE('',*,*,#2020,.F.);
#2618=ORIENTED_EDGE('',*,*,#2021,.T.);
#2619=ORIENTED_EDGE('',*,*,#2022,.T.);
#2620=ORIENTED_EDGE('',*,*,#2018,.F.);
#2621=ORIENTED_EDGE('',*,*,#2023,.F.);
#2622=ORIENTED_EDGE('',*,*,#2024,.T.);
#2623=ORIENTED_EDGE('',*,*,#2025,.T.);
#2624=ORIENTED_EDGE('',*,*,#2021,.F.);
#2625=ORIENTED_EDGE('',*,*,#2026,.F.);
#2626=ORIENTED_EDGE('',*,*,#2027,.T.);
#2627=ORIENTED_EDGE('',*,*,#2028,.T.);
#2628=ORIENTED_EDGE('',*,*,#2024,.F.);
#2629=ORIENTED_EDGE('',*,*,#2029,.F.);
#2630=ORIENTED_EDGE('',*,*,#2030,.T.);
#2631=ORIENTED_EDGE('',*,*,#2031,.T.);
#2632=ORIENTED_EDGE('',*,*,#2027,.F.);
#2633=ORIENTED_EDGE('',*,*,#2032,.F.);
#2634=ORIENTED_EDGE('',*,*,#2033,.T.);
#2635=ORIENTED_EDGE('',*,*,#2034,.T.);
#2636=ORIENTED_EDGE('',*,*,#2030,.F.);
#2637=ORIENTED_EDGE('',*,*,#2035,.F.);
#2638=ORIENTED_EDGE('',*,*,#1989,.T.);
#2639=ORIENTED_EDGE('',*,*,#2036,.T.);
#2640=ORIENTED_EDGE('',*,*,#2033,.F.);
#2641=ORIENTED_EDGE('',*,*,#2036,.F.);
#2642=ORIENTED_EDGE('',*,*,#1988,.F.);
#2643=ORIENTED_EDGE('',*,*,#1992,.F.);
#2644=ORIENTED_EDGE('',*,*,#1995,.F.);
#2645=ORIENTED_EDGE('',*,*,#1998,.F.);
#2646=ORIENTED_EDGE('',*,*,#2001,.F.);
#2647=ORIENTED_EDGE('',*,*,#2004,.F.);
#2648=ORIENTED_EDGE('',*,*,#2007,.F.);
#2649=ORIENTED_EDGE('',*,*,#2010,.F.);
#2650=ORIENTED_EDGE('',*,*,#2013,.F.);
#2651=ORIENTED_EDGE('',*,*,#2016,.F.);
#2652=ORIENTED_EDGE('',*,*,#2019,.F.);
#2653=ORIENTED_EDGE('',*,*,#2022,.F.);
#2654=ORIENTED_EDGE('',*,*,#2025,.F.);
#2655=ORIENTED_EDGE('',*,*,#2028,.F.);
#2656=ORIENTED_EDGE('',*,*,#2031,.F.);
#2657=ORIENTED_EDGE('',*,*,#2034,.F.);
#2658=ORIENTED_EDGE('',*,*,#2037,.F.);
#2659=ORIENTED_EDGE('',*,*,#2038,.F.);
#2660=ORIENTED_EDGE('',*,*,#2039,.F.);
#2661=ORIENTED_EDGE('',*,*,#2040,.F.);
#2662=ORIENTED_EDGE('',*,*,#2041,.F.);
#2663=ORIENTED_EDGE('',*,*,#2042,.F.);
#2664=ORIENTED_EDGE('',*,*,#2043,.T.);
#2665=ORIENTED_EDGE('',*,*,#2044,.T.);
#2666=ORIENTED_EDGE('',*,*,#2045,.F.);
#2667=ORIENTED_EDGE('',*,*,#2046,.F.);
#2668=ORIENTED_EDGE('',*,*,#2047,.F.);
#2669=ORIENTED_EDGE('',*,*,#2048,.F.);
#2670=ORIENTED_EDGE('',*,*,#2049,.F.);
#2671=ORIENTED_EDGE('',*,*,#2050,.F.);
#2672=ORIENTED_EDGE('',*,*,#2051,.F.);
#2673=ORIENTED_EDGE('',*,*,#2052,.F.);
#2674=ORIENTED_EDGE('',*,*,#2053,.F.);
#2675=ORIENTED_EDGE('',*,*,#2054,.F.);
#2676=ORIENTED_EDGE('',*,*,#2055,.F.);
#2677=ORIENTED_EDGE('',*,*,#2056,.F.);
#2678=ORIENTED_EDGE('',*,*,#2057,.F.);
#2679=ORIENTED_EDGE('',*,*,#2058,.F.);
#2680=ORIENTED_EDGE('',*,*,#2059,.F.);
#2681=ORIENTED_EDGE('',*,*,#2060,.F.);
#2682=ORIENTED_EDGE('',*,*,#2061,.F.);
#2683=ORIENTED_EDGE('',*,*,#2062,.F.);
#2684=ORIENTED_EDGE('',*,*,#2063,.F.);
#2685=ORIENTED_EDGE('',*,*,#2064,.F.);
#2686=ORIENTED_EDGE('',*,*,#2065,.T.);
#2687=ORIENTED_EDGE('',*,*,#2066,.T.);
#2688=ORIENTED_EDGE('',*,*,#2067,.T.);
#2689=ORIENTED_EDGE('',*,*,#2068,.T.);
#2690=ORIENTED_EDGE('',*,*,#2069,.T.);
#2691=ORIENTED_EDGE('',*,*,#2070,.T.);
#2692=ORIENTED_EDGE('',*,*,#2071,.T.);
#2693=ORIENTED_EDGE('',*,*,#2072,.T.);
#2694=ORIENTED_EDGE('',*,*,#2073,.T.);
#2695=ORIENTED_EDGE('',*,*,#2074,.T.);
#2696=ORIENTED_EDGE('',*,*,#2075,.T.);
#2697=ORIENTED_EDGE('',*,*,#2076,.T.);
#2698=ORIENTED_EDGE('',*,*,#2077,.T.);
#2699=ORIENTED_EDGE('',*,*,#2078,.T.);
#2700=ORIENTED_EDGE('',*,*,#2079,.T.);
#2701=ORIENTED_EDGE('',*,*,#2080,.T.);
#2702=ORIENTED_EDGE('',*,*,#2081,.T.);
#2703=ORIENTED_EDGE('',*,*,#2082,.T.);
#2704=ORIENTED_EDGE('',*,*,#2083,.T.);
#2705=ORIENTED_EDGE('',*,*,#2084,.T.);
#2706=ORIENTED_EDGE('',*,*,#2085,.T.);
#2707=ORIENTED_EDGE('',*,*,#2086,.T.);
#2708=ORIENTED_EDGE('',*,*,#2087,.T.);
#2709=ORIENTED_EDGE('',*,*,#2088,.T.);
#2710=ORIENTED_EDGE('',*,*,#2089,.T.);
#2711=ORIENTED_EDGE('',*,*,#2090,.T.);
#2712=ORIENTED_EDGE('',*,*,#2091,.T.);
#2713=ORIENTED_EDGE('',*,*,#2092,.T.);
#2714=ORIENTED_EDGE('',*,*,#2093,.T.);
#2715=ORIENTED_EDGE('',*,*,#2094,.T.);
#2716=ORIENTED_EDGE('',*,*,#2095,.T.);
#2717=ORIENTED_EDGE('',*,*,#2096,.T.);
#2718=ORIENTED_EDGE('',*,*,#2097,.T.);
#2719=ORIENTED_EDGE('',*,*,#2098,.T.);
#2720=ORIENTED_EDGE('',*,*,#2099,.T.);
#2721=ORIENTED_EDGE('',*,*,#2100,.T.);
#2722=ORIENTED_EDGE('',*,*,#2101,.T.);
#2723=ORIENTED_EDGE('',*,*,#2102,.T.);
#2724=ORIENTED_EDGE('',*,*,#1986,.T.);
#2725=ORIENTED_EDGE('',*,*,#2035,.T.);
#2726=ORIENTED_EDGE('',*,*,#2032,.T.);
#2727=ORIENTED_EDGE('',*,*,#2029,.T.);
#2728=ORIENTED_EDGE('',*,*,#2026,.T.);
#2729=ORIENTED_EDGE('',*,*,#2023,.T.);
#2730=ORIENTED_EDGE('',*,*,#2020,.T.);
#2731=ORIENTED_EDGE('',*,*,#2017,.T.);
#2732=ORIENTED_EDGE('',*,*,#2014,.T.);
#2733=ORIENTED_EDGE('',*,*,#2011,.T.);
#2734=ORIENTED_EDGE('',*,*,#2008,.T.);
#2735=ORIENTED_EDGE('',*,*,#2005,.T.);
#2736=ORIENTED_EDGE('',*,*,#2002,.T.);
#2737=ORIENTED_EDGE('',*,*,#1999,.T.);
#2738=ORIENTED_EDGE('',*,*,#1996,.T.);
#2739=ORIENTED_EDGE('',*,*,#1993,.T.);
#2740=ORIENTED_EDGE('',*,*,#1990,.T.);
#2741=ORIENTED_EDGE('',*,*,#1974,.T.);
#2742=ORIENTED_EDGE('',*,*,#1984,.T.);
#2743=ORIENTED_EDGE('',*,*,#1981,.T.);
#2744=ORIENTED_EDGE('',*,*,#1978,.T.);
#2745=ORIENTED_EDGE('',*,*,#1899,.T.);
#2746=ORIENTED_EDGE('',*,*,#1972,.T.);
#2747=ORIENTED_EDGE('',*,*,#1969,.T.);
#2748=ORIENTED_EDGE('',*,*,#1966,.T.);
#2749=ORIENTED_EDGE('',*,*,#1963,.T.);
#2750=ORIENTED_EDGE('',*,*,#1960,.T.);
#2751=ORIENTED_EDGE('',*,*,#1957,.T.);
#2752=ORIENTED_EDGE('',*,*,#1954,.T.);
#2753=ORIENTED_EDGE('',*,*,#1951,.T.);
#2754=ORIENTED_EDGE('',*,*,#1948,.T.);
#2755=ORIENTED_EDGE('',*,*,#1945,.T.);
#2756=ORIENTED_EDGE('',*,*,#1942,.T.);
#2757=ORIENTED_EDGE('',*,*,#1939,.T.);
#2758=ORIENTED_EDGE('',*,*,#1936,.T.);
#2759=ORIENTED_EDGE('',*,*,#1933,.T.);
#2760=ORIENTED_EDGE('',*,*,#1930,.T.);
#2761=ORIENTED_EDGE('',*,*,#1927,.T.);
#2762=ORIENTED_EDGE('',*,*,#1924,.T.);
#2763=ORIENTED_EDGE('',*,*,#1921,.T.);
#2764=ORIENTED_EDGE('',*,*,#1918,.T.);
#2765=ORIENTED_EDGE('',*,*,#1915,.T.);
#2766=ORIENTED_EDGE('',*,*,#1912,.T.);
#2767=ORIENTED_EDGE('',*,*,#1909,.T.);
#2768=ORIENTED_EDGE('',*,*,#1906,.T.);
#2769=ORIENTED_EDGE('',*,*,#1903,.T.);
#2770=ORIENTED_EDGE('',*,*,#2095,.F.);
#2771=ORIENTED_EDGE('',*,*,#2103,.T.);
#2772=ORIENTED_EDGE('',*,*,#2104,.T.);
#2773=ORIENTED_EDGE('',*,*,#2105,.F.);
#2774=ORIENTED_EDGE('',*,*,#2102,.F.);
#2775=ORIENTED_EDGE('',*,*,#2106,.T.);
#2776=ORIENTED_EDGE('',*,*,#2107,.T.);
#2777=ORIENTED_EDGE('',*,*,#2103,.F.);
#2778=ORIENTED_EDGE('',*,*,#2101,.F.);
#2779=ORIENTED_EDGE('',*,*,#2108,.T.);
#2780=ORIENTED_EDGE('',*,*,#2109,.T.);
#2781=ORIENTED_EDGE('',*,*,#2106,.F.);
#2782=ORIENTED_EDGE('',*,*,#2100,.F.);
#2783=ORIENTED_EDGE('',*,*,#2110,.T.);
#2784=ORIENTED_EDGE('',*,*,#2111,.T.);
#2785=ORIENTED_EDGE('',*,*,#2108,.F.);
#2786=ORIENTED_EDGE('',*,*,#2099,.F.);
#2787=ORIENTED_EDGE('',*,*,#2112,.T.);
#2788=ORIENTED_EDGE('',*,*,#2113,.T.);
#2789=ORIENTED_EDGE('',*,*,#2110,.F.);
#2790=ORIENTED_EDGE('',*,*,#2098,.F.);
#2791=ORIENTED_EDGE('',*,*,#2114,.T.);
#2792=ORIENTED_EDGE('',*,*,#2115,.T.);
#2793=ORIENTED_EDGE('',*,*,#2112,.F.);
#2794=ORIENTED_EDGE('',*,*,#2097,.F.);
#2795=ORIENTED_EDGE('',*,*,#2116,.T.);
#2796=ORIENTED_EDGE('',*,*,#2117,.T.);
#2797=ORIENTED_EDGE('',*,*,#2114,.F.);
#2798=ORIENTED_EDGE('',*,*,#2096,.F.);
#2799=ORIENTED_EDGE('',*,*,#2105,.T.);
#2800=ORIENTED_EDGE('',*,*,#2118,.T.);
#2801=ORIENTED_EDGE('',*,*,#2116,.F.);
#2802=ORIENTED_EDGE('',*,*,#2118,.F.);
#2803=ORIENTED_EDGE('',*,*,#2104,.F.);
#2804=ORIENTED_EDGE('',*,*,#2107,.F.);
#2805=ORIENTED_EDGE('',*,*,#2109,.F.);
#2806=ORIENTED_EDGE('',*,*,#2111,.F.);
#2807=ORIENTED_EDGE('',*,*,#2113,.F.);
#2808=ORIENTED_EDGE('',*,*,#2115,.F.);
#2809=ORIENTED_EDGE('',*,*,#2117,.F.);
#2810=ORIENTED_EDGE('',*,*,#2119,.F.);
#2811=ORIENTED_EDGE('',*,*,#2120,.T.);
#2812=ORIENTED_EDGE('',*,*,#2121,.T.);
#2813=ORIENTED_EDGE('',*,*,#2122,.F.);
#2814=ORIENTED_EDGE('',*,*,#2123,.F.);
#2815=ORIENTED_EDGE('',*,*,#2124,.T.);
#2816=ORIENTED_EDGE('',*,*,#2125,.T.);
#2817=ORIENTED_EDGE('',*,*,#2120,.F.);
#2818=ORIENTED_EDGE('',*,*,#2126,.F.);
#2819=ORIENTED_EDGE('',*,*,#2122,.T.);
#2820=ORIENTED_EDGE('',*,*,#2127,.T.);
#2821=ORIENTED_EDGE('',*,*,#2124,.F.);
#2822=ORIENTED_EDGE('',*,*,#2084,.F.);
#2823=ORIENTED_EDGE('',*,*,#2128,.T.);
#2824=ORIENTED_EDGE('',*,*,#2129,.T.);
#2825=ORIENTED_EDGE('',*,*,#2130,.F.);
#2826=ORIENTED_EDGE('',*,*,#2094,.F.);
#2827=ORIENTED_EDGE('',*,*,#2131,.T.);
#2828=ORIENTED_EDGE('',*,*,#2132,.T.);
#2829=ORIENTED_EDGE('',*,*,#2128,.F.);
#2830=ORIENTED_EDGE('',*,*,#2093,.F.);
#2831=ORIENTED_EDGE('',*,*,#2133,.T.);
#2832=ORIENTED_EDGE('',*,*,#2134,.T.);
#2833=ORIENTED_EDGE('',*,*,#2131,.F.);
#2834=ORIENTED_EDGE('',*,*,#2092,.F.);
#2835=ORIENTED_EDGE('',*,*,#2135,.T.);
#2836=ORIENTED_EDGE('',*,*,#2136,.T.);
#2837=ORIENTED_EDGE('',*,*,#2133,.F.);
#2838=ORIENTED_EDGE('',*,*,#2091,.F.);
#2839=ORIENTED_EDGE('',*,*,#2137,.T.);
#2840=ORIENTED_EDGE('',*,*,#2138,.T.);
#2841=ORIENTED_EDGE('',*,*,#2135,.F.);
#2842=ORIENTED_EDGE('',*,*,#2090,.F.);
#2843=ORIENTED_EDGE('',*,*,#2139,.T.);
#2844=ORIENTED_EDGE('',*,*,#2140,.T.);
#2845=ORIENTED_EDGE('',*,*,#2137,.F.);
#2846=ORIENTED_EDGE('',*,*,#2089,.F.);
#2847=ORIENTED_EDGE('',*,*,#2141,.T.);
#2848=ORIENTED_EDGE('',*,*,#2142,.T.);
#2849=ORIENTED_EDGE('',*,*,#2139,.F.);
#2850=ORIENTED_EDGE('',*,*,#2088,.F.);
#2851=ORIENTED_EDGE('',*,*,#2143,.T.);
#2852=ORIENTED_EDGE('',*,*,#2144,.T.);
#2853=ORIENTED_EDGE('',*,*,#2141,.F.);
#2854=ORIENTED_EDGE('',*,*,#2087,.F.);
#2855=ORIENTED_EDGE('',*,*,#2145,.T.);
#2856=ORIENTED_EDGE('',*,*,#2146,.T.);
#2857=ORIENTED_EDGE('',*,*,#2143,.F.);
#2858=ORIENTED_EDGE('',*,*,#2086,.F.);
#2859=ORIENTED_EDGE('',*,*,#2147,.T.);
#2860=ORIENTED_EDGE('',*,*,#2148,.T.);
#2861=ORIENTED_EDGE('',*,*,#2145,.F.);
#2862=ORIENTED_EDGE('',*,*,#2085,.F.);
#2863=ORIENTED_EDGE('',*,*,#2130,.T.);
#2864=ORIENTED_EDGE('',*,*,#2149,.T.);
#2865=ORIENTED_EDGE('',*,*,#2147,.F.);
#2866=ORIENTED_EDGE('',*,*,#2149,.F.);
#2867=ORIENTED_EDGE('',*,*,#2129,.F.);
#2868=ORIENTED_EDGE('',*,*,#2132,.F.);
#2869=ORIENTED_EDGE('',*,*,#2134,.F.);
#2870=ORIENTED_EDGE('',*,*,#2136,.F.);
#2871=ORIENTED_EDGE('',*,*,#2138,.F.);
#2872=ORIENTED_EDGE('',*,*,#2140,.F.);
#2873=ORIENTED_EDGE('',*,*,#2142,.F.);
#2874=ORIENTED_EDGE('',*,*,#2144,.F.);
#2875=ORIENTED_EDGE('',*,*,#2146,.F.);
#2876=ORIENTED_EDGE('',*,*,#2148,.F.);
#2877=ORIENTED_EDGE('',*,*,#2127,.F.);
#2878=ORIENTED_EDGE('',*,*,#2121,.F.);
#2879=ORIENTED_EDGE('',*,*,#2125,.F.);
#2880=ORIENTED_EDGE('',*,*,#2150,.F.);
#2881=ORIENTED_EDGE('',*,*,#2151,.T.);
#2882=ORIENTED_EDGE('',*,*,#2152,.T.);
#2883=ORIENTED_EDGE('',*,*,#2153,.F.);
#2884=ORIENTED_EDGE('',*,*,#2154,.F.);
#2885=ORIENTED_EDGE('',*,*,#2155,.T.);
#2886=ORIENTED_EDGE('',*,*,#2156,.T.);
#2887=ORIENTED_EDGE('',*,*,#2151,.F.);
#2888=ORIENTED_EDGE('',*,*,#2157,.F.);
#2889=ORIENTED_EDGE('',*,*,#2158,.T.);
#2890=ORIENTED_EDGE('',*,*,#2159,.T.);
#2891=ORIENTED_EDGE('',*,*,#2155,.F.);
#2892=ORIENTED_EDGE('',*,*,#2160,.F.);
#2893=ORIENTED_EDGE('',*,*,#2161,.T.);
#2894=ORIENTED_EDGE('',*,*,#2162,.T.);
#2895=ORIENTED_EDGE('',*,*,#2158,.F.);
#2896=ORIENTED_EDGE('',*,*,#2163,.F.);
#2897=ORIENTED_EDGE('',*,*,#2164,.T.);
#2898=ORIENTED_EDGE('',*,*,#2165,.T.);
#2899=ORIENTED_EDGE('',*,*,#2161,.F.);
#2900=ORIENTED_EDGE('',*,*,#2166,.F.);
#2901=ORIENTED_EDGE('',*,*,#2167,.T.);
#2902=ORIENTED_EDGE('',*,*,#2168,.T.);
#2903=ORIENTED_EDGE('',*,*,#2164,.F.);
#2904=ORIENTED_EDGE('',*,*,#2169,.F.);
#2905=ORIENTED_EDGE('',*,*,#2170,.T.);
#2906=ORIENTED_EDGE('',*,*,#2171,.T.);
#2907=ORIENTED_EDGE('',*,*,#2167,.F.);
#2908=ORIENTED_EDGE('',*,*,#2172,.F.);
#2909=ORIENTED_EDGE('',*,*,#2153,.T.);
#2910=ORIENTED_EDGE('',*,*,#2173,.T.);
#2911=ORIENTED_EDGE('',*,*,#2170,.F.);
#2912=ORIENTED_EDGE('',*,*,#2076,.F.);
#2913=ORIENTED_EDGE('',*,*,#2174,.T.);
#2914=ORIENTED_EDGE('',*,*,#2175,.T.);
#2915=ORIENTED_EDGE('',*,*,#2176,.F.);
#2916=ORIENTED_EDGE('',*,*,#2083,.F.);
#2917=ORIENTED_EDGE('',*,*,#2177,.T.);
#2918=ORIENTED_EDGE('',*,*,#2178,.T.);
#2919=ORIENTED_EDGE('',*,*,#2174,.F.);
#2920=ORIENTED_EDGE('',*,*,#2082,.F.);
#2921=ORIENTED_EDGE('',*,*,#2179,.T.);
#2922=ORIENTED_EDGE('',*,*,#2180,.T.);
#2923=ORIENTED_EDGE('',*,*,#2177,.F.);
#2924=ORIENTED_EDGE('',*,*,#2081,.F.);
#2925=ORIENTED_EDGE('',*,*,#2181,.T.);
#2926=ORIENTED_EDGE('',*,*,#2182,.T.);
#2927=ORIENTED_EDGE('',*,*,#2179,.F.);
#2928=ORIENTED_EDGE('',*,*,#2080,.F.);
#2929=ORIENTED_EDGE('',*,*,#2183,.T.);
#2930=ORIENTED_EDGE('',*,*,#2184,.T.);
#2931=ORIENTED_EDGE('',*,*,#2181,.F.);
#2932=ORIENTED_EDGE('',*,*,#2079,.F.);
#2933=ORIENTED_EDGE('',*,*,#2185,.T.);
#2934=ORIENTED_EDGE('',*,*,#2186,.T.);
#2935=ORIENTED_EDGE('',*,*,#2183,.F.);
#2936=ORIENTED_EDGE('',*,*,#2078,.F.);
#2937=ORIENTED_EDGE('',*,*,#2187,.T.);
#2938=ORIENTED_EDGE('',*,*,#2188,.T.);
#2939=ORIENTED_EDGE('',*,*,#2185,.F.);
#2940=ORIENTED_EDGE('',*,*,#2077,.F.);
#2941=ORIENTED_EDGE('',*,*,#2176,.T.);
#2942=ORIENTED_EDGE('',*,*,#2189,.T.);
#2943=ORIENTED_EDGE('',*,*,#2187,.F.);
#2944=ORIENTED_EDGE('',*,*,#2189,.F.);
#2945=ORIENTED_EDGE('',*,*,#2175,.F.);
#2946=ORIENTED_EDGE('',*,*,#2178,.F.);
#2947=ORIENTED_EDGE('',*,*,#2180,.F.);
#2948=ORIENTED_EDGE('',*,*,#2182,.F.);
#2949=ORIENTED_EDGE('',*,*,#2184,.F.);
#2950=ORIENTED_EDGE('',*,*,#2186,.F.);
#2951=ORIENTED_EDGE('',*,*,#2188,.F.);
#2952=ORIENTED_EDGE('',*,*,#2173,.F.);
#2953=ORIENTED_EDGE('',*,*,#2152,.F.);
#2954=ORIENTED_EDGE('',*,*,#2156,.F.);
#2955=ORIENTED_EDGE('',*,*,#2159,.F.);
#2956=ORIENTED_EDGE('',*,*,#2162,.F.);
#2957=ORIENTED_EDGE('',*,*,#2165,.F.);
#2958=ORIENTED_EDGE('',*,*,#2168,.F.);
#2959=ORIENTED_EDGE('',*,*,#2171,.F.);
#2960=ORIENTED_EDGE('',*,*,#2190,.F.);
#2961=ORIENTED_EDGE('',*,*,#2191,.T.);
#2962=ORIENTED_EDGE('',*,*,#2192,.T.);
#2963=ORIENTED_EDGE('',*,*,#2193,.F.);
#2964=ORIENTED_EDGE('',*,*,#2194,.F.);
#2965=ORIENTED_EDGE('',*,*,#2195,.T.);
#2966=ORIENTED_EDGE('',*,*,#2196,.T.);
#2967=ORIENTED_EDGE('',*,*,#2191,.F.);
#2968=ORIENTED_EDGE('',*,*,#2197,.F.);
#2969=ORIENTED_EDGE('',*,*,#2198,.T.);
#2970=ORIENTED_EDGE('',*,*,#2199,.T.);
#2971=ORIENTED_EDGE('',*,*,#2195,.F.);
#2972=ORIENTED_EDGE('',*,*,#2200,.F.);
#2973=ORIENTED_EDGE('',*,*,#2201,.T.);
#2974=ORIENTED_EDGE('',*,*,#2202,.T.);
#2975=ORIENTED_EDGE('',*,*,#2198,.F.);
#2976=ORIENTED_EDGE('',*,*,#2203,.F.);
#2977=ORIENTED_EDGE('',*,*,#2204,.T.);
#2978=ORIENTED_EDGE('',*,*,#2205,.T.);
#2979=ORIENTED_EDGE('',*,*,#2201,.F.);
#2980=ORIENTED_EDGE('',*,*,#2206,.F.);
#2981=ORIENTED_EDGE('',*,*,#2193,.T.);
#2982=ORIENTED_EDGE('',*,*,#2207,.T.);
#2983=ORIENTED_EDGE('',*,*,#2204,.F.);
#2984=ORIENTED_EDGE('',*,*,#2208,.F.);
#2985=ORIENTED_EDGE('',*,*,#2209,.T.);
#2986=ORIENTED_EDGE('',*,*,#2210,.T.);
#2987=ORIENTED_EDGE('',*,*,#2211,.F.);
#2988=ORIENTED_EDGE('',*,*,#2212,.F.);
#2989=ORIENTED_EDGE('',*,*,#2213,.T.);
#2990=ORIENTED_EDGE('',*,*,#2214,.T.);
#2991=ORIENTED_EDGE('',*,*,#2209,.F.);
#2992=ORIENTED_EDGE('',*,*,#2215,.F.);
#2993=ORIENTED_EDGE('',*,*,#2216,.T.);
#2994=ORIENTED_EDGE('',*,*,#2217,.T.);
#2995=ORIENTED_EDGE('',*,*,#2213,.F.);
#2996=ORIENTED_EDGE('',*,*,#2218,.F.);
#2997=ORIENTED_EDGE('',*,*,#2219,.T.);
#2998=ORIENTED_EDGE('',*,*,#2220,.T.);
#2999=ORIENTED_EDGE('',*,*,#2216,.F.);
#3000=ORIENTED_EDGE('',*,*,#2221,.F.);
#3001=ORIENTED_EDGE('',*,*,#2222,.T.);
#3002=ORIENTED_EDGE('',*,*,#2223,.T.);
#3003=ORIENTED_EDGE('',*,*,#2219,.F.);
#3004=ORIENTED_EDGE('',*,*,#2224,.F.);
#3005=ORIENTED_EDGE('',*,*,#2225,.T.);
#3006=ORIENTED_EDGE('',*,*,#2226,.T.);
#3007=ORIENTED_EDGE('',*,*,#2222,.F.);
#3008=ORIENTED_EDGE('',*,*,#2227,.F.);
#3009=ORIENTED_EDGE('',*,*,#2211,.T.);
#3010=ORIENTED_EDGE('',*,*,#2228,.T.);
#3011=ORIENTED_EDGE('',*,*,#2225,.F.);
#3012=ORIENTED_EDGE('',*,*,#2065,.F.);
#3013=ORIENTED_EDGE('',*,*,#2229,.T.);
#3014=ORIENTED_EDGE('',*,*,#2230,.T.);
#3015=ORIENTED_EDGE('',*,*,#2231,.F.);
#3016=ORIENTED_EDGE('',*,*,#2075,.F.);
#3017=ORIENTED_EDGE('',*,*,#2232,.T.);
#3018=ORIENTED_EDGE('',*,*,#2233,.T.);
#3019=ORIENTED_EDGE('',*,*,#2229,.F.);
#3020=ORIENTED_EDGE('',*,*,#2074,.F.);
#3021=ORIENTED_EDGE('',*,*,#2234,.T.);
#3022=ORIENTED_EDGE('',*,*,#2235,.T.);
#3023=ORIENTED_EDGE('',*,*,#2232,.F.);
#3024=ORIENTED_EDGE('',*,*,#2073,.F.);
#3025=ORIENTED_EDGE('',*,*,#2236,.T.);
#3026=ORIENTED_EDGE('',*,*,#2237,.T.);
#3027=ORIENTED_EDGE('',*,*,#2234,.F.);
#3028=ORIENTED_EDGE('',*,*,#2072,.F.);
#3029=ORIENTED_EDGE('',*,*,#2238,.T.);
#3030=ORIENTED_EDGE('',*,*,#2239,.T.);
#3031=ORIENTED_EDGE('',*,*,#2236,.F.);
#3032=ORIENTED_EDGE('',*,*,#2071,.F.);
#3033=ORIENTED_EDGE('',*,*,#2240,.T.);
#3034=ORIENTED_EDGE('',*,*,#2241,.T.);
#3035=ORIENTED_EDGE('',*,*,#2238,.F.);
#3036=ORIENTED_EDGE('',*,*,#2070,.F.);
#3037=ORIENTED_EDGE('',*,*,#2242,.T.);
#3038=ORIENTED_EDGE('',*,*,#2243,.T.);
#3039=ORIENTED_EDGE('',*,*,#2240,.F.);
#3040=ORIENTED_EDGE('',*,*,#2069,.F.);
#3041=ORIENTED_EDGE('',*,*,#2244,.T.);
#3042=ORIENTED_EDGE('',*,*,#2245,.T.);
#3043=ORIENTED_EDGE('',*,*,#2242,.F.);
#3044=ORIENTED_EDGE('',*,*,#2068,.F.);
#3045=ORIENTED_EDGE('',*,*,#2246,.T.);
#3046=ORIENTED_EDGE('',*,*,#2247,.T.);
#3047=ORIENTED_EDGE('',*,*,#2244,.F.);
#3048=ORIENTED_EDGE('',*,*,#2067,.F.);
#3049=ORIENTED_EDGE('',*,*,#2248,.T.);
#3050=ORIENTED_EDGE('',*,*,#2249,.T.);
#3051=ORIENTED_EDGE('',*,*,#2246,.F.);
#3052=ORIENTED_EDGE('',*,*,#2066,.F.);
#3053=ORIENTED_EDGE('',*,*,#2231,.T.);
#3054=ORIENTED_EDGE('',*,*,#2250,.T.);
#3055=ORIENTED_EDGE('',*,*,#2248,.F.);
#3056=ORIENTED_EDGE('',*,*,#2250,.F.);
#3057=ORIENTED_EDGE('',*,*,#2230,.F.);
#3058=ORIENTED_EDGE('',*,*,#2233,.F.);
#3059=ORIENTED_EDGE('',*,*,#2235,.F.);
#3060=ORIENTED_EDGE('',*,*,#2237,.F.);
#3061=ORIENTED_EDGE('',*,*,#2239,.F.);
#3062=ORIENTED_EDGE('',*,*,#2241,.F.);
#3063=ORIENTED_EDGE('',*,*,#2243,.F.);
#3064=ORIENTED_EDGE('',*,*,#2245,.F.);
#3065=ORIENTED_EDGE('',*,*,#2247,.F.);
#3066=ORIENTED_EDGE('',*,*,#2249,.F.);
#3067=ORIENTED_EDGE('',*,*,#2228,.F.);
#3068=ORIENTED_EDGE('',*,*,#2210,.F.);
#3069=ORIENTED_EDGE('',*,*,#2214,.F.);
#3070=ORIENTED_EDGE('',*,*,#2217,.F.);
#3071=ORIENTED_EDGE('',*,*,#2220,.F.);
#3072=ORIENTED_EDGE('',*,*,#2223,.F.);
#3073=ORIENTED_EDGE('',*,*,#2226,.F.);
#3074=ORIENTED_EDGE('',*,*,#2207,.F.);
#3075=ORIENTED_EDGE('',*,*,#2192,.F.);
#3076=ORIENTED_EDGE('',*,*,#2196,.F.);
#3077=ORIENTED_EDGE('',*,*,#2199,.F.);
#3078=ORIENTED_EDGE('',*,*,#2202,.F.);
#3079=ORIENTED_EDGE('',*,*,#2205,.F.);
#3080=ORIENTED_EDGE('',*,*,#1890,.T.);
#3081=ORIENTED_EDGE('',*,*,#1897,.T.);
#3082=ORIENTED_EDGE('',*,*,#1894,.T.);
#3083=ORIENTED_EDGE('',*,*,#2208,.T.);
#3084=ORIENTED_EDGE('',*,*,#2227,.T.);
#3085=ORIENTED_EDGE('',*,*,#2224,.T.);
#3086=ORIENTED_EDGE('',*,*,#2221,.T.);
#3087=ORIENTED_EDGE('',*,*,#2218,.T.);
#3088=ORIENTED_EDGE('',*,*,#2215,.T.);
#3089=ORIENTED_EDGE('',*,*,#2212,.T.);
#3090=ORIENTED_EDGE('',*,*,#2190,.T.);
#3091=ORIENTED_EDGE('',*,*,#2206,.T.);
#3092=ORIENTED_EDGE('',*,*,#2203,.T.);
#3093=ORIENTED_EDGE('',*,*,#2200,.T.);
#3094=ORIENTED_EDGE('',*,*,#2197,.T.);
#3095=ORIENTED_EDGE('',*,*,#2194,.T.);
#3096=ORIENTED_EDGE('',*,*,#2150,.T.);
#3097=ORIENTED_EDGE('',*,*,#2172,.T.);
#3098=ORIENTED_EDGE('',*,*,#2169,.T.);
#3099=ORIENTED_EDGE('',*,*,#2166,.T.);
#3100=ORIENTED_EDGE('',*,*,#2163,.T.);
#3101=ORIENTED_EDGE('',*,*,#2160,.T.);
#3102=ORIENTED_EDGE('',*,*,#2157,.T.);
#3103=ORIENTED_EDGE('',*,*,#2154,.T.);
#3104=ORIENTED_EDGE('',*,*,#2251,.T.);
#3105=ORIENTED_EDGE('',*,*,#2252,.T.);
#3106=ORIENTED_EDGE('',*,*,#2253,.T.);
#3107=ORIENTED_EDGE('',*,*,#2252,.F.);
#3108=ORIENTED_EDGE('',*,*,#2254,.F.);
#3109=ORIENTED_EDGE('',*,*,#2255,.F.);
#3110=ORIENTED_EDGE('',*,*,#2256,.F.);
#3111=ORIENTED_EDGE('',*,*,#2257,.F.);
#3112=ORIENTED_EDGE('',*,*,#2258,.F.);
#3113=ORIENTED_EDGE('',*,*,#2259,.F.);
#3114=ORIENTED_EDGE('',*,*,#2260,.F.);
#3115=ORIENTED_EDGE('',*,*,#2261,.F.);
#3116=ORIENTED_EDGE('',*,*,#2262,.F.);
#3117=ORIENTED_EDGE('',*,*,#2253,.F.);
#3118=ORIENTED_EDGE('',*,*,#2263,.F.);
#3119=ORIENTED_EDGE('',*,*,#2264,.T.);
#3120=ORIENTED_EDGE('',*,*,#2251,.F.);
#3121=ORIENTED_EDGE('',*,*,#2264,.F.);
#3122=ORIENTED_EDGE('',*,*,#2265,.T.);
#3123=ORIENTED_EDGE('',*,*,#2266,.T.);
#3124=ORIENTED_EDGE('',*,*,#2262,.T.);
#3125=ORIENTED_EDGE('',*,*,#2266,.F.);
#3126=ORIENTED_EDGE('',*,*,#2267,.F.);
#3127=ORIENTED_EDGE('',*,*,#2268,.T.);
#3128=ORIENTED_EDGE('',*,*,#2265,.F.);
#3129=ORIENTED_EDGE('',*,*,#2268,.F.);
#3130=ORIENTED_EDGE('',*,*,#2269,.T.);
#3131=ORIENTED_EDGE('',*,*,#2258,.T.);
#3132=ORIENTED_EDGE('',*,*,#2270,.T.);
#3133=ORIENTED_EDGE('',*,*,#2271,.T.);
#3134=ORIENTED_EDGE('',*,*,#2272,.T.);
#3135=ORIENTED_EDGE('',*,*,#2273,.T.);
#3136=ORIENTED_EDGE('',*,*,#2270,.F.);
#3137=ORIENTED_EDGE('',*,*,#2257,.T.);
#3138=ORIENTED_EDGE('',*,*,#2274,.T.);
#3139=ORIENTED_EDGE('',*,*,#2275,.T.);
#3140=ORIENTED_EDGE('',*,*,#2272,.F.);
#3141=ORIENTED_EDGE('',*,*,#2256,.T.);
#3142=ORIENTED_EDGE('',*,*,#2276,.T.);
#3143=ORIENTED_EDGE('',*,*,#2277,.T.);
#3144=ORIENTED_EDGE('',*,*,#2274,.F.);
#3145=ORIENTED_EDGE('',*,*,#2255,.T.);
#3146=ORIENTED_EDGE('',*,*,#2278,.T.);
#3147=ORIENTED_EDGE('',*,*,#2279,.T.);
#3148=ORIENTED_EDGE('',*,*,#2276,.F.);
#3149=ORIENTED_EDGE('',*,*,#2254,.T.);
#3150=ORIENTED_EDGE('',*,*,#2280,.T.);
#3151=ORIENTED_EDGE('',*,*,#2281,.T.);
#3152=ORIENTED_EDGE('',*,*,#2282,.T.);
#3153=ORIENTED_EDGE('',*,*,#2283,.T.);
#3154=ORIENTED_EDGE('',*,*,#2280,.F.);
#3155=ORIENTED_EDGE('',*,*,#2284,.T.);
#3156=ORIENTED_EDGE('',*,*,#2285,.T.);
#3157=ORIENTED_EDGE('',*,*,#2286,.T.);
#3158=ORIENTED_EDGE('',*,*,#2287,.T.);
#3159=ORIENTED_EDGE('',*,*,#2288,.T.);
#3160=ORIENTED_EDGE('',*,*,#2285,.F.);
#3161=ORIENTED_EDGE('',*,*,#2289,.T.);
#3162=ORIENTED_EDGE('',*,*,#2287,.F.);
#3163=ORIENTED_EDGE('',*,*,#2290,.T.);
#3164=ORIENTED_EDGE('',*,*,#2291,.T.);
#3165=ORIENTED_EDGE('',*,*,#2292,.T.);
#3166=ORIENTED_EDGE('',*,*,#2291,.F.);
#3167=ORIENTED_EDGE('',*,*,#2293,.T.);
#3168=ORIENTED_EDGE('',*,*,#2294,.T.);
#3169=ORIENTED_EDGE('',*,*,#2295,.T.);
#3170=ORIENTED_EDGE('',*,*,#2294,.F.);
#3171=ORIENTED_EDGE('',*,*,#2296,.T.);
#3172=ORIENTED_EDGE('',*,*,#2282,.F.);
#3173=ORIENTED_EDGE('',*,*,#2297,.T.);
#3174=ORIENTED_EDGE('',*,*,#2295,.F.);
#3175=ORIENTED_EDGE('',*,*,#2298,.T.);
#3176=ORIENTED_EDGE('',*,*,#2299,.F.);
#3177=ORIENTED_EDGE('',*,*,#2300,.F.);
#3178=ORIENTED_EDGE('',*,*,#2271,.F.);
#3179=ORIENTED_EDGE('',*,*,#2301,.F.);
#3180=ORIENTED_EDGE('',*,*,#2302,.F.);
#3181=ORIENTED_EDGE('',*,*,#2298,.F.);
#3182=ORIENTED_EDGE('',*,*,#2297,.F.);
#3183=ORIENTED_EDGE('',*,*,#2303,.F.);
#3184=ORIENTED_EDGE('',*,*,#2281,.F.);
#3185=ORIENTED_EDGE('',*,*,#2304,.T.);
#3186=ORIENTED_EDGE('',*,*,#2259,.T.);
#3187=ORIENTED_EDGE('',*,*,#2269,.F.);
#3188=ORIENTED_EDGE('',*,*,#2303,.T.);
#3189=ORIENTED_EDGE('',*,*,#2283,.F.);
#3190=ORIENTED_EDGE('',*,*,#2296,.F.);
#3191=ORIENTED_EDGE('',*,*,#2293,.F.);
#3192=ORIENTED_EDGE('',*,*,#2290,.F.);
#3193=ORIENTED_EDGE('',*,*,#2289,.F.);
#3194=ORIENTED_EDGE('',*,*,#2284,.F.);
#3195=ORIENTED_EDGE('',*,*,#2305,.F.);
#3196=ORIENTED_EDGE('',*,*,#2286,.F.);
#3197=ORIENTED_EDGE('',*,*,#2306,.F.);
#3198=ORIENTED_EDGE('',*,*,#2260,.T.);
#3199=ORIENTED_EDGE('',*,*,#2304,.F.);
#3200=ORIENTED_EDGE('',*,*,#2288,.F.);
#3201=ORIENTED_EDGE('',*,*,#2307,.T.);
#3202=ORIENTED_EDGE('',*,*,#2278,.F.);
#3203=ORIENTED_EDGE('',*,*,#2261,.T.);
#3204=ORIENTED_EDGE('',*,*,#2306,.T.);
#3205=ORIENTED_EDGE('',*,*,#2273,.F.);
#3206=ORIENTED_EDGE('',*,*,#2308,.T.);
#3207=ORIENTED_EDGE('',*,*,#2309,.F.);
#3208=ORIENTED_EDGE('',*,*,#2301,.T.);
#3209=ORIENTED_EDGE('',*,*,#2275,.F.);
#3210=ORIENTED_EDGE('',*,*,#2310,.F.);
#3211=ORIENTED_EDGE('',*,*,#2311,.F.);
#3212=ORIENTED_EDGE('',*,*,#2308,.F.);
#3213=ORIENTED_EDGE('',*,*,#2277,.F.);
#3214=ORIENTED_EDGE('',*,*,#2312,.T.);
#3215=ORIENTED_EDGE('',*,*,#2313,.F.);
#3216=ORIENTED_EDGE('',*,*,#2310,.T.);
#3217=ORIENTED_EDGE('',*,*,#2314,.T.);
#3218=ORIENTED_EDGE('',*,*,#2311,.T.);
#3219=ORIENTED_EDGE('',*,*,#2315,.T.);
#3220=ORIENTED_EDGE('',*,*,#2037,.T.);
#3221=ORIENTED_EDGE('',*,*,#2316,.T.);
#3222=ORIENTED_EDGE('',*,*,#2309,.T.);
#3223=ORIENTED_EDGE('',*,*,#2314,.F.);
#3224=ORIENTED_EDGE('',*,*,#2042,.T.);
#3225=ORIENTED_EDGE('',*,*,#2317,.T.);
#3226=ORIENTED_EDGE('',*,*,#2302,.T.);
#3227=ORIENTED_EDGE('',*,*,#2316,.F.);
#3228=ORIENTED_EDGE('',*,*,#2041,.T.);
#3229=ORIENTED_EDGE('',*,*,#2317,.F.);
#3230=ORIENTED_EDGE('',*,*,#2040,.T.);
#3231=ORIENTED_EDGE('',*,*,#2318,.T.);
#3232=ORIENTED_EDGE('',*,*,#2299,.T.);
#3233=ORIENTED_EDGE('',*,*,#2319,.T.);
#3234=ORIENTED_EDGE('',*,*,#2320,.T.);
#3235=ORIENTED_EDGE('',*,*,#2318,.F.);
#3236=ORIENTED_EDGE('',*,*,#2039,.T.);
#3237=ORIENTED_EDGE('',*,*,#2315,.F.);
#3238=ORIENTED_EDGE('',*,*,#2313,.T.);
#3239=ORIENTED_EDGE('',*,*,#2319,.F.);
#3240=ORIENTED_EDGE('',*,*,#2038,.T.);
#3241=ORIENTED_EDGE('',*,*,#2307,.F.);
#3242=ORIENTED_EDGE('',*,*,#2292,.F.);
#3243=ORIENTED_EDGE('',*,*,#2300,.T.);
#3244=ORIENTED_EDGE('',*,*,#2320,.F.);
#3245=ORIENTED_EDGE('',*,*,#2312,.F.);
#3246=ORIENTED_EDGE('',*,*,#2279,.F.);
#3247=ORIENTED_EDGE('',*,*,#2119,.T.);
#3248=ORIENTED_EDGE('',*,*,#2126,.T.);
#3249=ORIENTED_EDGE('',*,*,#2123,.T.);
#3250=ORIENTED_EDGE('',*,*,#2043,.F.);
#3251=ORIENTED_EDGE('',*,*,#2321,.T.);
#3252=ORIENTED_EDGE('',*,*,#2267,.T.);
#3253=ORIENTED_EDGE('',*,*,#2321,.F.);
#3254=ORIENTED_EDGE('',*,*,#2044,.F.);
#3255=ORIENTED_EDGE('',*,*,#2322,.T.);
#3256=ORIENTED_EDGE('',*,*,#2263,.T.);
#3257=ORIENTED_EDGE('',*,*,#2322,.F.);
#3258=ORIENTED_EDGE('',*,*,#2323,.T.);
#3259=ORIENTED_EDGE('',*,*,#2324,.T.);
#3260=ORIENTED_EDGE('',*,*,#2325,.T.);
#3261=ORIENTED_EDGE('',*,*,#2045,.T.);
#3262=ORIENTED_EDGE('',*,*,#2326,.T.);
#3263=ORIENTED_EDGE('',*,*,#2327,.T.);
#3264=ORIENTED_EDGE('',*,*,#2323,.F.);
#3265=ORIENTED_EDGE('',*,*,#2064,.T.);
#3266=ORIENTED_EDGE('',*,*,#2326,.F.);
#3267=ORIENTED_EDGE('',*,*,#2063,.T.);
#3268=ORIENTED_EDGE('',*,*,#2328,.T.);
#3269=ORIENTED_EDGE('',*,*,#2329,.T.);
#3270=ORIENTED_EDGE('',*,*,#2330,.T.);
#3271=ORIENTED_EDGE('',*,*,#2331,.T.);
#3272=ORIENTED_EDGE('',*,*,#2328,.F.);
#3273=ORIENTED_EDGE('',*,*,#2062,.T.);
#3274=ORIENTED_EDGE('',*,*,#2330,.F.);
#3275=ORIENTED_EDGE('',*,*,#2061,.T.);
#3276=ORIENTED_EDGE('',*,*,#2332,.T.);
#3277=ORIENTED_EDGE('',*,*,#2333,.T.);
#3278=ORIENTED_EDGE('',*,*,#2334,.T.);
#3279=ORIENTED_EDGE('',*,*,#2335,.T.);
#3280=ORIENTED_EDGE('',*,*,#2332,.F.);
#3281=ORIENTED_EDGE('',*,*,#2060,.T.);
#3282=ORIENTED_EDGE('',*,*,#2334,.F.);
#3283=ORIENTED_EDGE('',*,*,#2059,.T.);
#3284=ORIENTED_EDGE('',*,*,#2336,.T.);
#3285=ORIENTED_EDGE('',*,*,#2337,.T.);
#3286=ORIENTED_EDGE('',*,*,#2338,.T.);
#3287=ORIENTED_EDGE('',*,*,#2339,.T.);
#3288=ORIENTED_EDGE('',*,*,#2336,.F.);
#3289=ORIENTED_EDGE('',*,*,#2058,.T.);
#3290=ORIENTED_EDGE('',*,*,#2340,.T.);
#3291=ORIENTED_EDGE('',*,*,#2341,.T.);
#3292=ORIENTED_EDGE('',*,*,#2338,.F.);
#3293=ORIENTED_EDGE('',*,*,#2057,.T.);
#3294=ORIENTED_EDGE('',*,*,#2342,.T.);
#3295=ORIENTED_EDGE('',*,*,#2343,.T.);
#3296=ORIENTED_EDGE('',*,*,#2340,.F.);
#3297=ORIENTED_EDGE('',*,*,#2056,.T.);
#3298=ORIENTED_EDGE('',*,*,#2344,.T.);
#3299=ORIENTED_EDGE('',*,*,#2345,.T.);
#3300=ORIENTED_EDGE('',*,*,#2342,.F.);
#3301=ORIENTED_EDGE('',*,*,#2055,.T.);
#3302=ORIENTED_EDGE('',*,*,#2346,.T.);
#3303=ORIENTED_EDGE('',*,*,#2347,.T.);
#3304=ORIENTED_EDGE('',*,*,#2344,.F.);
#3305=ORIENTED_EDGE('',*,*,#2054,.T.);
#3306=ORIENTED_EDGE('',*,*,#2346,.F.);
#3307=ORIENTED_EDGE('',*,*,#2053,.T.);
#3308=ORIENTED_EDGE('',*,*,#2348,.T.);
#3309=ORIENTED_EDGE('',*,*,#2349,.T.);
#3310=ORIENTED_EDGE('',*,*,#2350,.T.);
#3311=ORIENTED_EDGE('',*,*,#2351,.T.);
#3312=ORIENTED_EDGE('',*,*,#2348,.F.);
#3313=ORIENTED_EDGE('',*,*,#2052,.T.);
#3314=ORIENTED_EDGE('',*,*,#2350,.F.);
#3315=ORIENTED_EDGE('',*,*,#2051,.T.);
#3316=ORIENTED_EDGE('',*,*,#2352,.T.);
#3317=ORIENTED_EDGE('',*,*,#2353,.T.);
#3318=ORIENTED_EDGE('',*,*,#2354,.T.);
#3319=ORIENTED_EDGE('',*,*,#2355,.T.);
#3320=ORIENTED_EDGE('',*,*,#2352,.F.);
#3321=ORIENTED_EDGE('',*,*,#2050,.T.);
#3322=ORIENTED_EDGE('',*,*,#2354,.F.);
#3323=ORIENTED_EDGE('',*,*,#2049,.T.);
#3324=ORIENTED_EDGE('',*,*,#2356,.T.);
#3325=ORIENTED_EDGE('',*,*,#2357,.T.);
#3326=ORIENTED_EDGE('',*,*,#2358,.T.);
#3327=ORIENTED_EDGE('',*,*,#2359,.T.);
#3328=ORIENTED_EDGE('',*,*,#2356,.F.);
#3329=ORIENTED_EDGE('',*,*,#2048,.T.);
#3330=ORIENTED_EDGE('',*,*,#2360,.T.);
#3331=ORIENTED_EDGE('',*,*,#2361,.T.);
#3332=ORIENTED_EDGE('',*,*,#2358,.F.);
#3333=ORIENTED_EDGE('',*,*,#2047,.T.);
#3334=ORIENTED_EDGE('',*,*,#2325,.F.);
#3335=ORIENTED_EDGE('',*,*,#2362,.T.);
#3336=ORIENTED_EDGE('',*,*,#2360,.F.);
#3337=ORIENTED_EDGE('',*,*,#2046,.T.);
#3338=ORIENTED_EDGE('',*,*,#2347,.F.);
#3339=ORIENTED_EDGE('',*,*,#2363,.F.);
#3340=ORIENTED_EDGE('',*,*,#1880,.T.);
#3341=ORIENTED_EDGE('',*,*,#2364,.F.);
#3342=ORIENTED_EDGE('',*,*,#2349,.F.);
#3343=ORIENTED_EDGE('',*,*,#2365,.F.);
#3344=ORIENTED_EDGE('',*,*,#1881,.T.);
#3345=ORIENTED_EDGE('',*,*,#2363,.T.);
#3346=ORIENTED_EDGE('',*,*,#2351,.F.);
#3347=ORIENTED_EDGE('',*,*,#2366,.T.);
#3348=ORIENTED_EDGE('',*,*,#1882,.T.);
#3349=ORIENTED_EDGE('',*,*,#2365,.T.);
#3350=ORIENTED_EDGE('',*,*,#2353,.F.);
#3351=ORIENTED_EDGE('',*,*,#2367,.F.);
#3352=ORIENTED_EDGE('',*,*,#1883,.T.);
#3353=ORIENTED_EDGE('',*,*,#2366,.F.);
#3354=ORIENTED_EDGE('',*,*,#2355,.F.);
#3355=ORIENTED_EDGE('',*,*,#2368,.T.);
#3356=ORIENTED_EDGE('',*,*,#1884,.T.);
#3357=ORIENTED_EDGE('',*,*,#2367,.T.);
#3358=ORIENTED_EDGE('',*,*,#2357,.F.);
#3359=ORIENTED_EDGE('',*,*,#2369,.F.);
#3360=ORIENTED_EDGE('',*,*,#1885,.T.);
#3361=ORIENTED_EDGE('',*,*,#2368,.F.);
#3362=ORIENTED_EDGE('',*,*,#2359,.F.);
#3363=ORIENTED_EDGE('',*,*,#2370,.F.);
#3364=ORIENTED_EDGE('',*,*,#1886,.T.);
#3365=ORIENTED_EDGE('',*,*,#2369,.T.);
#3366=ORIENTED_EDGE('',*,*,#2361,.F.);
#3367=ORIENTED_EDGE('',*,*,#2371,.T.);
#3368=ORIENTED_EDGE('',*,*,#1887,.T.);
#3369=ORIENTED_EDGE('',*,*,#2370,.T.);
#3370=ORIENTED_EDGE('',*,*,#2362,.F.);
#3371=ORIENTED_EDGE('',*,*,#2372,.F.);
#3372=ORIENTED_EDGE('',*,*,#1888,.T.);
#3373=ORIENTED_EDGE('',*,*,#2371,.F.);
#3374=ORIENTED_EDGE('',*,*,#2324,.F.);
#3375=ORIENTED_EDGE('',*,*,#2373,.T.);
#3376=ORIENTED_EDGE('',*,*,#1889,.T.);
#3377=ORIENTED_EDGE('',*,*,#2372,.T.);
#3378=ORIENTED_EDGE('',*,*,#2305,.T.);
#3379=ORIENTED_EDGE('',*,*,#2374,.T.);
#3380=ORIENTED_EDGE('',*,*,#1869,.T.);
#3381=ORIENTED_EDGE('',*,*,#2374,.F.);
#3382=ORIENTED_EDGE('',*,*,#2345,.F.);
#3383=ORIENTED_EDGE('',*,*,#2364,.T.);
#3384=ORIENTED_EDGE('',*,*,#1879,.T.);
#3385=ORIENTED_EDGE('',*,*,#2375,.T.);
#3386=ORIENTED_EDGE('',*,*,#2343,.F.);
#3387=ORIENTED_EDGE('',*,*,#2375,.F.);
#3388=ORIENTED_EDGE('',*,*,#1878,.T.);
#3389=ORIENTED_EDGE('',*,*,#2376,.F.);
#3390=ORIENTED_EDGE('',*,*,#2341,.F.);
#3391=ORIENTED_EDGE('',*,*,#2376,.T.);
#3392=ORIENTED_EDGE('',*,*,#1877,.T.);
#3393=ORIENTED_EDGE('',*,*,#2377,.T.);
#3394=ORIENTED_EDGE('',*,*,#2327,.F.);
#3395=ORIENTED_EDGE('',*,*,#2378,.F.);
#3396=ORIENTED_EDGE('',*,*,#1870,.T.);
#3397=ORIENTED_EDGE('',*,*,#2373,.F.);
#3398=ORIENTED_EDGE('',*,*,#2335,.F.);
#3399=ORIENTED_EDGE('',*,*,#2379,.T.);
#3400=ORIENTED_EDGE('',*,*,#1874,.T.);
#3401=ORIENTED_EDGE('',*,*,#2380,.T.);
#3402=ORIENTED_EDGE('',*,*,#2333,.F.);
#3403=ORIENTED_EDGE('',*,*,#2380,.F.);
#3404=ORIENTED_EDGE('',*,*,#1873,.T.);
#3405=ORIENTED_EDGE('',*,*,#2381,.F.);
#3406=ORIENTED_EDGE('',*,*,#2331,.F.);
#3407=ORIENTED_EDGE('',*,*,#2381,.T.);
#3408=ORIENTED_EDGE('',*,*,#1872,.T.);
#3409=ORIENTED_EDGE('',*,*,#2382,.T.);
#3410=ORIENTED_EDGE('',*,*,#2339,.F.);
#3411=ORIENTED_EDGE('',*,*,#2377,.F.);
#3412=ORIENTED_EDGE('',*,*,#1876,.T.);
#3413=ORIENTED_EDGE('',*,*,#2383,.T.);
#3414=ORIENTED_EDGE('',*,*,#2337,.F.);
#3415=ORIENTED_EDGE('',*,*,#2383,.F.);
#3416=ORIENTED_EDGE('',*,*,#1875,.T.);
#3417=ORIENTED_EDGE('',*,*,#2379,.F.);
#3418=ORIENTED_EDGE('',*,*,#2329,.F.);
#3419=ORIENTED_EDGE('',*,*,#2382,.F.);
#3420=ORIENTED_EDGE('',*,*,#1871,.T.);
#3421=ORIENTED_EDGE('',*,*,#2378,.T.);
#3422=CONICAL_SURFACE('',#3666,22.975,0.785398163397446);
#3423=CONICAL_SURFACE('',#3797,2.875,0.785398163397448);
#3424=CONICAL_SURFACE('',#3808,2.875,0.785398163397448);
#3425=CONICAL_SURFACE('',#3814,7.875,0.785398163397449);
#3426=CONICAL_SURFACE('',#3817,7.875,0.785398163397452);
#3427=CONICAL_SURFACE('',#3821,4.5,0.785398163397447);
#3428=CONICAL_SURFACE('',#3825,4.5,0.785398163397447);
#3429=CONICAL_SURFACE('',#3829,39.5,0.785398163397448);
#3430=CONICAL_SURFACE('',#3847,7.5,0.785398163397447);
#3431=CONICAL_SURFACE('',#3849,39.5,0.785398163397449);
#3432=CONICAL_SURFACE('',#3851,7.5,0.785398163397449);
#3433=CONICAL_SURFACE('',#3854,3.975,0.785398163397448);
#3434=CONICAL_SURFACE('',#3855,3.975,0.785398163397448);
#3435=CONICAL_SURFACE('',#3856,0.875,0.785398163397447);
#3436=CONICAL_SURFACE('',#3859,3.125,0.785398163397447);
#3437=CONICAL_SURFACE('',#3861,9.875,0.785398163397438);
#3438=CONICAL_SURFACE('',#3863,32.625,0.785398163397447);
#3439=CONICAL_SURFACE('',#3865,9.875,0.785398163397447);
#3440=CONICAL_SURFACE('',#3867,3.125,0.785398163397447);
#3441=CONICAL_SURFACE('',#3870,0.875000000000001,0.785398163397446);
#3442=CONICAL_SURFACE('',#3873,0.875,0.785398163397447);
#3443=CONICAL_SURFACE('',#3876,3.125,0.785398163397447);
#3444=CONICAL_SURFACE('',#3878,9.875,0.785398163397439);
#3445=CONICAL_SURFACE('',#3880,32.625,0.785398163397447);
#3446=CONICAL_SURFACE('',#3882,9.875,0.785398163397445);
#3447=CONICAL_SURFACE('',#3884,3.125,0.785398163397447);
#3448=CONICAL_SURFACE('',#3887,0.875,0.785398163397447);
#3449=CONICAL_SURFACE('',#3900,22.85,0.785398163397448);
#3450=ADVANCED_FACE('',(#272),#3422,.F.);
#3451=ADVANCED_FACE('',(#273),#250,.F.);
#3452=ADVANCED_FACE('',(#274,#110),#129,.T.);
#3453=ADVANCED_FACE('',(#275),#130,.F.);
#3454=ADVANCED_FACE('',(#276),#131,.F.);
#3455=ADVANCED_FACE('',(#277),#132,.F.);
#3456=ADVANCED_FACE('',(#278),#133,.F.);
#3457=ADVANCED_FACE('',(#279),#134,.F.);
#3458=ADVANCED_FACE('',(#280),#135,.F.);
#3459=ADVANCED_FACE('',(#281),#136,.F.);
#3460=ADVANCED_FACE('',(#282),#137,.F.);
#3461=ADVANCED_FACE('',(#283),#138,.F.);
#3462=ADVANCED_FACE('',(#284),#139,.F.);
#3463=ADVANCED_FACE('',(#285),#140,.F.);
#3464=ADVANCED_FACE('',(#286),#141,.F.);
#3465=ADVANCED_FACE('',(#287),#142,.F.);
#3466=ADVANCED_FACE('',(#288),#143,.F.);
#3467=ADVANCED_FACE('',(#289),#144,.F.);
#3468=ADVANCED_FACE('',(#290),#145,.F.);
#3469=ADVANCED_FACE('',(#291),#146,.F.);
#3470=ADVANCED_FACE('',(#292),#147,.F.);
#3471=ADVANCED_FACE('',(#293),#148,.F.);
#3472=ADVANCED_FACE('',(#294),#149,.F.);
#3473=ADVANCED_FACE('',(#295),#150,.F.);
#3474=ADVANCED_FACE('',(#296),#151,.F.);
#3475=ADVANCED_FACE('',(#297),#152,.F.);
#3476=ADVANCED_FACE('',(#298),#153,.F.);
#3477=ADVANCED_FACE('',(#299),#154,.F.);
#3478=ADVANCED_FACE('',(#300),#155,.F.);
#3479=ADVANCED_FACE('',(#301),#156,.F.);
#3480=ADVANCED_FACE('',(#302),#157,.F.);
#3481=ADVANCED_FACE('',(#303,#111),#158,.F.);
#3482=ADVANCED_FACE('',(#304),#159,.F.);
#3483=ADVANCED_FACE('',(#305),#160,.F.);
#3484=ADVANCED_FACE('',(#306),#161,.F.);
#3485=ADVANCED_FACE('',(#307),#162,.F.);
#3486=ADVANCED_FACE('',(#308),#163,.F.);
#3487=ADVANCED_FACE('',(#309),#164,.F.);
#3488=ADVANCED_FACE('',(#310),#165,.F.);
#3489=ADVANCED_FACE('',(#311),#166,.F.);
#3490=ADVANCED_FACE('',(#312),#167,.F.);
#3491=ADVANCED_FACE('',(#313),#168,.F.);
#3492=ADVANCED_FACE('',(#314),#169,.F.);
#3493=ADVANCED_FACE('',(#315),#170,.F.);
#3494=ADVANCED_FACE('',(#316),#171,.F.);
#3495=ADVANCED_FACE('',(#317),#172,.F.);
#3496=ADVANCED_FACE('',(#318),#173,.F.);
#3497=ADVANCED_FACE('',(#319),#174,.F.);
#3498=ADVANCED_FACE('',(#320),#175,.F.);
#3499=ADVANCED_FACE('',(#321),#176,.F.);
#3500=ADVANCED_FACE('',(#322),#177,.F.);
#3501=ADVANCED_FACE('',(#323),#178,.F.);
#3502=ADVANCED_FACE('',(#324),#179,.F.);
#3503=ADVANCED_FACE('',(#325),#180,.F.);
#3504=ADVANCED_FACE('',(#326),#181,.F.);
#3505=ADVANCED_FACE('',(#327,#112,#113,#114,#115,#116,#117,#118,#119,#120,
#121),#182,.F.);
#3506=ADVANCED_FACE('',(#328),#183,.F.);
#3507=ADVANCED_FACE('',(#329),#184,.F.);
#3508=ADVANCED_FACE('',(#330),#185,.F.);
#3509=ADVANCED_FACE('',(#331),#186,.F.);
#3510=ADVANCED_FACE('',(#332),#187,.F.);
#3511=ADVANCED_FACE('',(#333),#188,.F.);
#3512=ADVANCED_FACE('',(#334),#189,.F.);
#3513=ADVANCED_FACE('',(#335),#190,.F.);
#3514=ADVANCED_FACE('',(#336),#191,.F.);
#3515=ADVANCED_FACE('',(#337),#192,.F.);
#3516=ADVANCED_FACE('',(#338),#193,.F.);
#3517=ADVANCED_FACE('',(#339),#194,.F.);
#3518=ADVANCED_FACE('',(#340),#195,.F.);
#3519=ADVANCED_FACE('',(#341),#196,.F.);
#3520=ADVANCED_FACE('',(#342),#197,.F.);
#3521=ADVANCED_FACE('',(#343),#198,.F.);
#3522=ADVANCED_FACE('',(#344),#199,.F.);
#3523=ADVANCED_FACE('',(#345),#200,.F.);
#3524=ADVANCED_FACE('',(#346),#201,.F.);
#3525=ADVANCED_FACE('',(#347),#202,.F.);
#3526=ADVANCED_FACE('',(#348),#203,.F.);
#3527=ADVANCED_FACE('',(#349),#204,.F.);
#3528=ADVANCED_FACE('',(#350),#205,.F.);
#3529=ADVANCED_FACE('',(#351,#122),#206,.F.);
#3530=ADVANCED_FACE('',(#352),#17,.F.);
#3531=ADVANCED_FACE('',(#353),#18,.F.);
#3532=ADVANCED_FACE('',(#354),#19,.F.);
#3533=ADVANCED_FACE('',(#355),#20,.F.);
#3534=ADVANCED_FACE('',(#356),#21,.F.);
#3535=ADVANCED_FACE('',(#357),#22,.F.);
#3536=ADVANCED_FACE('',(#358),#23,.F.);
#3537=ADVANCED_FACE('',(#359),#24,.F.);
#3538=ADVANCED_FACE('',(#360),#25,.F.);
#3539=ADVANCED_FACE('',(#361),#26,.F.);
#3540=ADVANCED_FACE('',(#362),#27,.F.);
#3541=ADVANCED_FACE('',(#363),#28,.F.);
#3542=ADVANCED_FACE('',(#364),#29,.F.);
#3543=ADVANCED_FACE('',(#365),#30,.F.);
#3544=ADVANCED_FACE('',(#366),#31,.F.);
#3545=ADVANCED_FACE('',(#367),#32,.F.);
#3546=ADVANCED_FACE('',(#368,#123),#207,.T.);
#3547=ADVANCED_FACE('',(#369),#208,.F.);
#3548=ADVANCED_FACE('',(#370),#209,.F.);
#3549=ADVANCED_FACE('',(#371),#33,.F.);
#3550=ADVANCED_FACE('',(#372),#34,.F.);
#3551=ADVANCED_FACE('',(#373),#35,.F.);
#3552=ADVANCED_FACE('',(#374),#210,.F.);
#3553=ADVANCED_FACE('',(#375),#211,.F.);
#3554=ADVANCED_FACE('',(#376),#212,.F.);
#3555=ADVANCED_FACE('',(#377),#36,.F.);
#3556=ADVANCED_FACE('',(#378),#37,.F.);
#3557=ADVANCED_FACE('',(#379),#38,.F.);
#3558=ADVANCED_FACE('',(#380),#39,.F.);
#3559=ADVANCED_FACE('',(#381),#213,.F.);
#3560=ADVANCED_FACE('',(#382),#214,.F.);
#3561=ADVANCED_FACE('',(#383),#40,.F.);
#3562=ADVANCED_FACE('',(#384),#41,.F.);
#3563=ADVANCED_FACE('',(#385),#42,.F.);
#3564=ADVANCED_FACE('',(#386),#43,.F.);
#3565=ADVANCED_FACE('',(#387),#44,.F.);
#3566=ADVANCED_FACE('',(#388),#45,.F.);
#3567=ADVANCED_FACE('',(#389),#46,.F.);
#3568=ADVANCED_FACE('',(#390),#47,.F.);
#3569=ADVANCED_FACE('',(#391),#215,.F.);
#3570=ADVANCED_FACE('',(#392),#216,.F.);
#3571=ADVANCED_FACE('',(#393,#124,#125),#217,.T.);
#3572=ADVANCED_FACE('',(#394),#218,.F.);
#3573=ADVANCED_FACE('',(#395),#219,.F.);
#3574=ADVANCED_FACE('',(#396),#220,.F.);
#3575=ADVANCED_FACE('',(#397),#221,.F.);
#3576=ADVANCED_FACE('',(#398),#3423,.F.);
#3577=ADVANCED_FACE('',(#399,#126,#127),#222,.T.);
#3578=ADVANCED_FACE('',(#400),#251,.F.);
#3579=ADVANCED_FACE('',(#401),#3424,.F.);
#3580=ADVANCED_FACE('',(#402),#252,.F.);
#3581=ADVANCED_FACE('',(#403),#223,.T.);
#3582=ADVANCED_FACE('',(#404),#3425,.T.);
#3583=ADVANCED_FACE('',(#405),#224,.T.);
#3584=ADVANCED_FACE('',(#406),#3426,.T.);
#3585=ADVANCED_FACE('',(#407),#225,.T.);
#3586=ADVANCED_FACE('',(#408),#3427,.T.);
#3587=ADVANCED_FACE('',(#409),#226,.T.);
#3588=ADVANCED_FACE('',(#410),#3428,.T.);
#3589=ADVANCED_FACE('',(#411),#227,.T.);
#3590=ADVANCED_FACE('',(#412),#3429,.T.);
#3591=ADVANCED_FACE('',(#413),#228,.T.);
#3592=ADVANCED_FACE('',(#414),#253,.T.);
#3593=ADVANCED_FACE('',(#415),#229,.T.);
#3594=ADVANCED_FACE('',(#416),#254,.T.);
#3595=ADVANCED_FACE('',(#417,#128),#230,.T.);
#3596=ADVANCED_FACE('',(#418),#231,.F.);
#3597=ADVANCED_FACE('',(#419),#255,.T.);
#3598=ADVANCED_FACE('',(#420),#256,.T.);
#3599=ADVANCED_FACE('',(#421),#232,.T.);
#3600=ADVANCED_FACE('',(#422),#257,.T.);
#3601=ADVANCED_FACE('',(#423),#233,.T.);
#3602=ADVANCED_FACE('',(#424),#3430,.T.);
#3603=ADVANCED_FACE('',(#425),#234,.T.);
#3604=ADVANCED_FACE('',(#426),#3431,.T.);
#3605=ADVANCED_FACE('',(#427),#235,.T.);
#3606=ADVANCED_FACE('',(#428),#3432,.T.);
#3607=ADVANCED_FACE('',(#429),#236,.T.);
#3608=ADVANCED_FACE('',(#430),#237,.F.);
#3609=ADVANCED_FACE('',(#431),#3433,.F.);
#3610=ADVANCED_FACE('',(#432),#3434,.F.);
#3611=ADVANCED_FACE('',(#433),#3435,.T.);
#3612=ADVANCED_FACE('',(#434),#238,.T.);
#3613=ADVANCED_FACE('',(#435),#3436,.F.);
#3614=ADVANCED_FACE('',(#436),#3437,.T.);
#3615=ADVANCED_FACE('',(#437),#3438,.F.);
#3616=ADVANCED_FACE('',(#438),#3439,.T.);
#3617=ADVANCED_FACE('',(#439),#3440,.F.);
#3618=ADVANCED_FACE('',(#440),#239,.T.);
#3619=ADVANCED_FACE('',(#441),#3441,.T.);
#3620=ADVANCED_FACE('',(#442),#240,.T.);
#3621=ADVANCED_FACE('',(#443),#3442,.T.);
#3622=ADVANCED_FACE('',(#444),#241,.T.);
#3623=ADVANCED_FACE('',(#445),#3443,.F.);
#3624=ADVANCED_FACE('',(#446),#3444,.T.);
#3625=ADVANCED_FACE('',(#447),#3445,.F.);
#3626=ADVANCED_FACE('',(#448),#3446,.T.);
#3627=ADVANCED_FACE('',(#449),#3447,.F.);
#3628=ADVANCED_FACE('',(#450),#242,.T.);
#3629=ADVANCED_FACE('',(#451),#3448,.T.);
#3630=ADVANCED_FACE('',(#452),#243,.T.);
#3631=ADVANCED_FACE('',(#453),#244,.F.);
#3632=ADVANCED_FACE('',(#454),#258,.F.);
#3633=ADVANCED_FACE('',(#455),#259,.T.);
#3634=ADVANCED_FACE('',(#456),#260,.F.);
#3635=ADVANCED_FACE('',(#457),#261,.T.);
#3636=ADVANCED_FACE('',(#458),#262,.F.);
#3637=ADVANCED_FACE('',(#459),#245,.F.);
#3638=ADVANCED_FACE('',(#460),#263,.T.);
#3639=ADVANCED_FACE('',(#461),#246,.F.);
#3640=ADVANCED_FACE('',(#462),#264,.T.);
#3641=ADVANCED_FACE('',(#463),#3449,.F.);
#3642=ADVANCED_FACE('',(#464),#265,.T.);
#3643=ADVANCED_FACE('',(#465),#247,.T.);
#3644=ADVANCED_FACE('',(#466),#266,.T.);
#3645=ADVANCED_FACE('',(#467),#248,.T.);
#3646=ADVANCED_FACE('',(#468),#267,.T.);
#3647=ADVANCED_FACE('',(#469),#268,.F.);
#3648=ADVANCED_FACE('',(#470),#269,.T.);
#3649=ADVANCED_FACE('',(#471),#249,.T.);
#3650=ADVANCED_FACE('',(#472),#270,.F.);
#3651=ADVANCED_FACE('',(#473),#271,.F.);
#3652=CLOSED_SHELL('',(#3450,#3451,#3452,#3453,#3454,#3455,#3456,#3457,
#3458,#3459,#3460,#3461,#3462,#3463,#3464,#3465,#3466,#3467,#3468,#3469,
#3470,#3471,#3472,#3473,#3474,#3475,#3476,#3477,#3478,#3479,#3480,#3481,
#3482,#3483,#3484,#3485,#3486,#3487,#3488,#3489,#3490,#3491,#3492,#3493,
#3494,#3495,#3496,#3497,#3498,#3499,#3500,#3501,#3502,#3503,#3504,#3505,
#3506,#3507,#3508,#3509,#3510,#3511,#3512,#3513,#3514,#3515,#3516,#3517,
#3518,#3519,#3520,#3521,#3522,#3523,#3524,#3525,#3526,#3527,#3528,#3529,
#3530,#3531,#3532,#3533,#3534,#3535,#3536,#3537,#3538,#3539,#3540,#3541,
#3542,#3543,#3544,#3545,#3546,#3547,#3548,#3549,#3550,#3551,#3552,#3553,
#3554,#3555,#3556,#3557,#3558,#3559,#3560,#3561,#3562,#3563,#3564,#3565,
#3566,#3567,#3568,#3569,#3570,#3571,#3572,#3573,#3574,#3575,#3576,#3577,
#3578,#3579,#3580,#3581,#3582,#3583,#3584,#3585,#3586,#3587,#3588,#3589,
#3590,#3591,#3592,#3593,#3594,#3595,#3596,#3597,#3598,#3599,#3600,#3601,
#3602,#3603,#3604,#3605,#3606,#3607,#3608,#3609,#3610,#3611,#3612,#3613,
#3614,#3615,#3616,#3617,#3618,#3619,#3620,#3621,#3622,#3623,#3624,#3625,
#3626,#3627,#3628,#3629,#3630,#3631,#3632,#3633,#3634,#3635,#3636,#3637,
#3638,#3639,#3640,#3641,#3642,#3643,#3644,#3645,#3646,#3647,#3648,#3649,
#3650,#3651));
#3653=DERIVED_UNIT_ELEMENT(#3655,1.);
#3654=DERIVED_UNIT_ELEMENT(#6372,-3.);
#3655=(
MASS_UNIT()
NAMED_UNIT(*)
SI_UNIT(.KILO.,.GRAM.)
);
#3656=DERIVED_UNIT((#3653,#3654));
#3657=MEASURE_REPRESENTATION_ITEM('density measure',
POSITIVE_RATIO_MEASURE(7850.),#3656);
#3658=PROPERTY_DEFINITION_REPRESENTATION(#3663,#3660);
#3659=PROPERTY_DEFINITION_REPRESENTATION(#3664,#3661);
#3660=REPRESENTATION('material name',(#3662),#6369);
#3661=REPRESENTATION('density',(#3657),#6369);
#3662=DESCRIPTIVE_REPRESENTATION_ITEM('Steel','Steel');
#3663=PROPERTY_DEFINITION('material property','material name',#6379);
#3664=PROPERTY_DEFINITION('material property','density of part',#6379);
#3665=AXIS2_PLACEMENT_3D('',#4786,#3911,#3912);
#3666=AXIS2_PLACEMENT_3D('',#4787,#3913,#3914);
#3667=AXIS2_PLACEMENT_3D('',#4789,#3915,#3916);
#3668=AXIS2_PLACEMENT_3D('',#4792,#3918,#3919);
#3669=AXIS2_PLACEMENT_3D('',#4793,#3920,#3921);
#3670=AXIS2_PLACEMENT_3D('',#4796,#3923,#3924);
#3671=AXIS2_PLACEMENT_3D('',#4797,#3925,#3926);
#3672=AXIS2_PLACEMENT_3D('',#4802,#3928,#3929);
#3673=AXIS2_PLACEMENT_3D('',#4804,#3930,#3931);
#3674=AXIS2_PLACEMENT_3D('',#4806,#3932,#3933);
#3675=AXIS2_PLACEMENT_3D('',#4808,#3934,#3935);
#3676=AXIS2_PLACEMENT_3D('',#4810,#3936,#3937);
#3677=AXIS2_PLACEMENT_3D('',#4814,#3939,#3940);
#3678=AXIS2_PLACEMENT_3D('',#4818,#3942,#3943);
#3679=AXIS2_PLACEMENT_3D('',#4822,#3945,#3946);
#3680=AXIS2_PLACEMENT_3D('',#4824,#3947,#3948);
#3681=AXIS2_PLACEMENT_3D('',#4826,#3949,#3950);
#3682=AXIS2_PLACEMENT_3D('',#4828,#3951,#3952);
#3683=AXIS2_PLACEMENT_3D('',#4830,#3953,#3954);
#3684=AXIS2_PLACEMENT_3D('',#4834,#3956,#3957);
#3685=AXIS2_PLACEMENT_3D('',#4837,#3959,#3960);
#3686=AXIS2_PLACEMENT_3D('',#4838,#3961,#3962);
#3687=AXIS2_PLACEMENT_3D('',#4847,#3967,#3968);
#3688=AXIS2_PLACEMENT_3D('',#4853,#3972,#3973);
#3689=AXIS2_PLACEMENT_3D('',#4856,#3976,#3977);
#3690=AXIS2_PLACEMENT_3D('',#4865,#3982,#3983);
#3691=AXIS2_PLACEMENT_3D('',#4871,#3987,#3988);
#3692=AXIS2_PLACEMENT_3D('',#4877,#3992,#3993);
#3693=AXIS2_PLACEMENT_3D('',#4883,#3997,#3998);
#3694=AXIS2_PLACEMENT_3D('',#4889,#4002,#4003);
#3695=AXIS2_PLACEMENT_3D('',#4895,#4007,#4008);
#3696=AXIS2_PLACEMENT_3D('',#4901,#4012,#4013);
#3697=AXIS2_PLACEMENT_3D('',#4907,#4017,#4018);
#3698=AXIS2_PLACEMENT_3D('',#4913,#4022,#4023);
#3699=AXIS2_PLACEMENT_3D('',#4919,#4027,#4028);
#3700=AXIS2_PLACEMENT_3D('',#4925,#4032,#4033);
#3701=AXIS2_PLACEMENT_3D('',#4931,#4037,#4038);
#3702=AXIS2_PLACEMENT_3D('',#4937,#4042,#4043);
#3703=AXIS2_PLACEMENT_3D('',#4943,#4047,#4048);
#3704=AXIS2_PLACEMENT_3D('',#4949,#4052,#4053);
#3705=AXIS2_PLACEMENT_3D('',#4955,#4057,#4058);
#3706=AXIS2_PLACEMENT_3D('',#4961,#4062,#4063);
#3707=AXIS2_PLACEMENT_3D('',#4967,#4067,#4068);
#3708=AXIS2_PLACEMENT_3D('',#4973,#4072,#4073);
#3709=AXIS2_PLACEMENT_3D('',#4979,#4077,#4078);
#3710=AXIS2_PLACEMENT_3D('',#4985,#4082,#4083);
#3711=AXIS2_PLACEMENT_3D('',#4991,#4087,#4088);
#3712=AXIS2_PLACEMENT_3D('',#4997,#4092,#4093);
#3713=AXIS2_PLACEMENT_3D('',#5003,#4097,#4098);
#3714=AXIS2_PLACEMENT_3D('',#5006,#4101,#4102);
#3715=AXIS2_PLACEMENT_3D('',#5007,#4103,#4104);
#3716=AXIS2_PLACEMENT_3D('',#5016,#4109,#4110);
#3717=AXIS2_PLACEMENT_3D('',#5022,#4114,#4115);
#3718=AXIS2_PLACEMENT_3D('',#5028,#4119,#4120);
#3719=AXIS2_PLACEMENT_3D('',#5031,#4123,#4124);
#3720=AXIS2_PLACEMENT_3D('',#5032,#4125,#4126);
#3721=AXIS2_PLACEMENT_3D('',#5041,#4131,#4132);
#3722=AXIS2_PLACEMENT_3D('',#5047,#4136,#4137);
#3723=AXIS2_PLACEMENT_3D('',#5053,#4141,#4142);
#3724=AXIS2_PLACEMENT_3D('',#5059,#4146,#4147);
#3725=AXIS2_PLACEMENT_3D('',#5065,#4151,#4152);
#3726=AXIS2_PLACEMENT_3D('',#5071,#4156,#4157);
#3727=AXIS2_PLACEMENT_3D('',#5077,#4161,#4162);
#3728=AXIS2_PLACEMENT_3D('',#5083,#4166,#4167);
#3729=AXIS2_PLACEMENT_3D('',#5089,#4171,#4172);
#3730=AXIS2_PLACEMENT_3D('',#5095,#4176,#4177);
#3731=AXIS2_PLACEMENT_3D('',#5101,#4181,#4182);
#3732=AXIS2_PLACEMENT_3D('',#5107,#4186,#4187);
#3733=AXIS2_PLACEMENT_3D('',#5113,#4191,#4192);
#3734=AXIS2_PLACEMENT_3D('',#5119,#4196,#4197);
#3735=AXIS2_PLACEMENT_3D('',#5125,#4201,#4202);
#3736=AXIS2_PLACEMENT_3D('',#5131,#4206,#4207);
#3737=AXIS2_PLACEMENT_3D('',#5134,#4210,#4211);
#3738=AXIS2_PLACEMENT_3D('',#5135,#4212,#4213);
#3739=AXIS2_PLACEMENT_3D('',#5140,#4215,#4216);
#3740=AXIS2_PLACEMENT_3D('',#5144,#4218,#4219);
#3741=AXIS2_PLACEMENT_3D('',#5147,#4221,#4222);
#3742=AXIS2_PLACEMENT_3D('',#5149,#4223,#4224);
#3743=AXIS2_PLACEMENT_3D('',#5151,#4225,#4226);
#3744=AXIS2_PLACEMENT_3D('',#5154,#4227,#4228);
#3745=AXIS2_PLACEMENT_3D('',#5158,#4230,#4231);
#3746=AXIS2_PLACEMENT_3D('',#5162,#4233,#4234);
#3747=AXIS2_PLACEMENT_3D('',#5164,#4235,#4236);
#3748=AXIS2_PLACEMENT_3D('',#5166,#4237,#4238);
#3749=AXIS2_PLACEMENT_3D('',#5168,#4239,#4240);
#3750=AXIS2_PLACEMENT_3D('',#5170,#4241,#4242);
#3751=AXIS2_PLACEMENT_3D('',#5174,#4244,#4245);
#3752=AXIS2_PLACEMENT_3D('',#5178,#4247,#4248);
#3753=AXIS2_PLACEMENT_3D('',#5182,#4250,#4251);
#3754=AXIS2_PLACEMENT_3D('',#5184,#4252,#4253);
#3755=AXIS2_PLACEMENT_3D('',#5186,#4254,#4255);
#3756=AXIS2_PLACEMENT_3D('',#5188,#4256,#4257);
#3757=AXIS2_PLACEMENT_3D('',#5190,#4258,#4259);
#3758=AXIS2_PLACEMENT_3D('',#5332,#4283,#4284);
#3759=AXIS2_PLACEMENT_3D('',#5338,#4288,#4289);
#3760=AXIS2_PLACEMENT_3D('',#5342,#4292,#4293);
#3761=AXIS2_PLACEMENT_3D('',#5346,#4296,#4297);
#3762=AXIS2_PLACEMENT_3D('',#5350,#4300,#4301);
#3763=AXIS2_PLACEMENT_3D('',#5354,#4304,#4305);
#3764=AXIS2_PLACEMENT_3D('',#5358,#4308,#4309);
#3765=AXIS2_PLACEMENT_3D('',#5362,#4312,#4313);
#3766=AXIS2_PLACEMENT_3D('',#5364,#4315,#4316);
#3767=AXIS2_PLACEMENT_3D('',#5365,#4317,#4318);
#3768=AXIS2_PLACEMENT_3D('',#5374,#4323,#4324);
#3769=AXIS2_PLACEMENT_3D('',#5380,#4328,#4329);
#3770=AXIS2_PLACEMENT_3D('',#5383,#4332,#4333);
#3771=AXIS2_PLACEMENT_3D('',#5389,#4337,#4338);
#3772=AXIS2_PLACEMENT_3D('',#5393,#4341,#4342);
#3773=AXIS2_PLACEMENT_3D('',#5397,#4345,#4346);
#3774=AXIS2_PLACEMENT_3D('',#5401,#4349,#4350);
#3775=AXIS2_PLACEMENT_3D('',#5405,#4353,#4354);
#3776=AXIS2_PLACEMENT_3D('',#5409,#4357,#4358);
#3777=AXIS2_PLACEMENT_3D('',#5413,#4361,#4362);
#3778=AXIS2_PLACEMENT_3D('',#5417,#4365,#4366);
#3779=AXIS2_PLACEMENT_3D('',#5421,#4369,#4370);
#3780=AXIS2_PLACEMENT_3D('',#5425,#4373,#4374);
#3781=AXIS2_PLACEMENT_3D('',#5427,#4376,#4377);
#3782=AXIS2_PLACEMENT_3D('',#5748,#4394,#4395);
#3783=AXIS2_PLACEMENT_3D('',#5749,#4396,#4397);
#3784=AXIS2_PLACEMENT_3D('',#5758,#4402,#4403);
#3785=AXIS2_PLACEMENT_3D('',#5833,#4410,#4411);
#3786=AXIS2_PLACEMENT_3D('',#5836,#4414,#4415);
#3787=AXIS2_PLACEMENT_3D('',#5845,#4420,#4421);
#3788=AXIS2_PLACEMENT_3D('',#5943,#4429,#4430);
#3789=AXIS2_PLACEMENT_3D('',#5946,#4433,#4434);
#3790=AXIS2_PLACEMENT_3D('',#6088,#4446,#4447);
#3791=AXIS2_PLACEMENT_3D('',#6092,#4450,#4451);
#3792=AXIS2_PLACEMENT_3D('',#6094,#4453,#4454);
#3793=AXIS2_PLACEMENT_3D('',#6095,#4455,#4456);
#3794=AXIS2_PLACEMENT_3D('',#6096,#4457,#4458);
#3795=AXIS2_PLACEMENT_3D('',#6097,#4459,#4460);
#3796=AXIS2_PLACEMENT_3D('',#6098,#4461,#4462);
#3797=AXIS2_PLACEMENT_3D('',#6099,#4463,#4464);
#3798=AXIS2_PLACEMENT_3D('',#6101,#4465,#4466);
#3799=AXIS2_PLACEMENT_3D('',#6104,#4468,#4469);
#3800=AXIS2_PLACEMENT_3D('',#6105,#4470,#4471);
#3801=AXIS2_PLACEMENT_3D('',#6110,#4473,#4474);
#3802=AXIS2_PLACEMENT_3D('',#6114,#4476,#4477);
#3803=AXIS2_PLACEMENT_3D('',#6118,#4479,#4480);
#3804=AXIS2_PLACEMENT_3D('',#6121,#4482,#4483);
#3805=AXIS2_PLACEMENT_3D('',#6123,#4484,#4485);
#3806=AXIS2_PLACEMENT_3D('',#6124,#4486,#4487);
#3807=AXIS2_PLACEMENT_3D('',#6126,#4488,#4489);
#3808=AXIS2_PLACEMENT_3D('',#6128,#4491,#4492);
#3809=AXIS2_PLACEMENT_3D('',#6130,#4493,#4494);
#3810=AXIS2_PLACEMENT_3D('',#6132,#4496,#4497);
#3811=AXIS2_PLACEMENT_3D('',#6134,#4498,#4499);
#3812=AXIS2_PLACEMENT_3D('',#6136,#4501,#4502);
#3813=AXIS2_PLACEMENT_3D('',#6138,#4503,#4504);
#3814=AXIS2_PLACEMENT_3D('',#6142,#4507,#4508);
#3815=AXIS2_PLACEMENT_3D('',#6145,#4510,#4511);
#3816=AXIS2_PLACEMENT_3D('',#6146,#4512,#4513);
#3817=AXIS2_PLACEMENT_3D('',#6150,#4516,#4517);
#3818=AXIS2_PLACEMENT_3D('',#6153,#4519,#4520);
#3819=AXIS2_PLACEMENT_3D('',#6154,#4521,#4522);
#3820=AXIS2_PLACEMENT_3D('',#6156,#4523,#4524);
#3821=AXIS2_PLACEMENT_3D('',#6158,#4526,#4527);
#3822=AXIS2_PLACEMENT_3D('',#6163,#4529,#4530);
#3823=AXIS2_PLACEMENT_3D('',#6166,#4532,#4533);
#3824=AXIS2_PLACEMENT_3D('',#6167,#4534,#4535);
#3825=AXIS2_PLACEMENT_3D('',#6173,#4539,#4540);
#3826=AXIS2_PLACEMENT_3D('',#6177,#4542,#4543);
#3827=AXIS2_PLACEMENT_3D('',#6178,#4544,#4545);
#3828=AXIS2_PLACEMENT_3D('',#6179,#4546,#4547);
#3829=AXIS2_PLACEMENT_3D('',#6185,#4551,#4552);
#3830=AXIS2_PLACEMENT_3D('',#6187,#4553,#4554);
#3831=AXIS2_PLACEMENT_3D('',#6190,#4556,#4557);
#3832=AXIS2_PLACEMENT_3D('',#6191,#4558,#4559);
#3833=AXIS2_PLACEMENT_3D('',#6194,#4562,#4563);
#3834=AXIS2_PLACEMENT_3D('',#6198,#4565,#4566);
#3835=AXIS2_PLACEMENT_3D('',#6200,#4568,#4569);
#3836=AXIS2_PLACEMENT_3D('',#6205,#4573,#4574);
#3837=AXIS2_PLACEMENT_3D('',#6207,#4576,#4577);
#3838=AXIS2_PLACEMENT_3D('',#6209,#4578,#4579);
#3839=AXIS2_PLACEMENT_3D('',#6210,#4580,#4581);
#3840=AXIS2_PLACEMENT_3D('',#6212,#4583,#4584);
#3841=AXIS2_PLACEMENT_3D('',#6214,#4586,#4587);
#3842=AXIS2_PLACEMENT_3D('',#6217,#4589,#4590);
#3843=AXIS2_PLACEMENT_3D('',#6218,#4591,#4592);
#3844=AXIS2_PLACEMENT_3D('',#6222,#4595,#4596);
#3845=AXIS2_PLACEMENT_3D('',#6225,#4598,#4599);
#3846=AXIS2_PLACEMENT_3D('',#6226,#4600,#4601);
#3847=AXIS2_PLACEMENT_3D('',#6229,#4604,#4605);
#3848=AXIS2_PLACEMENT_3D('',#6231,#4607,#4608);
#3849=AXIS2_PLACEMENT_3D('',#6233,#4610,#4611);
#3850=AXIS2_PLACEMENT_3D('',#6235,#4613,#4614);
#3851=AXIS2_PLACEMENT_3D('',#6238,#4617,#4618);
#3852=AXIS2_PLACEMENT_3D('',#6239,#4619,#4620);
#3853=AXIS2_PLACEMENT_3D('',#6240,#4621,#4622);
#3854=AXIS2_PLACEMENT_3D('',#6241,#4623,#4624);
#3855=AXIS2_PLACEMENT_3D('',#6243,#4626,#4627);
#3856=AXIS2_PLACEMENT_3D('',#6245,#4629,#4630);
#3857=AXIS2_PLACEMENT_3D('',#6249,#4632,#4633);
#3858=AXIS2_PLACEMENT_3D('',#6251,#4635,#4636);
#3859=AXIS2_PLACEMENT_3D('',#6255,#4639,#4640);
#3860=AXIS2_PLACEMENT_3D('',#6258,#4642,#4643);
#3861=AXIS2_PLACEMENT_3D('',#6259,#4644,#4645);
#3862=AXIS2_PLACEMENT_3D('',#6262,#4647,#4648);
#3863=AXIS2_PLACEMENT_3D('',#6263,#4649,#4650);
#3864=AXIS2_PLACEMENT_3D('',#6266,#4652,#4653);
#3865=AXIS2_PLACEMENT_3D('',#6267,#4654,#4655);
#3866=AXIS2_PLACEMENT_3D('',#6270,#4657,#4658);
#3867=AXIS2_PLACEMENT_3D('',#6271,#4659,#4660);
#3868=AXIS2_PLACEMENT_3D('',#6274,#4662,#4663);
#3869=AXIS2_PLACEMENT_3D('',#6275,#4664,#4665);
#3870=AXIS2_PLACEMENT_3D('',#6279,#4668,#4669);
#3871=AXIS2_PLACEMENT_3D('',#6282,#4671,#4672);
#3872=AXIS2_PLACEMENT_3D('',#6283,#4673,#4674);
#3873=AXIS2_PLACEMENT_3D('',#6287,#4677,#4678);
#3874=AXIS2_PLACEMENT_3D('',#6290,#4680,#4681);
#3875=AXIS2_PLACEMENT_3D('',#6291,#4682,#4683);
#3876=AXIS2_PLACEMENT_3D('',#6295,#4686,#4687);
#3877=AXIS2_PLACEMENT_3D('',#6298,#4689,#4690);
#3878=AXIS2_PLACEMENT_3D('',#6299,#4691,#4692);
#3879=AXIS2_PLACEMENT_3D('',#6302,#4694,#4695);
#3880=AXIS2_PLACEMENT_3D('',#6303,#4696,#4697);
#3881=AXIS2_PLACEMENT_3D('',#6306,#4699,#4700);
#3882=AXIS2_PLACEMENT_3D('',#6307,#4701,#4702);
#3883=AXIS2_PLACEMENT_3D('',#6310,#4704,#4705);
#3884=AXIS2_PLACEMENT_3D('',#6311,#4706,#4707);
#3885=AXIS2_PLACEMENT_3D('',#6314,#4709,#4710);
#3886=AXIS2_PLACEMENT_3D('',#6315,#4711,#4712);
#3887=AXIS2_PLACEMENT_3D('',#6319,#4715,#4716);
#3888=AXIS2_PLACEMENT_3D('',#6322,#4718,#4719);
#3889=AXIS2_PLACEMENT_3D('',#6323,#4720,#4721);
#3890=AXIS2_PLACEMENT_3D('',#6325,#4723,#4724);
#3891=AXIS2_PLACEMENT_3D('',#6328,#4727,#4728);
#3892=AXIS2_PLACEMENT_3D('',#6330,#4730,#4731);
#3893=AXIS2_PLACEMENT_3D('',#6332,#4733,#4734);
#3894=AXIS2_PLACEMENT_3D('',#6334,#4736,#4737);
#3895=AXIS2_PLACEMENT_3D('',#6336,#4739,#4740);
#3896=AXIS2_PLACEMENT_3D('',#6338,#4742,#4743);
#3897=AXIS2_PLACEMENT_3D('',#6340,#4745,#4746);
#3898=AXIS2_PLACEMENT_3D('',#6342,#4748,#4749);
#3899=AXIS2_PLACEMENT_3D('',#6344,#4751,#4752);
#3900=AXIS2_PLACEMENT_3D('',#6346,#4754,#4755);
#3901=AXIS2_PLACEMENT_3D('',#6348,#4757,#4758);
#3902=AXIS2_PLACEMENT_3D('',#6350,#4760,#4761);
#3903=AXIS2_PLACEMENT_3D('',#6352,#4763,#4764);
#3904=AXIS2_PLACEMENT_3D('',#6354,#4766,#4767);
#3905=AXIS2_PLACEMENT_3D('',#6356,#4769,#4770);
#3906=AXIS2_PLACEMENT_3D('',#6359,#4773,#4774);
#3907=AXIS2_PLACEMENT_3D('',#6361,#4776,#4777);
#3908=AXIS2_PLACEMENT_3D('',#6363,#4779,#4780);
#3909=AXIS2_PLACEMENT_3D('',#6365,#4782,#4783);
#3910=AXIS2_PLACEMENT_3D('',#6366,#4784,#4785);
#3911=DIRECTION('axis',(0.,0.,1.));
#3912=DIRECTION('refdir',(1.,0.,0.));
#3913=DIRECTION('center_axis',(-1.22464679914735E-16,0.,1.));
#3914=DIRECTION('ref_axis',(-1.,0.,-1.22464679914735E-16));
#3915=DIRECTION('center_axis',(1.22464679914735E-16,0.,-1.));
#3916=DIRECTION('ref_axis',(-1.,0.,-1.22464679914735E-16));
#3917=DIRECTION('',(0.707106781186546,-8.65956056235491E-17,0.707106781186549));
#3918=DIRECTION('center_axis',(-1.22464679914735E-16,0.,1.));
#3919=DIRECTION('ref_axis',(-1.,0.,-1.22464679914735E-16));
#3920=DIRECTION('center_axis',(1.22464679914735E-16,0.,-1.));
#3921=DIRECTION('ref_axis',(-1.,0.,-1.22464679914735E-16));
#3922=DIRECTION('',(1.22464679914735E-16,0.,-1.));
#3923=DIRECTION('center_axis',(-1.22464679914735E-16,0.,1.));
#3924=DIRECTION('ref_axis',(-1.,0.,-1.22464679914735E-16));
#3925=DIRECTION('center_axis',(-1.22464679914735E-16,0.,1.));
#3926=DIRECTION('ref_axis',(-1.,0.,-1.22464679914735E-16));
#3927=DIRECTION('',(-1.,0.,-1.22464679914735E-16));
#3928=DIRECTION('center_axis',(1.22464679914735E-16,0.,-1.));
#3929=DIRECTION('ref_axis',(-1.,0.,-1.22464679914735E-16));
#3930=DIRECTION('center_axis',(1.22464679914735E-16,0.,-1.));
#3931=DIRECTION('ref_axis',(-0.660795166596388,-0.750566284749623,-8.09240685664308E-17));
#3932=DIRECTION('center_axis',(1.22464679914735E-16,0.,-1.));
#3933=DIRECTION('ref_axis',(-1.,0.,-1.22464679914735E-16));
#3934=DIRECTION('center_axis',(1.22464679914735E-16,0.,-1.));
#3935=DIRECTION('ref_axis',(0.660795166596387,-0.750566284749624,8.09240685664307E-17));
#3936=DIRECTION('center_axis',(1.22464679914735E-16,0.,-1.));
#3937=DIRECTION('ref_axis',(-1.,0.,-1.22464679914735E-16));
#3938=DIRECTION('',(-1.,0.,-1.22464679914735E-16));
#3939=DIRECTION('center_axis',(1.22464679914735E-16,0.,-1.));
#3940=DIRECTION('ref_axis',(0.707106781186549,0.707106781186546,8.65956056235495E-17));
#3941=DIRECTION('',(0.,1.,0.));
#3942=DIRECTION('center_axis',(1.22464679914735E-16,0.,-1.));
#3943=DIRECTION('ref_axis',(0.707106781186547,-0.707106781186548,8.65956056235492E-17));
#3944=DIRECTION('',(1.,0.,1.22464679914735E-16));
#3945=DIRECTION('center_axis',(1.22464679914735E-16,0.,-1.));
#3946=DIRECTION('ref_axis',(-1.,0.,-1.22464679914735E-16));
#3947=DIRECTION('center_axis',(1.22464679914735E-16,0.,-1.));
#3948=DIRECTION('ref_axis',(0.660795166596388,0.750566284749623,8.09240685664308E-17));
#3949=DIRECTION('center_axis',(1.22464679914735E-16,0.,-1.));
#3950=DIRECTION('ref_axis',(-1.,0.,-1.22464679914735E-16));
#3951=DIRECTION('center_axis',(1.22464679914735E-16,0.,-1.));
#3952=DIRECTION('ref_axis',(-0.660795166596388,0.750566284749623,-8.09240685664308E-17));
#3953=DIRECTION('center_axis',(1.22464679914735E-16,0.,-1.));
#3954=DIRECTION('ref_axis',(-1.,0.,-1.22464679914735E-16));
#3955=DIRECTION('',(1.,0.,1.22464679914735E-16));
#3956=DIRECTION('center_axis',(1.22464679914735E-16,0.,-1.));
#3957=DIRECTION('ref_axis',(-0.707106781186547,-0.707106781186548,-8.65956056235492E-17));
#3958=DIRECTION('',(0.,-1.,0.));
#3959=DIRECTION('center_axis',(1.22464679914735E-16,0.,-1.));
#3960=DIRECTION('ref_axis',(-0.707106781186546,0.707106781186549,-8.65956056235491E-17));
#3961=DIRECTION('center_axis',(-2.98199974632816E-5,0.86602540327104,-0.5));
#3962=DIRECTION('ref_axis',(0.999999999407179,3.44331671253899E-5,1.22461291710347E-16));
#3963=DIRECTION('',(0.999999999407179,3.44331671253899E-5,1.22464679842136E-16));
#3964=DIRECTION('',(-0.58812767196489,-0.404399238993239,-0.700404952131871));
#3965=DIRECTION('',(-0.999999999407178,-3.44331671253899E-5,-1.22464679842136E-16));
#3966=DIRECTION('',(0.588127509774826,-0.404368921321232,-0.700422592236691));
#3967=DIRECTION('center_axis',(0.808629993799793,-0.310028277947912,-0.5));
#3968=DIRECTION('ref_axis',(-0.357989819459246,-0.933725489190231,-4.38411086528104E-17));
#3969=DIRECTION('',(-0.357989819459246,-0.933725489190231,-4.38411086528104E-17));
#3970=DIRECTION('',(3.7388824754104E-7,-0.849880894048703,0.526974824760005));
#3971=DIRECTION('',(0.357989819459246,0.933725489190231,4.38411086528104E-17));
#3972=DIRECTION('center_axis',(-0.808629721017892,-0.310028989429256,-0.5));
#3973=DIRECTION('ref_axis',(-0.357990641007137,0.933725174208824,-4.38412092634099E-17));
#3974=DIRECTION('',(-0.357990641007137,0.933725174208824,-4.38412092634099E-17));
#3975=DIRECTION('',(0.357990641007137,-0.933725174208824,4.38412092634099E-17));
#3976=DIRECTION('center_axis',(6.12323399573676E-17,0.866025403784439,-0.5));
#3977=DIRECTION('ref_axis',(1.,0.,1.22464679914735E-16));
#3978=DIRECTION('',(1.,0.,1.22464679914735E-16));
#3979=DIRECTION('',(0.447213595499958,-0.447213595499958,-0.774596669241483));
#3980=DIRECTION('',(-1.,0.,-1.22464679914735E-16));
#3981=DIRECTION('',(0.447213455071664,0.447213630607024,0.774596730048706));
#3982=DIRECTION('center_axis',(-0.866025403784439,7.92284591197523E-17,
-0.5));
#3983=DIRECTION('ref_axis',(9.14851444005365E-17,1.,1.1203698925965E-32));
#3984=DIRECTION('',(9.14851444005365E-17,1.,1.1203698925965E-32));
#3985=DIRECTION('',(-0.180994685630668,0.932182222043428,0.313491991412274));
#3986=DIRECTION('',(-9.14851444005365E-17,-1.,-1.1203698925965E-32));
#3987=DIRECTION('center_axis',(0.80310098151404,0.324081492052825,-0.5));
#3988=DIRECTION('ref_axis',(0.374217073352148,-0.927341135727167,4.58283741066999E-17));
#3989=DIRECTION('',(0.374217073352148,-0.927341135727167,4.58283741066999E-17));
#3990=DIRECTION('',(-0.319699601440172,-0.473759476116043,-0.820575483200204));
#3991=DIRECTION('',(-0.374217073352148,0.927341135727167,-4.58283741066999E-17));
#3992=DIRECTION('center_axis',(4.83405052350367E-15,0.866025403784439,-0.5));
#3993=DIRECTION('ref_axis',(1.,-5.5111757261272E-15,1.22464679914735E-16));
#3994=DIRECTION('',(1.,-5.5111757261272E-15,1.22464679914735E-16));
#3995=DIRECTION('',(0.319699554214404,-0.473759484083199,-0.820575496999717));
#3996=DIRECTION('',(-1.,5.5111757261272E-15,-1.22464679914735E-16));
#3997=DIRECTION('center_axis',(-0.803100932065332,0.324081614590825,-0.5));
#3998=DIRECTION('ref_axis',(0.374217214846842,0.927341078628717,4.58283914348023E-17));
#3999=DIRECTION('',(0.374217214846842,0.927341078628717,4.58283914348023E-17));
#4000=DIRECTION('',(0.180994749758192,0.932182172238816,0.313492102484404));
#4001=DIRECTION('',(-0.374217214846842,-0.927341078628717,-4.58283914348023E-17));
#4002=DIRECTION('center_axis',(0.866025403784439,0.,-0.5));
#4003=DIRECTION('ref_axis',(0.,-1.,0.));
#4004=DIRECTION('',(0.,-1.,0.));
#4005=DIRECTION('',(-0.447213595499958,-0.447213595499956,-0.774596669241484));
#4006=DIRECTION('',(0.,1.,0.));
#4007=DIRECTION('center_axis',(4.80116102468689E-15,0.866025403784439,-0.5));
#4008=DIRECTION('ref_axis',(1.,-5.47319820413644E-15,1.22464679914735E-16));
#4009=DIRECTION('',(1.,-5.47319820413644E-15,1.22464679914735E-16));
#4010=DIRECTION('',(0.277505277661508,-0.480362056388203,-0.832011487692632));
#4011=DIRECTION('',(-1.,5.47319820413644E-15,-1.22464679914735E-16));
#4012=DIRECTION('center_axis',(-0.750227178180715,0.432618979147935,-0.5));
#4013=DIRECTION('ref_axis',(0.499545368135202,0.866287726552019,3.34210879959373E-17));
#4014=DIRECTION('',(0.499545368135203,0.866287726552019,6.11766636115662E-17));
#4015=DIRECTION('',(1.15711661150475E-16,0.756223557997043,0.6543133273366));
#4016=DIRECTION('',(-0.499545368135203,-0.866287726552019,-6.11766636115662E-17));
#4017=DIRECTION('center_axis',(0.750227178180716,0.432618979147934,-0.5));
#4018=DIRECTION('ref_axis',(0.499545368135202,-0.866287726552019,6.11766636115661E-17));
#4019=DIRECTION('',(0.499545368135202,-0.866287726552019,6.11766636115661E-17));
#4020=DIRECTION('',(-0.277505277661508,-0.480362056388202,-0.832011487692632));
#4021=DIRECTION('',(-0.499545368135202,0.866287726552019,-6.11766636115661E-17));
#4022=DIRECTION('center_axis',(6.12323399573676E-17,0.866025403784439,-0.5));
#4023=DIRECTION('ref_axis',(1.,0.,1.22464679914735E-16));
#4024=DIRECTION('',(1.,0.,1.22464679914735E-16));
#4025=DIRECTION('',(-0.447213595499958,0.447213595499958,0.774596669241483));
#4026=DIRECTION('',(-1.,0.,-1.22464679914735E-16));
#4027=DIRECTION('center_axis',(-0.866025403784439,0.,-0.5));
#4028=DIRECTION('ref_axis',(0.,1.,0.));
#4029=DIRECTION('',(0.,1.,0.));
#4030=DIRECTION('',(-0.447213595499958,-0.447213595499958,0.774596669241483));
#4031=DIRECTION('',(0.,-1.,0.));
#4032=DIRECTION('center_axis',(6.12323399573676E-17,-0.866025403784439,
-0.5));
#4033=DIRECTION('ref_axis',(-1.,0.,-1.22464679914735E-16));
#4034=DIRECTION('',(-1.,0.,-1.22464679914735E-16));
#4035=DIRECTION('',(-0.447213595499958,0.447213595499958,-0.774596669241483));
#4036=DIRECTION('',(1.,0.,1.22464679914735E-16));
#4037=DIRECTION('center_axis',(0.866025403784439,0.,-0.5));
#4038=DIRECTION('ref_axis',(0.,-1.,0.));
#4039=DIRECTION('',(0.,-1.,0.));
#4040=DIRECTION('',(-0.229956044397014,0.88796445344457,-0.398295552403193));
#4041=DIRECTION('',(0.,1.,0.));
#4042=DIRECTION('center_axis',(-0.757165464337583,-0.420357537834701,-0.5));
#4043=DIRECTION('ref_axis',(-0.485387075249506,0.874299369312783,-5.94427728051803E-17));
#4044=DIRECTION('',(-0.485387075249506,0.874299369312783,-5.94427728051803E-17));
#4045=DIRECTION('',(-0.282327486128232,-0.479659043117221,0.830793832988898));
#4046=DIRECTION('',(0.485387075249506,-0.874299369312783,5.94427728051803E-17));
#4047=DIRECTION('center_axis',(6.12323399573676E-17,-0.866025403784439,
-0.5));
#4048=DIRECTION('ref_axis',(-1.,0.,-1.22464679914735E-16));
#4049=DIRECTION('',(-1.,0.,-1.22464679914735E-16));
#4050=DIRECTION('',(0.282327486128232,-0.479659043117221,0.830793832988898));
#4051=DIRECTION('',(1.,0.,1.22464679914735E-16));
#4052=DIRECTION('center_axis',(0.757165464337583,-0.420357537834701,-0.5));
#4053=DIRECTION('ref_axis',(-0.485387075249505,-0.874299369312783,-5.94427728051802E-17));
#4054=DIRECTION('',(-0.485387075249505,-0.874299369312783,-5.94427728051802E-17));
#4055=DIRECTION('',(0.229956044397014,0.88796445344457,-0.398295552403193));
#4056=DIRECTION('',(0.485387075249506,0.874299369312783,5.94427728051802E-17));
#4057=DIRECTION('center_axis',(-0.866025403784439,0.,-0.5));
#4058=DIRECTION('ref_axis',(0.,1.,0.));
#4059=DIRECTION('',(0.,1.,0.));
#4060=DIRECTION('',(-0.447213595499958,-0.447213595499958,0.774596669241483));
#4061=DIRECTION('',(0.,-1.,0.));
#4062=DIRECTION('center_axis',(6.12323399573676E-17,-0.866025403784439,
-0.5));
#4063=DIRECTION('ref_axis',(-1.,0.,-1.22464679914735E-16));
#4064=DIRECTION('',(-1.,0.,-1.22464679914735E-16));
#4065=DIRECTION('',(-0.188280449082742,-0.4910576525453,0.850536803653963));
#4066=DIRECTION('',(1.,0.,1.22464679914735E-16));
#4067=DIRECTION('center_axis',(0.933719625498346,-0.358005113035035,1.14347675066762E-16));
#4068=DIRECTION('ref_axis',(-0.358005113035035,-0.933719625498346,-4.38429815756741E-17));
#4069=DIRECTION('',(-0.358005113035035,-0.933719625498346,-4.38429815756741E-17));
#4070=DIRECTION('',(-0.188280449082742,-0.4910576525453,0.850536803653963));
#4071=DIRECTION('',(-0.358005113035034,-0.933719625498346,-4.38429815756741E-17));
#4072=DIRECTION('center_axis',(6.12323399573676E-17,-0.866025403784439,
-0.5));
#4073=DIRECTION('ref_axis',(-1.,0.,-1.22464679914735E-16));
#4074=DIRECTION('',(-1.,0.,-1.22464679914735E-16));
#4075=DIRECTION('',(0.325111704888439,0.472837810286078,-0.818979111155101));
#4076=DIRECTION('',(1.,0.,1.22464679914735E-16));
#4077=DIRECTION('center_axis',(-0.808628465871818,-0.310032263130454,-0.5));
#4078=DIRECTION('ref_axis',(-0.357994421151672,0.933723724890976,-4.38416721976005E-17));
#4079=DIRECTION('',(-0.357994421151672,0.933723724890976,-4.38416721976005E-17));
#4080=DIRECTION('',(-0.325111704888439,-0.472837810286078,0.818979111155101));
#4081=DIRECTION('',(0.357994421151672,-0.933723724890976,4.38416721976005E-17));
#4082=DIRECTION('center_axis',(6.12323399573676E-17,-0.866025403784439,
-0.5));
#4083=DIRECTION('ref_axis',(-1.,0.,-1.22464679914735E-16));
#4084=DIRECTION('',(-1.,0.,-1.22464679914735E-16));
#4085=DIRECTION('',(0.447213595499958,-0.447213595499958,0.774596669241483));
#4086=DIRECTION('',(1.,0.,1.22464679914735E-16));
#4087=DIRECTION('center_axis',(0.866025403784439,6.89989618663158E-16,-0.5));
#4088=DIRECTION('ref_axis',(7.96731384146443E-16,-1.,9.75714539375182E-32));
#4089=DIRECTION('',(7.96731384146443E-16,-1.,9.75714539375182E-32));
#4090=DIRECTION('',(0.447213595499958,0.447213595499958,0.774596669241484));
#4091=DIRECTION('',(-7.96731384146443E-16,1.,-9.75714539375182E-32));
#4092=DIRECTION('center_axis',(6.12323399573676E-17,0.866025403784439,-0.5));
#4093=DIRECTION('ref_axis',(1.,0.,1.22464679914735E-16));
#4094=DIRECTION('',(1.,0.,1.22464679914735E-16));
#4095=DIRECTION('',(-0.447213455071664,-0.447213630607024,-0.774596730048706));
#4096=DIRECTION('',(-1.,0.,-1.22464679914735E-16));
#4097=DIRECTION('center_axis',(0.866025403784372,3.39922802858831E-7,-0.5));
#4098=DIRECTION('ref_axis',(3.92509043468476E-7,-0.999999999999923,4.80684943720058E-23));
#4099=DIRECTION('',(3.92509043468476E-7,-0.999999999999923,4.80684943720058E-23));
#4100=DIRECTION('',(-3.92509043468476E-7,0.999999999999923,-4.80684943720058E-23));
#4101=DIRECTION('center_axis',(1.22464679914735E-16,0.,-1.));
#4102=DIRECTION('ref_axis',(-1.,0.,-1.22464679914735E-16));
#4103=DIRECTION('center_axis',(6.12323399573676E-17,-0.866025403784439,
-0.5));
#4104=DIRECTION('ref_axis',(-1.,0.,-1.22464679914735E-16));
#4105=DIRECTION('',(-1.,0.,-1.22464679914735E-16));
#4106=DIRECTION('',(-0.447213595499958,0.447213595499958,-0.774596669241483));
#4107=DIRECTION('',(1.,0.,1.22464679914735E-16));
#4108=DIRECTION('',(-0.447213595499958,-0.447213595499958,0.774596669241483));
#4109=DIRECTION('center_axis',(0.866025403784439,0.,-0.5));
#4110=DIRECTION('ref_axis',(0.,-1.,0.));
#4111=DIRECTION('',(0.,-1.,0.));
#4112=DIRECTION('',(-0.447213595499958,-0.447213595499958,-0.774596669241483));
#4113=DIRECTION('',(0.,1.,0.));
#4114=DIRECTION('center_axis',(6.12323399573676E-17,0.866025403784439,-0.5));
#4115=DIRECTION('ref_axis',(1.,0.,1.22464679914735E-16));
#4116=DIRECTION('',(1.,0.,1.22464679914735E-16));
#4117=DIRECTION('',(0.447213595499958,-0.447213595499958,-0.774596669241483));
#4118=DIRECTION('',(-1.,0.,-1.22464679914735E-16));
#4119=DIRECTION('center_axis',(-0.866025403784439,0.,-0.5));
#4120=DIRECTION('ref_axis',(0.,1.,0.));
#4121=DIRECTION('',(0.,1.,0.));
#4122=DIRECTION('',(0.,-1.,0.));
#4123=DIRECTION('center_axis',(1.22464679914735E-16,0.,-1.));
#4124=DIRECTION('ref_axis',(-1.,0.,-1.22464679914735E-16));
#4125=DIRECTION('center_axis',(-0.813797645685355,0.296198230712091,-0.5));
#4126=DIRECTION('ref_axis',(0.342020256470233,0.939692579604647,4.18854012329828E-17));
#4127=DIRECTION('',(0.342020256470233,0.939692579604647,4.18854012329828E-17));
#4128=DIRECTION('',(-1.50448984535635E-16,0.860365532308043,0.509677496870617));
#4129=DIRECTION('',(-0.342020256470233,-0.939692579604647,-4.18854012329828E-17));
#4130=DIRECTION('',(-0.33043763741913,0.4719139137006,0.81737887532811));
#4131=DIRECTION('center_axis',(0.813797645685355,0.296198230712091,-0.5));
#4132=DIRECTION('ref_axis',(0.342020256470233,-0.939692579604647,1.41298256173539E-17));
#4133=DIRECTION('',(0.342020256470233,-0.939692579604647,4.18854012329828E-17));
#4134=DIRECTION('',(-0.330437637419132,-0.471913913700597,-0.817378875328111));
#4135=DIRECTION('',(-0.342020256470233,0.939692579604647,-4.18854012329828E-17));
#4136=DIRECTION('center_axis',(4.71471674052441E-15,0.866025403784439,-0.5));
#4137=DIRECTION('ref_axis',(1.,-5.37338094267421E-15,1.22464679914735E-16));
#4138=DIRECTION('',(1.,-5.37338094267421E-15,1.22464679914735E-16));
#4139=DIRECTION('',(-6.57102294189208E-17,0.5,0.866025403784439));
#4140=DIRECTION('',(-1.,5.37338094267421E-15,-1.22464679914735E-16));
#4141=DIRECTION('center_axis',(-1.,8.06945889071398E-17,-1.22464679914735E-16));
#4142=DIRECTION('ref_axis',(8.06945889071398E-17,1.,9.88223700136403E-33));
#4143=DIRECTION('',(8.06945889071398E-17,1.,9.88223700136403E-33));
#4144=DIRECTION('',(1.46404818326061E-16,0.5,-0.866025403784439));
#4145=DIRECTION('',(8.06945889071398E-17,1.,9.88223700136403E-33));
#4146=DIRECTION('center_axis',(6.12323399573676E-17,-0.866025403784439,
-0.5));
#4147=DIRECTION('ref_axis',(-1.,0.,-1.22464679914735E-16));
#4148=DIRECTION('',(-1.,0.,-1.22464679914735E-16));
#4149=DIRECTION('',(0.580960900054837,-0.406965733387798,0.704885327167196));
#4150=DIRECTION('',(1.,0.,1.22464679914735E-16));
#4151=DIRECTION('center_axis',(0.813915649586489,0.295873816614792,-0.5));
#4152=DIRECTION('ref_axis',(0.341645655337424,-0.939828838772817,4.18395258251577E-17));
#4153=DIRECTION('',(0.341645655337424,-0.939828838772817,4.18395258251577E-17));
#4154=DIRECTION('',(-0.330562511269101,-0.471892049663762,-0.817341005705452));
#4155=DIRECTION('',(-0.341645655337424,0.939828838772817,-4.18395258251577E-17));
#4156=DIRECTION('center_axis',(6.12323399573676E-17,0.866025403784439,-0.5));
#4157=DIRECTION('ref_axis',(1.,0.,1.22464679914735E-16));
#4158=DIRECTION('',(1.,0.,1.22464679914735E-16));
#4159=DIRECTION('',(0.447213595499958,0.447213595499958,0.774596669241484));
#4160=DIRECTION('',(-1.,0.,-1.22464679914735E-16));
#4161=DIRECTION('center_axis',(0.866025403784439,0.,-0.5));
#4162=DIRECTION('ref_axis',(0.,-1.,0.));
#4163=DIRECTION('',(0.,-1.,0.));
#4164=DIRECTION('',(-0.447214677102547,0.44720926906344,-0.774598542632122));
#4165=DIRECTION('',(0.,1.,0.));
#4166=DIRECTION('center_axis',(1.04726606915193E-5,-0.866025403721117,-0.5));
#4167=DIRECTION('ref_axis',(-0.999999999926882,-1.20927869386898E-5,-1.22464679905781E-16));
#4168=DIRECTION('',(-0.999999999926882,-1.20927869386898E-5,-1.22464679905781E-16));
#4169=DIRECTION('',(0.580964960749195,-0.40695901507349,0.70488585915175));
#4170=DIRECTION('',(0.999999999926882,1.20927869386898E-5,1.22464679905781E-16));
#4171=DIRECTION('center_axis',(0.813912693395346,0.295881948638192,-0.5));
#4172=DIRECTION('ref_axis',(0.341655045389222,-0.939825425257313,4.18406757748455E-17));
#4173=DIRECTION('',(0.341655045389222,-0.939825425257313,4.18406757748455E-17));
#4174=DIRECTION('',(-0.330559381088536,-0.471892597837252,-0.817341955169789));
#4175=DIRECTION('',(-0.341655045389222,0.939825425257313,-4.18406757748455E-17));
#4176=DIRECTION('center_axis',(6.12323399573676E-17,0.866025403784439,-0.5));
#4177=DIRECTION('ref_axis',(1.,0.,1.22464679914735E-16));
#4178=DIRECTION('',(1.,0.,1.22464679914735E-16));
#4179=DIRECTION('',(0.447213595499958,0.447213595499958,0.774596669241484));
#4180=DIRECTION('',(-1.,0.,-1.22464679914735E-16));
#4181=DIRECTION('center_axis',(0.866025403784439,0.,-0.5));
#4182=DIRECTION('ref_axis',(0.,-1.,0.));
#4183=DIRECTION('',(0.,-1.,0.));
#4184=DIRECTION('',(-0.447212469768058,0.447218098399222,-0.774594719416636));
#4185=DIRECTION('',(0.,1.,0.));
#4186=DIRECTION('center_axis',(-1.08997562258019E-5,-0.866025403715847,
-0.5));
#4187=DIRECTION('ref_axis',(-0.999999999920797,1.25859543822067E-5,-1.22464679905036E-16));
#4188=DIRECTION('',(-0.999999999920797,1.25859543822067E-5,-1.22464679905036E-16));
#4189=DIRECTION('',(0.330440539766996,0.471910286479122,-0.817379796174146));
#4190=DIRECTION('',(0.999999999920797,-1.25859543822067E-5,1.22464679905036E-16));
#4191=DIRECTION('center_axis',(-0.813798501808507,-0.296195878523368,-0.5));
#4192=DIRECTION('ref_axis',(-0.342017540396648,0.939693568170511,-6.96406442255295E-17));
#4193=DIRECTION('',(-0.342017540396648,0.939693568170511,-4.18850686099006E-17));
#4194=DIRECTION('',(-0.330436927675827,-0.47191656075043,0.817377633971988));
#4195=DIRECTION('',(0.342017540396648,-0.939693568170511,4.18850686099006E-17));
#4196=DIRECTION('center_axis',(8.8158103460034E-6,-0.866025403739568,-0.5));
#4197=DIRECTION('ref_axis',(-0.999999999948188,-1.01796209527088E-5,-1.22465526941337E-16));
#4198=DIRECTION('',(-0.999999999948188,-1.01796209527088E-5,-1.2246467990839E-16));
#4199=DIRECTION('',(0.330439298446097,-0.4719111001399,0.817379828236053));
#4200=DIRECTION('',(0.999999999948188,1.01796209527088E-5,1.2246467990839E-16));
#4201=DIRECTION('center_axis',(0.813797689069117,-0.296198111516203,-0.5));
#4202=DIRECTION('ref_axis',(-0.342020118834677,-0.9396926296999,-4.18853843774885E-17));
#4203=DIRECTION('',(-0.342020118834677,-0.9396926296999,-4.18853843774885E-17));
#4204=DIRECTION('',(0.581124091090035,0.406907480502255,0.704784430209754));
#4205=DIRECTION('',(0.342020118834677,0.9396926296999,4.18853843774885E-17));
#4206=DIRECTION('center_axis',(4.72113221666803E-15,0.866025403784439,-0.5));
#4207=DIRECTION('ref_axis',(1.,-5.38078889643121E-15,1.22464679914735E-16));
#4208=DIRECTION('',(1.,-5.38078889643121E-15,1.22464679914735E-16));
#4209=DIRECTION('',(-1.,5.38078889643121E-15,-1.22464679914735E-16));
#4210=DIRECTION('center_axis',(1.22464679914735E-16,0.,-1.));
#4211=DIRECTION('ref_axis',(-1.,0.,-1.22464679914735E-16));
#4212=DIRECTION('center_axis',(1.22464679914735E-16,0.,-1.));
#4213=DIRECTION('ref_axis',(-1.,0.,-1.22464679914735E-16));
#4214=DIRECTION('',(1.,0.,1.22464679914735E-16));
#4215=DIRECTION('center_axis',(1.22464679914735E-16,0.,-1.));
#4216=DIRECTION('ref_axis',(-0.707106781186548,0.707106781186548,-8.65956056235493E-17));
#4217=DIRECTION('',(0.,1.,0.));
#4218=DIRECTION('center_axis',(1.22464679914735E-16,0.,-1.));
#4219=DIRECTION('ref_axis',(-1.,0.,-1.22464679914735E-16));
#4220=DIRECTION('',(8.88178419700125E-17,-1.,1.08770485875751E-32));
#4221=DIRECTION('center_axis',(1.22464679914735E-16,0.,-1.));
#4222=DIRECTION('ref_axis',(0.707106781186547,0.707106781186548,8.65956056235493E-17));
#4223=DIRECTION('center_axis',(1.22464679914735E-16,0.,-1.));
#4224=DIRECTION('ref_axis',(1.,0.,1.22464679914735E-16));
#4225=DIRECTION('center_axis',(1.22464679914735E-16,0.,-1.));
#4226=DIRECTION('ref_axis',(1.,0.,1.22464679914735E-16));
#4227=DIRECTION('center_axis',(1.22464679914735E-16,0.,-1.));
#4228=DIRECTION('ref_axis',(-0.707106781186546,0.707106781186549,-8.65956056235491E-17));
#4229=DIRECTION('',(0.,1.,0.));
#4230=DIRECTION('center_axis',(1.22464679914735E-16,0.,-1.));
#4231=DIRECTION('ref_axis',(-0.707106781186547,-0.707106781186548,-8.65956056235492E-17));
#4232=DIRECTION('',(-1.,0.,-1.22464679914735E-16));
#4233=DIRECTION('center_axis',(-1.22464679914735E-16,0.,1.));
#4234=DIRECTION('ref_axis',(1.,0.,1.22464679914735E-16));
#4235=DIRECTION('center_axis',(1.22464679914735E-16,0.,-1.));
#4236=DIRECTION('ref_axis',(-0.660795166596388,0.750566284749623,-8.09240685664308E-17));
#4237=DIRECTION('center_axis',(-1.22464679914735E-16,0.,1.));
#4238=DIRECTION('ref_axis',(-1.,0.,-1.22464679914735E-16));
#4239=DIRECTION('center_axis',(1.22464679914735E-16,0.,-1.));
#4240=DIRECTION('ref_axis',(0.660795166596388,0.750566284749623,8.09240685664309E-17));
#4241=DIRECTION('center_axis',(-1.22464679914735E-16,0.,1.));
#4242=DIRECTION('ref_axis',(-1.,0.,-1.22464679914735E-16));
#4243=DIRECTION('',(-1.,0.,-1.22464679914735E-16));
#4244=DIRECTION('center_axis',(1.22464679914735E-16,0.,-1.));
#4245=DIRECTION('ref_axis',(0.707106781186547,-0.707106781186548,8.65956056235492E-17));
#4246=DIRECTION('',(0.,-1.,0.));
#4247=DIRECTION('center_axis',(1.22464679914735E-16,0.,-1.));
#4248=DIRECTION('ref_axis',(0.707106781186549,0.707106781186546,8.65956056235495E-17));
#4249=DIRECTION('',(1.,0.,1.22464679914735E-16));
#4250=DIRECTION('center_axis',(-1.22464679914735E-16,0.,1.));
#4251=DIRECTION('ref_axis',(-1.,0.,-1.22464679914735E-16));
#4252=DIRECTION('center_axis',(1.22464679914735E-16,0.,-1.));
#4253=DIRECTION('ref_axis',(0.660795166596387,-0.750566284749624,8.09240685664307E-17));
#4254=DIRECTION('center_axis',(-1.22464679914735E-16,0.,1.));
#4255=DIRECTION('ref_axis',(-1.,0.,-1.22464679914735E-16));
#4256=DIRECTION('center_axis',(1.22464679914735E-16,0.,-1.));
#4257=DIRECTION('ref_axis',(-0.660795166596388,-0.750566284749623,-8.09240685664308E-17));
#4258=DIRECTION('center_axis',(-1.22464679914735E-16,0.,1.));
#4259=DIRECTION('ref_axis',(1.,0.,1.22464679914735E-16));
#4260=DIRECTION('',(1.,0.,1.22464679914735E-16));
#4261=DIRECTION('',(-1.,0.,-1.22464679914735E-16));
#4262=DIRECTION('',(0.,1.,0.));
#4263=DIRECTION('',(1.,0.,1.22464679914735E-16));
#4264=DIRECTION('',(-1.,0.,-1.22464679914735E-16));
#4265=DIRECTION('',(0.,1.,0.));
#4266=DIRECTION('',(-1.,0.,-1.22464679914735E-16));
#4267=DIRECTION('',(0.,1.,0.));
#4268=DIRECTION('',(0.618147412489327,0.786062196287768,7.57012250106273E-17));
#4269=DIRECTION('',(1.,0.,1.22464679914735E-16));
#4270=DIRECTION('',(0.,-1.,0.));
#4271=DIRECTION('',(1.,0.,1.22464679914735E-16));
#4272=DIRECTION('',(0.,-1.,0.));
#4273=DIRECTION('',(-1.,0.,-1.22464679914735E-16));
#4274=DIRECTION('',(0.,-1.,0.));
#4275=DIRECTION('',(-1.,0.,-1.22464679914735E-16));
#4276=DIRECTION('',(0.,1.,0.));
#4277=DIRECTION('',(-1.,0.,-1.22464679914735E-16));
#4278=DIRECTION('',(0.,1.,0.));
#4279=DIRECTION('',(1.,0.,1.22464679914735E-16));
#4280=DIRECTION('',(0.,-1.,0.));
#4281=DIRECTION('',(-1.,0.,-1.22464679914735E-16));
#4282=DIRECTION('',(0.,-1.,0.));
#4283=DIRECTION('center_axis',(0.,-1.,0.));
#4284=DIRECTION('ref_axis',(-1.,0.,-1.22464679914735E-16));
#4285=DIRECTION('',(1.22464679914735E-16,0.,-1.));
#4286=DIRECTION('',(-1.,0.,-1.22464679914735E-16));
#4287=DIRECTION('',(1.22464679914735E-16,0.,-1.));
#4288=DIRECTION('center_axis',(1.,0.,1.22464679914735E-16));
#4289=DIRECTION('ref_axis',(0.,-1.,0.));
#4290=DIRECTION('',(1.22464679914735E-16,0.,-1.));
#4291=DIRECTION('',(0.,-1.,0.));
#4292=DIRECTION('center_axis',(0.,-1.,0.));
#4293=DIRECTION('ref_axis',(-1.,0.,-1.22464679914735E-16));
#4294=DIRECTION('',(1.22464679914735E-16,0.,-1.));
#4295=DIRECTION('',(-1.,0.,-1.22464679914735E-16));
#4296=DIRECTION('center_axis',(1.,0.,1.22464679914735E-16));
#4297=DIRECTION('ref_axis',(0.,-1.,0.));
#4298=DIRECTION('',(1.22464679914735E-16,0.,-1.));
#4299=DIRECTION('',(0.,-1.,0.));
#4300=DIRECTION('center_axis',(0.,1.,0.));
#4301=DIRECTION('ref_axis',(1.,0.,1.22464679914735E-16));
#4302=DIRECTION('',(1.22464679914735E-16,0.,-1.));
#4303=DIRECTION('',(1.,0.,1.22464679914735E-16));
#4304=DIRECTION('center_axis',(-1.,0.,-1.22464679914735E-16));
#4305=DIRECTION('ref_axis',(0.,1.,0.));
#4306=DIRECTION('',(1.22464679914735E-16,0.,-1.));
#4307=DIRECTION('',(0.,1.,0.));
#4308=DIRECTION('center_axis',(0.,-1.,0.));
#4309=DIRECTION('ref_axis',(-1.,0.,-1.22464679914735E-16));
#4310=DIRECTION('',(1.22464679914735E-16,0.,-1.));
#4311=DIRECTION('',(-1.,0.,-1.22464679914735E-16));
#4312=DIRECTION('center_axis',(-1.,0.,-1.22464679914735E-16));
#4313=DIRECTION('ref_axis',(0.,1.,0.));
#4314=DIRECTION('',(0.,1.,0.));
#4315=DIRECTION('center_axis',(1.22464679914735E-16,0.,-1.));
#4316=DIRECTION('ref_axis',(-1.,0.,-1.22464679914735E-16));
#4317=DIRECTION('center_axis',(0.783721325722734,-0.621112617491707,9.59781812969867E-17));
#4318=DIRECTION('ref_axis',(-0.621112617491707,-0.783721325722734,-7.60643578921253E-17));
#4319=DIRECTION('',(-0.621112617491707,-0.783721325722734,-7.60643578921253E-17));
#4320=DIRECTION('',(1.22464679914735E-16,0.,-1.));
#4321=DIRECTION('',(-0.621112617491707,-0.783721325722734,-7.60643578921253E-17));
#4322=DIRECTION('',(1.22464679914735E-16,0.,-1.));
#4323=DIRECTION('center_axis',(-1.,0.,-1.22464679914735E-16));
#4324=DIRECTION('ref_axis',(0.,1.,0.));
#4325=DIRECTION('',(0.,1.,0.));
#4326=DIRECTION('',(1.22464679914735E-16,0.,-1.));
#4327=DIRECTION('',(0.,1.,0.));
#4328=DIRECTION('center_axis',(0.,1.,0.));
#4329=DIRECTION('ref_axis',(1.,0.,1.22464679914735E-16));
#4330=DIRECTION('',(1.,0.,1.22464679914735E-16));
#4331=DIRECTION('',(1.,0.,1.22464679914735E-16));
#4332=DIRECTION('center_axis',(0.,-1.,0.));
#4333=DIRECTION('ref_axis',(-1.,0.,-1.22464679914735E-16));
#4334=DIRECTION('',(1.22464679914735E-16,0.,-1.));
#4335=DIRECTION('',(-1.,0.,-1.22464679914735E-16));
#4336=DIRECTION('',(1.22464679914735E-16,0.,-1.));
#4337=DIRECTION('center_axis',(1.,0.,1.22464679914735E-16));
#4338=DIRECTION('ref_axis',(0.,-1.,0.));
#4339=DIRECTION('',(1.22464679914735E-16,0.,-1.));
#4340=DIRECTION('',(0.,-1.,0.));
#4341=DIRECTION('center_axis',(0.,-1.,0.));
#4342=DIRECTION('ref_axis',(-1.,0.,-1.22464679914735E-16));
#4343=DIRECTION('',(1.22464679914735E-16,0.,-1.));
#4344=DIRECTION('',(-1.,0.,-1.22464679914735E-16));
#4345=DIRECTION('center_axis',(1.,0.,1.22464679914735E-16));
#4346=DIRECTION('ref_axis',(0.,-1.,0.));
#4347=DIRECTION('',(1.22464679914735E-16,0.,-1.));
#4348=DIRECTION('',(0.,-1.,0.));
#4349=DIRECTION('center_axis',(0.,1.,0.));
#4350=DIRECTION('ref_axis',(1.,0.,1.22464679914735E-16));
#4351=DIRECTION('',(1.22464679914735E-16,0.,-1.));
#4352=DIRECTION('',(1.,0.,1.22464679914735E-16));
#4353=DIRECTION('center_axis',(1.,0.,1.22464679914735E-16));
#4354=DIRECTION('ref_axis',(0.,-1.,0.));
#4355=DIRECTION('',(1.22464679914735E-16,0.,-1.));
#4356=DIRECTION('',(0.,-1.,0.));
#4357=DIRECTION('center_axis',(0.,1.,0.));
#4358=DIRECTION('ref_axis',(1.,0.,1.22464679914735E-16));
#4359=DIRECTION('',(1.22464679914735E-16,0.,-1.));
#4360=DIRECTION('',(1.,0.,1.22464679914735E-16));
#4361=DIRECTION('center_axis',(-0.786062196287768,0.618147412489327,-9.62648552614554E-17));
#4362=DIRECTION('ref_axis',(0.618147412489327,0.786062196287768,7.57012250106273E-17));
#4363=DIRECTION('',(1.22464679914735E-16,0.,-1.));
#4364=DIRECTION('',(0.618147412489327,0.786062196287768,7.57012250106273E-17));
#4365=DIRECTION('center_axis',(-1.,0.,-1.22464679914735E-16));
#4366=DIRECTION('ref_axis',(0.,1.,0.));
#4367=DIRECTION('',(1.22464679914735E-16,0.,-1.));
#4368=DIRECTION('',(0.,1.,0.));
#4369=DIRECTION('center_axis',(0.,-1.,0.));
#4370=DIRECTION('ref_axis',(-1.,0.,-1.22464679914735E-16));
#4371=DIRECTION('',(1.22464679914735E-16,0.,-1.));
#4372=DIRECTION('',(-1.,0.,-1.22464679914735E-16));
#4373=DIRECTION('center_axis',(-1.,0.,-1.22464679914735E-16));
#4374=DIRECTION('ref_axis',(0.,1.,0.));
#4375=DIRECTION('',(0.,1.,0.));
#4376=DIRECTION('center_axis',(1.22464679914735E-16,0.,-1.));
#4377=DIRECTION('ref_axis',(-1.,0.,-1.22464679914735E-16));
#4378=DIRECTION('',(1.22464679914735E-16,0.,-1.));
#4379=DIRECTION('',(1.22464679914735E-16,0.,-1.));
#4380=DIRECTION('',(1.22464679914735E-16,0.,-1.));
#4381=DIRECTION('',(1.22464679914735E-16,0.,-1.));
#4382=DIRECTION('',(1.22464679914735E-16,0.,-1.));
#4383=DIRECTION('',(1.22464679914735E-16,0.,-1.));
#4384=DIRECTION('',(1.22464679914735E-16,0.,-1.));
#4385=DIRECTION('',(1.22464679914735E-16,0.,-1.));
#4386=DIRECTION('',(1.22464679914735E-16,0.,-1.));
#4387=DIRECTION('',(1.22464679914735E-16,0.,-1.));
#4388=DIRECTION('',(1.22464679914735E-16,0.,-1.));
#4389=DIRECTION('',(1.22464679914735E-16,0.,-1.));
#4390=DIRECTION('',(1.22464679914735E-16,0.,-1.));
#4391=DIRECTION('',(1.22464679914735E-16,0.,-1.));
#4392=DIRECTION('',(1.22464679914735E-16,0.,-1.));
#4393=DIRECTION('',(1.22464679914735E-16,0.,-1.));
#4394=DIRECTION('center_axis',(-1.22464679914735E-16,0.,1.));
#4395=DIRECTION('ref_axis',(-1.,0.,-1.22464679914735E-16));
#4396=DIRECTION('center_axis',(1.,0.,1.22464679914735E-16));
#4397=DIRECTION('ref_axis',(0.,-1.,0.));
#4398=DIRECTION('',(0.,-1.,0.));
#4399=DIRECTION('',(1.22464679914735E-16,0.,-1.));
#4400=DIRECTION('',(0.,-1.,0.));
#4401=DIRECTION('',(1.22464679914735E-16,0.,-1.));
#4402=DIRECTION('center_axis',(0.,-1.,0.));
#4403=DIRECTION('ref_axis',(-1.,0.,-1.22464679914735E-16));
#4404=DIRECTION('',(-1.,0.,-1.22464679914735E-16));
#4405=DIRECTION('',(1.22464679914735E-16,0.,-1.));
#4406=DIRECTION('',(-1.,0.,-1.22464679914735E-16));
#4407=DIRECTION('',(1.22464679914735E-16,0.,-1.));
#4408=DIRECTION('',(1.22464679914735E-16,0.,-1.));
#4409=DIRECTION('',(1.22464679914735E-16,0.,-1.));
#4410=DIRECTION('center_axis',(0.,1.,0.));
#4411=DIRECTION('ref_axis',(1.,0.,1.22464679914735E-16));
#4412=DIRECTION('',(1.,0.,1.22464679914735E-16));
#4413=DIRECTION('',(1.,0.,1.22464679914735E-16));
#4414=DIRECTION('center_axis',(1.,0.,1.22464679914735E-16));
#4415=DIRECTION('ref_axis',(0.,-1.,0.));
#4416=DIRECTION('',(0.,-1.,0.));
#4417=DIRECTION('',(1.22464679914735E-16,0.,-1.));
#4418=DIRECTION('',(0.,-1.,0.));
#4419=DIRECTION('',(1.22464679914735E-16,0.,-1.));
#4420=DIRECTION('center_axis',(0.,-1.,0.));
#4421=DIRECTION('ref_axis',(-1.,0.,-1.22464679914735E-16));
#4422=DIRECTION('',(-1.,0.,-1.22464679914735E-16));
#4423=DIRECTION('',(1.22464679914735E-16,0.,-1.));
#4424=DIRECTION('',(-1.,0.,-1.22464679914735E-16));
#4425=DIRECTION('',(1.22464679914735E-16,0.,-1.));
#4426=DIRECTION('',(1.22464679914735E-16,0.,-1.));
#4427=DIRECTION('',(1.22464679914735E-16,0.,-1.));
#4428=DIRECTION('',(1.22464679914735E-16,0.,-1.));
#4429=DIRECTION('center_axis',(0.,1.,0.));
#4430=DIRECTION('ref_axis',(1.,0.,1.22464679914735E-16));
#4431=DIRECTION('',(1.,0.,1.22464679914735E-16));
#4432=DIRECTION('',(1.,0.,1.22464679914735E-16));
#4433=DIRECTION('center_axis',(0.,-1.,0.));
#4434=DIRECTION('ref_axis',(-1.,0.,-1.22464679914735E-16));
#4435=DIRECTION('',(1.22464679914735E-16,0.,-1.));
#4436=DIRECTION('',(-1.,0.,-1.22464679914735E-16));
#4437=DIRECTION('',(1.22464679914735E-16,0.,-1.));
#4438=DIRECTION('',(1.22464679914735E-16,0.,-1.));
#4439=DIRECTION('',(1.22464679914735E-16,0.,-1.));
#4440=DIRECTION('',(1.22464679914735E-16,0.,-1.));
#4441=DIRECTION('',(1.22464679914735E-16,0.,-1.));
#4442=DIRECTION('',(1.22464679914735E-16,0.,-1.));
#4443=DIRECTION('',(1.22464679914735E-16,0.,-1.));
#4444=DIRECTION('',(1.22464679914735E-16,0.,-1.));
#4445=DIRECTION('',(1.22464679914735E-16,0.,-1.));
#4446=DIRECTION('center_axis',(0.,1.,0.));
#4447=DIRECTION('ref_axis',(1.,0.,1.22464679914735E-16));
#4448=DIRECTION('',(1.22464679914735E-16,0.,-1.));
#4449=DIRECTION('',(1.,0.,1.22464679914735E-16));
#4450=DIRECTION('center_axis',(-1.,0.,-1.22464679914735E-16));
#4451=DIRECTION('ref_axis',(0.,1.,0.));
#4452=DIRECTION('',(0.,1.,0.));
#4453=DIRECTION('center_axis',(-1.22464679914735E-16,0.,1.));
#4454=DIRECTION('ref_axis',(-1.,0.,-1.22464679914735E-16));
#4455=DIRECTION('center_axis',(1.22464679914735E-16,0.,-1.));
#4456=DIRECTION('ref_axis',(-1.,0.,-1.22464679914735E-16));
#4457=DIRECTION('center_axis',(1.22464679914735E-16,0.,-1.));
#4458=DIRECTION('ref_axis',(-1.,0.,-1.22464679914735E-16));
#4459=DIRECTION('center_axis',(1.22464679914735E-16,0.,-1.));
#4460=DIRECTION('ref_axis',(-1.,0.,-1.22464679914735E-16));
#4461=DIRECTION('center_axis',(1.22464679914735E-16,0.,-1.));
#4462=DIRECTION('ref_axis',(-1.,0.,-1.22464679914735E-16));
#4463=DIRECTION('center_axis',(1.22464679914735E-16,0.,-1.));
#4464=DIRECTION('ref_axis',(1.,0.,1.22464679914735E-16));
#4465=DIRECTION('center_axis',(-1.22464679914735E-16,0.,1.));
#4466=DIRECTION('ref_axis',(1.,0.,1.22464679914735E-16));
#4467=DIRECTION('',(-0.707106781186547,-8.65956056235493E-17,-0.707106781186548));
#4468=DIRECTION('center_axis',(1.22464679914735E-16,0.,-1.));
#4469=DIRECTION('ref_axis',(1.,0.,1.22464679914735E-16));
#4470=DIRECTION('center_axis',(1.22464679914735E-16,0.,-1.));
#4471=DIRECTION('ref_axis',(1.,0.,1.22464679914735E-16));
#4472=DIRECTION('',(0.,-1.,0.));
#4473=DIRECTION('center_axis',(-1.22464679914735E-16,0.,1.));
#4474=DIRECTION('ref_axis',(-0.707106781186547,0.707106781186547,-8.65956056235493E-17));
#4475=DIRECTION('',(-1.,0.,-1.22464679914735E-16));
#4476=DIRECTION('center_axis',(-1.22464679914735E-16,0.,1.));
#4477=DIRECTION('ref_axis',(0.707106781186547,0.707106781186548,8.65956056235493E-17));
#4478=DIRECTION('',(-8.88178419700125E-17,1.,-1.08770485875751E-32));
#4479=DIRECTION('center_axis',(-1.22464679914735E-16,0.,1.));
#4480=DIRECTION('ref_axis',(0.707106781186547,0.707106781186547,8.65956056235493E-17));
#4481=DIRECTION('',(1.,0.,1.22464679914735E-16));
#4482=DIRECTION('center_axis',(-1.22464679914735E-16,0.,1.));
#4483=DIRECTION('ref_axis',(-0.707106781186547,0.707106781186547,-8.65956056235493E-17));
#4484=DIRECTION('center_axis',(1.22464679914735E-16,0.,-1.));
#4485=DIRECTION('ref_axis',(1.,0.,1.22464679914735E-16));
#4486=DIRECTION('center_axis',(1.22464679914735E-16,0.,-1.));
#4487=DIRECTION('ref_axis',(1.,0.,1.22464679914735E-16));
#4488=DIRECTION('center_axis',(1.22464679914735E-16,0.,-1.));
#4489=DIRECTION('ref_axis',(1.,0.,1.22464679914735E-16));
#4490=DIRECTION('',(1.22464679914735E-16,0.,-1.));
#4491=DIRECTION('center_axis',(1.22464679914735E-16,0.,-1.));
#4492=DIRECTION('ref_axis',(1.,0.,1.22464679914735E-16));
#4493=DIRECTION('center_axis',(-1.22464679914735E-16,0.,1.));
#4494=DIRECTION('ref_axis',(1.,0.,1.22464679914735E-16));
#4495=DIRECTION('',(-0.707106781186547,-8.65956056235493E-17,-0.707106781186548));
#4496=DIRECTION('center_axis',(1.22464679914735E-16,0.,-1.));
#4497=DIRECTION('ref_axis',(1.,0.,1.22464679914735E-16));
#4498=DIRECTION('center_axis',(1.22464679914735E-16,0.,-1.));
#4499=DIRECTION('ref_axis',(1.,0.,1.22464679914735E-16));
#4500=DIRECTION('',(1.22464679914735E-16,0.,-1.));
#4501=DIRECTION('center_axis',(0.707106781186548,6.2803698347351E-17,-0.707106781186547));
#4502=DIRECTION('ref_axis',(-0.707106781186547,0.,-0.707106781186548));
#4503=DIRECTION('center_axis',(0.707106781186548,6.2803698347351E-17,-0.707106781186547));
#4504=DIRECTION('ref_axis',(0.707106781186547,0.,0.707106781186548));
#4505=DIRECTION('',(0.707106781186547,0.,0.707106781186548));
#4506=DIRECTION('',(8.88178419700125E-17,-1.,1.08770485875751E-32));
#4507=DIRECTION('center_axis',(-1.22464679914735E-16,0.,1.));
#4508=DIRECTION('ref_axis',(0.707106781186547,0.707106781186548,8.65956056235493E-17));
#4509=DIRECTION('',(-8.65956056235486E-17,0.707106781186554,0.707106781186541));
#4510=DIRECTION('center_axis',(1.22464679914735E-16,0.,-1.));
#4511=DIRECTION('ref_axis',(0.707106781186547,0.707106781186548,8.65956056235493E-17));
#4512=DIRECTION('center_axis',(8.65956056235501E-17,0.707106781186541,-0.707106781186554));
#4513=DIRECTION('ref_axis',(-1.,0.,-1.22464679914735E-16));
#4514=DIRECTION('',(-8.65956056235486E-17,0.707106781186554,0.707106781186541));
#4515=DIRECTION('',(1.,0.,1.22464679914735E-16));
#4516=DIRECTION('center_axis',(-1.22464679914735E-16,0.,1.));
#4517=DIRECTION('ref_axis',(-0.707106781186547,0.707106781186547,-8.65956056235493E-17));
#4518=DIRECTION('',(-0.707106781186548,0.,0.707106781186547));
#4519=DIRECTION('center_axis',(1.22464679914735E-16,0.,-1.));
#4520=DIRECTION('ref_axis',(-0.707106781186548,0.707106781186548,-8.65956056235493E-17));
#4521=DIRECTION('center_axis',(-0.707106781186547,0.,-0.707106781186548));
#4522=DIRECTION('ref_axis',(-0.707106781186548,0.,0.707106781186547));
#4523=DIRECTION('center_axis',(-0.707106781186547,0.,-0.707106781186548));
#4524=DIRECTION('ref_axis',(-0.707106781186548,0.,0.707106781186547));
#4525=DIRECTION('',(0.,1.,0.));
#4526=DIRECTION('center_axis',(-1.22464679914735E-16,0.,1.));
#4527=DIRECTION('ref_axis',(0.707106781186548,0.707106781186548,8.65956056235493E-17));
#4528=DIRECTION('',(-8.65956056235495E-17,0.707106781186546,0.707106781186549));
#4529=DIRECTION('center_axis',(1.22464679914735E-16,0.,-1.));
#4530=DIRECTION('ref_axis',(0.707106781186547,0.707106781186547,8.65956056235493E-17));
#4531=DIRECTION('',(-0.707106781186546,0.,-0.707106781186549));
#4532=DIRECTION('center_axis',(-1.22464679914735E-16,0.,1.));
#4533=DIRECTION('ref_axis',(0.707106781186548,0.707106781186548,8.65956056235493E-17));
#4534=DIRECTION('center_axis',(8.65956056235493E-17,0.707106781186548,-0.707106781186548));
#4535=DIRECTION('ref_axis',(-1.,0.,-1.22464679914735E-16));
#4536=DIRECTION('',(-1.,0.,-1.22464679914735E-16));
#4537=DIRECTION('',(-8.65956056235493E-17,0.707106781186547,0.707106781186547));
#4538=DIRECTION('',(1.,0.,1.22464679914735E-16));
#4539=DIRECTION('center_axis',(-1.22464679914735E-16,0.,1.));
#4540=DIRECTION('ref_axis',(-0.707106781186548,0.707106781186548,-8.65956056235493E-17));
#4541=DIRECTION('',(-0.707106781186546,0.,0.707106781186549));
#4542=DIRECTION('center_axis',(1.22464679914735E-16,0.,-1.));
#4543=DIRECTION('ref_axis',(-0.707106781186547,0.707106781186547,-8.65956056235493E-17));
#4544=DIRECTION('center_axis',(-1.22464679914735E-16,0.,1.));
#4545=DIRECTION('ref_axis',(-0.707106781186548,0.707106781186548,-8.65956056235493E-17));
#4546=DIRECTION('center_axis',(-0.707106781186547,0.,-0.707106781186548));
#4547=DIRECTION('ref_axis',(-0.707106781186548,0.,0.707106781186547));
#4548=DIRECTION('',(0.,-1.,0.));
#4549=DIRECTION('',(-0.707106781186548,0.,0.707106781186547));
#4550=DIRECTION('',(0.,1.,0.));
#4551=DIRECTION('center_axis',(-1.22464679914735E-16,0.,1.));
#4552=DIRECTION('ref_axis',(-1.,0.,-1.22464679914735E-16));
#4553=DIRECTION('center_axis',(-1.22464679914735E-16,0.,1.));
#4554=DIRECTION('ref_axis',(-1.,0.,-1.22464679914735E-16));
#4555=DIRECTION('',(0.707106781186544,-2.37043701950874E-16,0.707106781186551));
#4556=DIRECTION('center_axis',(1.22464679914735E-16,0.,-1.));
#4557=DIRECTION('ref_axis',(-1.,0.,-1.22464679914735E-16));
#4558=DIRECTION('center_axis',(0.707106781186549,6.28036983473511E-17,-0.707106781186546));
#4559=DIRECTION('ref_axis',(-0.707106781186546,0.,-0.707106781186549));
#4560=DIRECTION('',(-8.88178419700125E-17,1.,-1.08770485875751E-32));
#4561=DIRECTION('',(8.88178419700125E-17,-1.,1.08770485875751E-32));
#4562=DIRECTION('center_axis',(1.22464679914735E-16,0.,-1.));
#4563=DIRECTION('ref_axis',(-1.,0.,-1.22464679914735E-16));
#4564=DIRECTION('',(-1.22464679914735E-16,0.,1.));
#4565=DIRECTION('center_axis',(-1.22464679914735E-16,0.,1.));
#4566=DIRECTION('ref_axis',(-1.,0.,-1.22464679914735E-16));
#4567=DIRECTION('',(-1.22464679914735E-16,0.,1.));
#4568=DIRECTION('center_axis',(1.,8.88178419700125E-17,1.22464679914735E-16));
#4569=DIRECTION('ref_axis',(8.88178419700125E-17,-1.,1.08770485875751E-32));
#4570=DIRECTION('',(1.22464679914735E-16,0.,-1.));
#4571=DIRECTION('',(-8.88178419700125E-17,1.,-1.08770485875751E-32));
#4572=DIRECTION('',(1.22464679914735E-16,0.,-1.));
#4573=DIRECTION('center_axis',(-1.22464679914735E-16,0.,1.));
#4574=DIRECTION('ref_axis',(0.707106781186547,0.707106781186547,8.65956056235493E-17));
#4575=DIRECTION('',(-1.22464679914735E-16,0.,1.));
#4576=DIRECTION('center_axis',(1.22464679914735E-16,0.,-1.));
#4577=DIRECTION('ref_axis',(-1.,0.,-1.22464679914735E-16));
#4578=DIRECTION('center_axis',(1.22464679914735E-16,0.,-1.));
#4579=DIRECTION('ref_axis',(-1.,0.,-1.22464679914735E-16));
#4580=DIRECTION('center_axis',(0.,-1.,0.));
#4581=DIRECTION('ref_axis',(1.,0.,1.22464679914735E-16));
#4582=DIRECTION('',(1.22464679914735E-16,0.,-1.));
#4583=DIRECTION('center_axis',(1.22464679914735E-16,0.,-1.));
#4584=DIRECTION('ref_axis',(-0.707106781186547,0.707106781186547,-8.65956056235493E-17));
#4585=DIRECTION('',(-1.22464679914735E-16,0.,1.));
#4586=DIRECTION('center_axis',(1.22464679914735E-16,0.,-1.));
#4587=DIRECTION('ref_axis',(0.707106781186547,0.707106781186548,8.65956056235493E-17));
#4588=DIRECTION('',(-1.22464679914735E-16,0.,1.));
#4589=DIRECTION('center_axis',(-1.22464679914735E-16,0.,1.));
#4590=DIRECTION('ref_axis',(0.707106781186547,0.707106781186548,8.65956056235493E-17));
#4591=DIRECTION('center_axis',(0.,1.,0.));
#4592=DIRECTION('ref_axis',(1.,0.,1.22464679914735E-16));
#4593=DIRECTION('',(1.22464679914735E-16,0.,-1.));
#4594=DIRECTION('',(-1.,0.,-1.22464679914735E-16));
#4595=DIRECTION('center_axis',(1.22464679914735E-16,0.,-1.));
#4596=DIRECTION('ref_axis',(-0.707106781186548,0.707106781186548,-8.65956056235493E-17));
#4597=DIRECTION('',(-1.22464679914735E-16,0.,1.));
#4598=DIRECTION('center_axis',(-1.22464679914735E-16,0.,1.));
#4599=DIRECTION('ref_axis',(-0.707106781186548,0.707106781186548,-8.65956056235493E-17));
#4600=DIRECTION('center_axis',(-8.65956056235492E-17,0.707106781186549,
0.707106781186546));
#4601=DIRECTION('ref_axis',(1.,0.,1.22464679914735E-16));
#4602=DIRECTION('',(8.65956056235495E-17,0.707106781186546,-0.707106781186549));
#4603=DIRECTION('',(-8.65956056235495E-17,-0.707106781186546,0.707106781186549));
#4604=DIRECTION('center_axis',(1.22464679914735E-16,0.,-1.));
#4605=DIRECTION('ref_axis',(0.707106781186547,0.707106781186548,8.65956056235493E-17));
#4606=DIRECTION('',(0.707106781186546,0.,-0.707106781186549));
#4607=DIRECTION('center_axis',(0.707106781186549,6.28036983473511E-17,0.707106781186546));
#4608=DIRECTION('ref_axis',(0.707106781186546,0.,-0.707106781186549));
#4609=DIRECTION('',(0.707106781186546,0.,-0.707106781186549));
#4610=DIRECTION('center_axis',(1.22464679914735E-16,0.,-1.));
#4611=DIRECTION('ref_axis',(-1.,0.,-1.22464679914735E-16));
#4612=DIRECTION('',(-0.707106781186546,0.,-0.707106781186549));
#4613=DIRECTION('center_axis',(-0.707106781186547,0.,0.707106781186548));
#4614=DIRECTION('ref_axis',(0.707106781186548,0.,0.707106781186547));
#4615=DIRECTION('',(-0.707106781186548,0.,-0.707106781186547));
#4616=DIRECTION('',(0.,-1.,0.));
#4617=DIRECTION('center_axis',(1.22464679914735E-16,0.,-1.));
#4618=DIRECTION('ref_axis',(-0.707106781186547,0.707106781186547,-8.65956056235493E-17));
#4619=DIRECTION('center_axis',(-1.,0.,-1.22464679914735E-16));
#4620=DIRECTION('ref_axis',(0.,1.,0.));
#4621=DIRECTION('center_axis',(1.22464679914735E-16,0.,-1.));
#4622=DIRECTION('ref_axis',(-1.,0.,-1.22464679914735E-16));
#4623=DIRECTION('center_axis',(-1.22464679914735E-16,0.,1.));
#4624=DIRECTION('ref_axis',(1.,0.,1.22464679914735E-16));
#4625=DIRECTION('',(0.707106781186548,-8.65956056235493E-17,-0.707106781186547));
#4626=DIRECTION('center_axis',(-1.22464679914735E-16,0.,1.));
#4627=DIRECTION('ref_axis',(1.,0.,1.22464679914735E-16));
#4628=DIRECTION('',(0.707106781186548,-8.65956056235493E-17,-0.707106781186547));
#4629=DIRECTION('center_axis',(1.22464679914735E-16,0.,-1.));
#4630=DIRECTION('ref_axis',(-0.707106781186546,0.707106781186549,-8.65956056235491E-17));
#4631=DIRECTION('',(8.65956056235493E-17,0.707106781186548,-0.707106781186547));
#4632=DIRECTION('center_axis',(-1.22464679914735E-16,0.,1.));
#4633=DIRECTION('ref_axis',(-0.707106781186546,0.707106781186549,-8.65956056235491E-17));
#4634=DIRECTION('',(0.707106781186546,0.,0.707106781186549));
#4635=DIRECTION('center_axis',(-8.65956056235494E-17,0.707106781186547,
0.707106781186548));
#4636=DIRECTION('ref_axis',(1.,0.,1.22464679914735E-16));
#4637=DIRECTION('',(8.65956056235493E-17,0.707106781186548,-0.707106781186547));
#4638=DIRECTION('',(-1.,0.,-1.22464679914735E-16));
#4639=DIRECTION('center_axis',(-1.22464679914735E-16,0.,1.));
#4640=DIRECTION('ref_axis',(1.,0.,1.22464679914735E-16));
#4641=DIRECTION('',(-0.293188581095679,-0.643459754697289,-0.707106781186553));
#4642=DIRECTION('center_axis',(1.22464679914735E-16,0.,-1.));
#4643=DIRECTION('ref_axis',(1.,0.,1.22464679914735E-16));
#4644=DIRECTION('center_axis',(1.22464679914735E-16,0.,-1.));
#4645=DIRECTION('ref_axis',(-0.660795166596388,-0.750566284749623,-8.09240685664308E-17));
#4646=DIRECTION('',(-0.601127361359467,-0.372351843590178,-0.707106781186548));
#4647=DIRECTION('center_axis',(-1.22464679914735E-16,0.,1.));
#4648=DIRECTION('ref_axis',(-0.660795166596388,-0.750566284749623,-8.09240685664308E-17));
#4649=DIRECTION('center_axis',(-1.22464679914735E-16,0.,1.));
#4650=DIRECTION('ref_axis',(-1.,0.,-1.22464679914735E-16));
#4651=DIRECTION('',(0.601127361359466,-0.372351843590184,-0.707106781186546));
#4652=DIRECTION('center_axis',(1.22464679914735E-16,0.,-1.));
#4653=DIRECTION('ref_axis',(-1.,0.,-1.22464679914735E-16));
#4654=DIRECTION('center_axis',(1.22464679914735E-16,0.,-1.));
#4655=DIRECTION('ref_axis',(0.660795166596387,-0.750566284749624,8.09240685664307E-17));
#4656=DIRECTION('',(0.293188581095677,-0.643459754697296,-0.707106781186547));
#4657=DIRECTION('center_axis',(-1.22464679914735E-16,0.,1.));
#4658=DIRECTION('ref_axis',(0.660795166596387,-0.750566284749624,8.09240685664307E-17));
#4659=DIRECTION('center_axis',(-1.22464679914735E-16,0.,1.));
#4660=DIRECTION('ref_axis',(-1.,0.,-1.22464679914735E-16));
#4661=DIRECTION('',(8.65956056235503E-17,0.70710678118654,-0.707106781186555));
#4662=DIRECTION('center_axis',(1.22464679914735E-16,0.,-1.));
#4663=DIRECTION('ref_axis',(-1.,0.,-1.22464679914735E-16));
#4664=DIRECTION('center_axis',(-8.65956056235494E-17,0.707106781186547,
0.707106781186548));
#4665=DIRECTION('ref_axis',(1.,0.,1.22464679914735E-16));
#4666=DIRECTION('',(8.65956056235493E-17,0.707106781186548,-0.707106781186547));
#4667=DIRECTION('',(-1.,0.,-1.22464679914735E-16));
#4668=DIRECTION('center_axis',(1.22464679914735E-16,0.,-1.));
#4669=DIRECTION('ref_axis',(0.707106781186549,0.707106781186546,8.65956056235495E-17));
#4670=DIRECTION('',(0.707106781186546,0.,-0.707106781186549));
#4671=DIRECTION('center_axis',(-1.22464679914735E-16,0.,1.));
#4672=DIRECTION('ref_axis',(0.707106781186549,0.707106781186546,8.65956056235495E-17));
#4673=DIRECTION('center_axis',(0.707106781186549,0.,0.707106781186546));
#4674=DIRECTION('ref_axis',(0.707106781186546,0.,-0.707106781186549));
#4675=DIRECTION('',(0.707106781186546,0.,-0.707106781186549));
#4676=DIRECTION('',(0.,1.,0.));
#4677=DIRECTION('center_axis',(1.22464679914735E-16,0.,-1.));
#4678=DIRECTION('ref_axis',(0.707106781186547,-0.707106781186548,8.65956056235493E-17));
#4679=DIRECTION('',(8.65956056235495E-17,-0.707106781186546,-0.707106781186549));
#4680=DIRECTION('center_axis',(-1.22464679914735E-16,0.,1.));
#4681=DIRECTION('ref_axis',(0.707106781186547,-0.707106781186548,8.65956056235492E-17));
#4682=DIRECTION('center_axis',(-8.65956056235494E-17,-0.707106781186547,
0.707106781186548));
#4683=DIRECTION('ref_axis',(1.,0.,1.22464679914735E-16));
#4684=DIRECTION('',(1.26473352750937E-14,-0.707106781186548,-0.707106781186547));
#4685=DIRECTION('',(1.,0.,1.22464679914735E-16));
#4686=DIRECTION('center_axis',(-1.22464679914735E-16,0.,1.));
#4687=DIRECTION('ref_axis',(-1.,0.,-1.22464679914735E-16));
#4688=DIRECTION('',(0.29318858109569,0.64345975469729,-0.707106781186547));
#4689=DIRECTION('center_axis',(1.22464679914735E-16,0.,-1.));
#4690=DIRECTION('ref_axis',(-1.,0.,-1.22464679914735E-16));
#4691=DIRECTION('center_axis',(1.22464679914735E-16,0.,-1.));
#4692=DIRECTION('ref_axis',(0.660795166596388,0.750566284749623,8.09240685664308E-17));
#4693=DIRECTION('',(0.601127361359458,0.372351843590186,-0.707106781186551));
#4694=DIRECTION('center_axis',(-1.22464679914735E-16,0.,1.));
#4695=DIRECTION('ref_axis',(0.660795166596388,0.750566284749623,8.09240685664308E-17));
#4696=DIRECTION('center_axis',(-1.22464679914735E-16,0.,1.));
#4697=DIRECTION('ref_axis',(-1.,0.,-1.22464679914735E-16));
#4698=DIRECTION('',(-0.601127361359466,0.372351843590184,-0.707106781186546));
#4699=DIRECTION('center_axis',(1.22464679914735E-16,0.,-1.));
#4700=DIRECTION('ref_axis',(-1.,0.,-1.22464679914735E-16));
#4701=DIRECTION('center_axis',(1.22464679914735E-16,0.,-1.));
#4702=DIRECTION('ref_axis',(-0.660795166596388,0.750566284749623,-8.09240685664308E-17));
#4703=DIRECTION('',(-0.293188581095686,0.643459754697301,-0.707106781186539));
#4704=DIRECTION('center_axis',(-1.22464679914735E-16,0.,1.));
#4705=DIRECTION('ref_axis',(-0.660795166596388,0.750566284749623,-8.09240685664308E-17));
#4706=DIRECTION('center_axis',(-1.22464679914735E-16,0.,1.));
#4707=DIRECTION('ref_axis',(1.,0.,1.22464679914735E-16));
#4708=DIRECTION('',(8.65956056235495E-17,-0.707106781186546,-0.707106781186549));
#4709=DIRECTION('center_axis',(1.22464679914735E-16,0.,-1.));
#4710=DIRECTION('ref_axis',(1.,0.,1.22464679914735E-16));
#4711=DIRECTION('center_axis',(-8.65956056235494E-17,-0.707106781186547,
0.707106781186548));
#4712=DIRECTION('ref_axis',(1.,0.,1.22464679914735E-16));
#4713=DIRECTION('',(8.65956056235493E-17,-0.707106781186548,-0.707106781186547));
#4714=DIRECTION('',(1.,0.,1.22464679914735E-16));
#4715=DIRECTION('center_axis',(1.22464679914735E-16,0.,-1.));
#4716=DIRECTION('ref_axis',(-0.707106781186547,-0.707106781186548,-8.65956056235493E-17));
#4717=DIRECTION('',(-0.70710678118654,0.,-0.707106781186555));
#4718=DIRECTION('center_axis',(-1.22464679914735E-16,0.,1.));
#4719=DIRECTION('ref_axis',(-0.707106781186547,-0.707106781186548,-8.65956056235492E-17));
#4720=DIRECTION('center_axis',(-0.707106781186549,0.,0.707106781186546));
#4721=DIRECTION('ref_axis',(0.707106781186546,0.,0.707106781186549));
#4722=DIRECTION('',(0.,-1.,0.));
#4723=DIRECTION('center_axis',(0.,1.,0.));
#4724=DIRECTION('ref_axis',(-1.,0.,-1.22464679914735E-16));
#4725=DIRECTION('',(-1.22464679914735E-16,0.,1.));
#4726=DIRECTION('',(1.22464679914735E-16,0.,-1.));
#4727=DIRECTION('center_axis',(1.22464679914735E-16,0.,-1.));
#4728=DIRECTION('ref_axis',(-1.,0.,-1.22464679914735E-16));
#4729=DIRECTION('',(-1.22464679914735E-16,0.,1.));
#4730=DIRECTION('center_axis',(-1.22464679914735E-16,0.,1.));
#4731=DIRECTION('ref_axis',(0.660795166596388,0.750566284749623,8.09240685664308E-17));
#4732=DIRECTION('',(1.22464679914735E-16,0.,-1.));
#4733=DIRECTION('center_axis',(1.22464679914735E-16,0.,-1.));
#4734=DIRECTION('ref_axis',(-1.,0.,-1.22464679914735E-16));
#4735=DIRECTION('',(-1.22464679914735E-16,0.,1.));
#4736=DIRECTION('center_axis',(1.22464679914735E-16,0.,-1.));
#4737=DIRECTION('ref_axis',(-0.660795166596388,0.750566284749623,-8.09240685664308E-17));
#4738=DIRECTION('',(1.22464679914735E-16,0.,-1.));
#4739=DIRECTION('center_axis',(1.22464679914735E-16,0.,-1.));
#4740=DIRECTION('ref_axis',(0.97723833120027,0.212144394299996,1.19677179430851E-16));
#4741=DIRECTION('',(-1.22464679914735E-16,0.,1.));
#4742=DIRECTION('center_axis',(0.,1.,0.));
#4743=DIRECTION('ref_axis',(-1.,0.,-1.22464679914735E-16));
#4744=DIRECTION('',(-1.22464679914735E-16,0.,1.));
#4745=DIRECTION('center_axis',(-1.22464679914735E-16,0.,1.));
#4746=DIRECTION('ref_axis',(-0.707106781186547,-0.707106781186548,-8.65956056235492E-17));
#4747=DIRECTION('',(1.22464679914735E-16,0.,-1.));
#4748=DIRECTION('center_axis',(1.,0.,1.22464679914735E-16));
#4749=DIRECTION('ref_axis',(0.,1.,0.));
#4750=DIRECTION('',(-1.22464679914735E-16,0.,1.));
#4751=DIRECTION('center_axis',(-1.22464679914735E-16,0.,1.));
#4752=DIRECTION('ref_axis',(-0.707106781186546,0.707106781186549,-8.65956056235491E-17));
#4753=DIRECTION('',(1.22464679914735E-16,0.,-1.));
#4754=DIRECTION('center_axis',(1.22464679914735E-16,0.,-1.));
#4755=DIRECTION('ref_axis',(-1.,0.,-1.22464679914735E-16));
#4756=DIRECTION('',(-0.707106781186548,8.65956056235493E-17,0.707106781186547));
#4757=DIRECTION('center_axis',(1.22464679914735E-16,0.,-1.));
#4758=DIRECTION('ref_axis',(0.707106781186547,-0.707106781186548,8.65956056235492E-17));
#4759=DIRECTION('',(-1.22464679914735E-16,0.,1.));
#4760=DIRECTION('center_axis',(1.,0.,1.22464679914735E-16));
#4761=DIRECTION('ref_axis',(0.,1.,0.));
#4762=DIRECTION('',(1.22464679914735E-16,0.,-1.));
#4763=DIRECTION('center_axis',(1.22464679914735E-16,0.,-1.));
#4764=DIRECTION('ref_axis',(0.707106781186549,0.707106781186546,8.65956056235495E-17));
#4765=DIRECTION('',(-1.22464679914735E-16,0.,1.));
#4766=DIRECTION('center_axis',(0.,1.,0.));
#4767=DIRECTION('ref_axis',(-1.,0.,-1.22464679914735E-16));
#4768=DIRECTION('',(-1.22464679914735E-16,0.,1.));
#4769=DIRECTION('center_axis',(1.22464679914735E-16,0.,-1.));
#4770=DIRECTION('ref_axis',(0.660795166596387,-0.750566284749624,8.09240685664307E-17));
#4771=DIRECTION('',(1.22464679914735E-16,0.,-1.));
#4772=DIRECTION('',(-1.22464679914735E-16,0.,1.));
#4773=DIRECTION('center_axis',(1.22464679914735E-16,0.,-1.));
#4774=DIRECTION('ref_axis',(-1.,0.,-1.22464679914735E-16));
#4775=DIRECTION('',(1.22464679914735E-16,0.,-1.));
#4776=DIRECTION('center_axis',(-1.22464679914735E-16,0.,1.));
#4777=DIRECTION('ref_axis',(-0.660795166596388,-0.750566284749623,-8.09240685664308E-17));
#4778=DIRECTION('',(-1.22464679914735E-16,0.,1.));
#4779=DIRECTION('center_axis',(0.,1.,0.));
#4780=DIRECTION('ref_axis',(-1.,0.,-1.22464679914735E-16));
#4781=DIRECTION('',(-1.22464679914735E-16,0.,1.));
#4782=DIRECTION('center_axis',(1.22464679914735E-16,0.,-1.));
#4783=DIRECTION('ref_axis',(-1.,0.,-1.22464679914735E-16));
#4784=DIRECTION('center_axis',(1.22464679914735E-16,0.,-1.));
#4785=DIRECTION('ref_axis',(0.97723833120027,-0.212144394299995,1.19677179430851E-16));
#4786=CARTESIAN_POINT('',(0.,0.,0.));
#4787=CARTESIAN_POINT('Origin',(-5.81707229594993E-16,0.,19.75));
#4788=CARTESIAN_POINT('',(22.725,-2.78300985106236E-15,19.5));
#4789=CARTESIAN_POINT('Origin',(-5.51091059616309E-16,0.,19.5));
#4790=CARTESIAN_POINT('',(23.225,2.84424219101973E-15,20.));
#4791=CARTESIAN_POINT('',(22.975,-2.81362602104104E-15,19.75));
#4792=CARTESIAN_POINT('Origin',(-6.12323399573677E-16,0.,20.));
#4793=CARTESIAN_POINT('Origin',(-1.83697019872103E-15,0.,30.));
#4794=CARTESIAN_POINT('',(22.725,2.78300985106236E-15,15.25));
#4795=CARTESIAN_POINT('',(22.725,-2.78300985106236E-15,30.));
#4796=CARTESIAN_POINT('Origin',(-3.06161699786836E-17,0.,15.25));
#4797=CARTESIAN_POINT('Origin',(-6.12323399573677E-16,0.,20.));
#4798=CARTESIAN_POINT('',(30.7399983734547,7.55,20.));
#4799=CARTESIAN_POINT('',(26.,7.55,20.));
#4800=CARTESIAN_POINT('',(25.,7.55,20.));
#4801=CARTESIAN_POINT('',(31.9838921766101,13.2799685358025,20.));
#4802=CARTESIAN_POINT('Origin',(30.7399983734547,10.55,20.));
#4803=CARTESIAN_POINT('',(27.6289801823134,17.1140133833456,20.));
#4804=CARTESIAN_POINT('Origin',(36.1302048537944,22.3798636551443,20.));
#4805=CARTESIAN_POINT('',(-27.6289801823134,17.1140133833456,20.));
#4806=CARTESIAN_POINT('Origin',(-6.12323399573677E-16,0.,20.));
#4807=CARTESIAN_POINT('',(-31.9838921766101,13.2799685358025,20.));
#4808=CARTESIAN_POINT('Origin',(-36.1302048537944,22.3798636551443,20.));
#4809=CARTESIAN_POINT('',(-30.7399983734547,7.55,20.));
#4810=CARTESIAN_POINT('Origin',(-30.7399983734547,10.55,20.));
#4811=CARTESIAN_POINT('',(-26.,7.55,20.));
#4812=CARTESIAN_POINT('',(-35.,7.55,20.));
#4813=CARTESIAN_POINT('',(-25.,6.55,20.));
#4814=CARTESIAN_POINT('Origin',(-26.,6.55,20.));
#4815=CARTESIAN_POINT('',(-25.,-6.55,20.));
#4816=CARTESIAN_POINT('',(-25.,7.55,20.));
#4817=CARTESIAN_POINT('',(-26.,-7.55,20.));
#4818=CARTESIAN_POINT('Origin',(-26.,-6.55,20.));
#4819=CARTESIAN_POINT('',(-30.7399983734547,-7.55,20.));
#4820=CARTESIAN_POINT('',(-25.,-7.55,20.));
#4821=CARTESIAN_POINT('',(-31.98389217661,-13.2799685358025,20.));
#4822=CARTESIAN_POINT('Origin',(-30.7399983734547,-10.55,20.));
#4823=CARTESIAN_POINT('',(-27.6289801823134,-17.1140133833456,20.));
#4824=CARTESIAN_POINT('Origin',(-36.1302048537944,-22.3798636551443,20.));
#4825=CARTESIAN_POINT('',(27.6289801823134,-17.1140133833456,20.));
#4826=CARTESIAN_POINT('Origin',(-6.12323399573677E-16,0.,20.));
#4827=CARTESIAN_POINT('',(31.98389217661,-13.2799685358025,20.));
#4828=CARTESIAN_POINT('Origin',(36.1302048537944,-22.3798636551443,20.));
#4829=CARTESIAN_POINT('',(30.7399983734547,-7.55,20.));
#4830=CARTESIAN_POINT('Origin',(30.7399983734547,-10.55,20.));
#4831=CARTESIAN_POINT('',(26.,-7.55,20.));
#4832=CARTESIAN_POINT('',(35.,-7.55,20.));
#4833=CARTESIAN_POINT('',(25.,-6.55,20.));
#4834=CARTESIAN_POINT('Origin',(26.,-6.55,20.));
#4835=CARTESIAN_POINT('',(25.,6.55,20.));
#4836=CARTESIAN_POINT('',(25.,-7.55,20.));
#4837=CARTESIAN_POINT('Origin',(26.,6.55,20.));
#4838=CARTESIAN_POINT('Origin',(-5.87582805351894,42.828469664792,30.));
#4839=CARTESIAN_POINT('',(-5.87582805351893,42.828469664792,30.));
#4840=CARTESIAN_POINT('',(-4.33597053281127,42.8285226869634,30.));
#4841=CARTESIAN_POINT('',(-2.93865139016919,42.828570801087,30.));
#4842=CARTESIAN_POINT('',(-5.95979771566578,42.7707317464974,29.9));
#4843=CARTESIAN_POINT('',(-5.5038575158458,43.0842382836369,30.4429820582375));
#4844=CARTESIAN_POINT('',(-4.25200300859182,42.770790551278,29.9));
#4845=CARTESIAN_POINT('',(-6.1126158485369,42.7707264844851,29.9));
#4846=CARTESIAN_POINT('',(-4.60227794173862,43.0116231845562,30.3171552471064));
#4847=CARTESIAN_POINT('Origin',(-5.10589014213045,44.8366570876725,30.));
#4848=CARTESIAN_POINT('',(-5.10589014213045,44.8366570876725,30.));
#4849=CARTESIAN_POINT('',(-12.2723581875863,26.1447459835601,30.));
#4850=CARTESIAN_POINT('',(-5.10589021308037,44.9979325137682,29.9));
#4851=CARTESIAN_POINT('',(-5.10588982307752,44.1114217024918,30.4496874711405));
#4852=CARTESIAN_POINT('',(-5.46308461379649,44.0662816722765,29.9));
#4853=CARTESIAN_POINT('Origin',(-4.33597053281127,42.8285226869634,30.));
#4854=CARTESIAN_POINT('',(3.09990796537117,23.4339739172579,30.));
#4855=CARTESIAN_POINT('',(-4.52310387984227,43.477886433797,29.9));
#4856=CARTESIAN_POINT('Origin',(-1.85151522348982,46.9383659315548,30.));
#4857=CARTESIAN_POINT('',(-1.85151522348982,46.9383659315548,30.));
#4858=CARTESIAN_POINT('',(-0.193459709385652,46.9383659315548,30.));
#4859=CARTESIAN_POINT('',(-0.925757611744911,46.9383659315548,30.));
#4860=CARTESIAN_POINT('',(-1.79378019657086,46.8806309046358,29.9));
#4861=CARTESIAN_POINT('',(-1.24473746088149,46.3315881689465,28.9490300862594));
#4862=CARTESIAN_POINT('',(-0.251194713643099,46.8806309046358,29.9));
#4863=CARTESIAN_POINT('',(-4.10047296230304,46.8806309046358,29.9));
#4864=CARTESIAN_POINT('',(-0.359265156667807,46.7725604191925,29.7128164284135));
#4865=CARTESIAN_POINT('Origin',(-1.85151522348982,40.8705883054715,30.));
#4866=CARTESIAN_POINT('',(-1.85151522348982,40.8705883054715,30.));
#4867=CARTESIAN_POINT('',(-1.85151522348982,20.4352941527357,30.));
#4868=CARTESIAN_POINT('',(-1.79378019657086,40.5732339080453,29.9));
#4869=CARTESIAN_POINT('',(-2.40349958658982,43.7134895118514,30.9560649618727));
#4870=CARTESIAN_POINT('',(-1.79378019657086,42.1846854948413,29.9));
#4871=CARTESIAN_POINT('Origin',(-4.30009201740506,46.9383659315548,30.));
#4872=CARTESIAN_POINT('',(-4.30009201740506,46.9383659315548,30.));
#4873=CARTESIAN_POINT('',(4.14543450139502,26.0096464490314,30.));
#4874=CARTESIAN_POINT('',(-4.33905243091795,46.8806309046358,29.9));
#4875=CARTESIAN_POINT('',(-4.38245084429195,46.8163192524107,29.7886089508274));
#4876=CARTESIAN_POINT('',(-3.90031122502737,45.7933935840179,29.9));
#4877=CARTESIAN_POINT('Origin',(-5.91168719026351,46.9383659315548,30.));
#4878=CARTESIAN_POINT('',(-5.91168719026351,46.9383659315548,30.));
#4879=CARTESIAN_POINT('',(-2.95584359513163,46.9383659315548,30.));
#4880=CARTESIAN_POINT('',(-5.87272678316102,46.8806309046358,29.9));
#4881=CARTESIAN_POINT('',(-5.57730416417449,46.4428471613914,29.1417363139729));
#4882=CARTESIAN_POINT('',(-6.13055894568988,46.8806309046358,29.9));
#4883=CARTESIAN_POINT('Origin',(-8.36026506077107,40.8705883054715,30.));
#4884=CARTESIAN_POINT('',(-8.36026506077107,40.8705883054715,30.));
#4885=CARTESIAN_POINT('',(-14.8664842067621,24.7476414145663,30.));
#4886=CARTESIAN_POINT('',(-8.41800008769004,40.5732340292867,29.9));
#4887=CARTESIAN_POINT('',(-7.84838710057745,43.5069272572474,30.8865986343301));
#4888=CARTESIAN_POINT('',(-7.70990066125002,42.3279627265221,29.9));
#4889=CARTESIAN_POINT('Origin',(-8.36026506077107,46.9383659315548,30.));
#4890=CARTESIAN_POINT('',(-8.36026506077107,46.9383659315548,30.));
#4891=CARTESIAN_POINT('',(-8.36026506077107,23.4691829657774,30.));
#4892=CARTESIAN_POINT('',(-8.41800008769004,46.8806309046358,29.9));
#4893=CARTESIAN_POINT('',(-8.5225428344919,46.776088157834,29.7189266509763));
#4894=CARTESIAN_POINT('',(-8.41800008769004,45.2185743078829,29.9));
#4895=CARTESIAN_POINT('Origin',(-9.98304279797941,46.9383659315548,30.));
#4896=CARTESIAN_POINT('',(-9.98304279797941,46.9383659315548,30.));
#4897=CARTESIAN_POINT('',(-4.99152139898958,46.9383659315548,30.));
#4898=CARTESIAN_POINT('',(-9.94968925878356,46.8806309046358,29.9));
#4899=CARTESIAN_POINT('',(-9.85796028353298,46.7218479093967,29.6249797848679));
#4900=CARTESIAN_POINT('',(-8.16623674954782,46.8806309046358,29.9));
#4901=CARTESIAN_POINT('Origin',(-11.6058205351877,44.124222259453,30.));
#4902=CARTESIAN_POINT('',(-11.6058205351877,44.124222259453,30.));
#4903=CARTESIAN_POINT('',(-19.7051090174831,30.078822875192,30.));
#4904=CARTESIAN_POINT('',(-11.6058205351877,44.0086471173303,29.9));
#4905=CARTESIAN_POINT('',(-11.6058205351877,44.9288901566531,30.6962292084796));
#4906=CARTESIAN_POINT('',(-11.035280473396,44.9980504519693,29.9));
#4907=CARTESIAN_POINT('Origin',(-13.2285982723961,46.9383659315548,30.));
#4908=CARTESIAN_POINT('',(-13.2285982723961,46.9383659315548,30.));
#4909=CARTESIAN_POINT('',(-1.42173976472344,26.4634756277679,30.));
#4910=CARTESIAN_POINT('',(-13.2619518115919,46.8806309046358,29.9));
#4911=CARTESIAN_POINT('',(-13.2910826631225,46.8302053564679,29.8126603885737));
#4912=CARTESIAN_POINT('',(-11.6760406429343,44.1304194755148,29.9));
#4913=CARTESIAN_POINT('Origin',(-14.8513760096044,46.9383659315548,30.));
#4914=CARTESIAN_POINT('',(-14.8513760096044,46.9383659315548,30.));
#4915=CARTESIAN_POINT('',(-7.4256880048022,46.9383659315548,30.));
#4916=CARTESIAN_POINT('',(-14.7936409826854,46.8806309046358,29.9));
#4917=CARTESIAN_POINT('',(-14.1634593601357,46.2504492820861,28.8084934117476));
#4918=CARTESIAN_POINT('',(-10.6004033553603,46.8806309046358,29.9));
#4919=CARTESIAN_POINT('Origin',(-14.8513760096044,40.0591994368673,30.));
#4920=CARTESIAN_POINT('',(-14.8513760096044,40.0591994368673,30.));
#4921=CARTESIAN_POINT('',(-14.8513760096044,20.0295997184337,30.));
#4922=CARTESIAN_POINT('',(-14.7936409826854,40.1169344637863,29.9));
#4923=CARTESIAN_POINT('',(-14.6890982358836,40.2214772105881,29.7189266509763));
#4924=CARTESIAN_POINT('',(-14.7936409826854,41.7789910605392,29.9));
#4925=CARTESIAN_POINT('Origin',(-13.2285982723961,40.0591994368673,30.));
#4926=CARTESIAN_POINT('',(-13.2285982723961,40.0591994368673,30.));
#4927=CARTESIAN_POINT('',(-6.61429913619804,40.0591994368673,30.));
#4928=CARTESIAN_POINT('',(-13.286333299315,40.1169344637863,29.9));
#4929=CARTESIAN_POINT('',(-13.5725565971304,40.4031577616017,29.4042467058738));
#4930=CARTESIAN_POINT('',(-9.78901448675617,40.1169344637863,29.9));
#4931=CARTESIAN_POINT('Origin',(-13.2285982723961,43.4987826842111,30.));
#4932=CARTESIAN_POINT('',(-13.2285982723961,43.4987826842111,30.));
#4933=CARTESIAN_POINT('',(-13.2285982723961,21.7493913421055,30.));
#4934=CARTESIAN_POINT('',(-13.286333299315,43.7217237760929,29.9));
#4935=CARTESIAN_POINT('',(-12.98966344792,42.5761470936526,30.41384725569));
#4936=CARTESIAN_POINT('',(-13.286333299315,43.4987826842111,29.9));
#4937=CARTESIAN_POINT('Origin',(-12.0926534257133,41.4526716242527,30.));
#4938=CARTESIAN_POINT('',(-12.0926534257133,41.4526716242527,30.));
#4939=CARTESIAN_POINT('',(-1.87242511819666,23.0435717138332,30.));
#4940=CARTESIAN_POINT('',(-12.0586705680033,41.5104066511717,29.9));
#4941=CARTESIAN_POINT('',(-12.0538485556213,41.518598987939,29.8858104564863));
#4942=CARTESIAN_POINT('',(-11.7997801036922,41.0440823891342,29.9));
#4943=CARTESIAN_POINT('Origin',(-11.1189876446622,41.4526716242527,30.));
#4944=CARTESIAN_POINT('',(-11.1189876446622,41.4526716242527,30.));
#4945=CARTESIAN_POINT('',(-5.55949382233108,41.4526716242527,30.));
#4946=CARTESIAN_POINT('',(-11.1529705023722,41.5104066511717,29.9));
#4947=CARTESIAN_POINT('',(-11.2122583722081,41.6111335173509,29.7255359500904));
#4948=CARTESIAN_POINT('',(-8.73420917288921,41.5104066511717,29.9));
#4949=CARTESIAN_POINT('Origin',(-9.98304279797941,43.4987826842111,30.));
#4950=CARTESIAN_POINT('',(-9.98304279797941,43.4987826842111,30.));
#4951=CARTESIAN_POINT('',(-18.0369050984767,28.9918312450174,30.));
#4952=CARTESIAN_POINT('',(-9.92530777106044,43.7217237760929,29.9));
#4953=CARTESIAN_POINT('',(-10.3342118534753,42.1427598875601,30.6082426461648));
#4954=CARTESIAN_POINT('',(-9.60547987721768,44.2978110683465,29.9));
#4955=CARTESIAN_POINT('Origin',(-9.98304279797941,40.0591994368673,30.));
#4956=CARTESIAN_POINT('',(-9.98304279797941,40.0591994368673,30.));
#4957=CARTESIAN_POINT('',(-9.98304279797941,20.0295997184337,30.));
#4958=CARTESIAN_POINT('',(-9.92530777106044,40.1169344637863,29.9));
#4959=CARTESIAN_POINT('',(-9.67849679525777,40.3637454395889,29.4725108500441));
#4960=CARTESIAN_POINT('',(-9.92530777106044,41.7789910605392,29.9));
#4961=CARTESIAN_POINT('Origin',(-6.93758277076304,40.0591994368673,30.));
#4962=CARTESIAN_POINT('',(-6.93758277076304,40.0591994368673,30.));
#4963=CARTESIAN_POINT('',(-3.46879138538152,40.0591994368673,30.));
#4964=CARTESIAN_POINT('',(-6.91544610974216,40.1169344637863,29.9));
#4965=CARTESIAN_POINT('',(-6.86369491833554,40.2519076842792,29.666219524445));
#4966=CARTESIAN_POINT('',(-6.64350673593965,40.1169344637863,29.9));
#4967=CARTESIAN_POINT('Origin',(-6.40330015065657,41.4526716242527,30.));
#4968=CARTESIAN_POINT('',(-6.40330015065657,41.4526716242527,30.));
#4969=CARTESIAN_POINT('',(-12.9212770712023,24.4530178548853,30.));
#4970=CARTESIAN_POINT('',(-6.38116348963568,41.5104066511717,29.9));
#4971=CARTESIAN_POINT('',(-6.35730754070704,41.5726257840515,29.7922333006494));
#4972=CARTESIAN_POINT('',(-6.93758277076304,40.0591994368673,29.9));
#4973=CARTESIAN_POINT('Origin',(-3.8084779804197,41.4526716242527,30.));
#4974=CARTESIAN_POINT('',(-3.8084779804197,41.4526716242527,30.));
#4975=CARTESIAN_POINT('',(-1.90423899020985,41.4526716242527,30.));
#4976=CARTESIAN_POINT('',(-3.76878078906766,41.5104066511717,29.9));
#4977=CARTESIAN_POINT('',(-3.8873485771122,41.3379633572931,30.1986805464222));
#4978=CARTESIAN_POINT('',(-5.07895434076798,41.5104066511717,29.9));
#4979=CARTESIAN_POINT('Origin',(-3.27421366238253,40.0591994368673,30.));
#4980=CARTESIAN_POINT('',(-3.27421366238254,40.0591994368673,30.));
#4981=CARTESIAN_POINT('',(3.63084988164944,22.0493610930155,30.));
#4982=CARTESIAN_POINT('',(-3.2345164710305,40.1169344637863,29.9));
#4983=CARTESIAN_POINT('',(-2.98741752935413,40.4763116278485,29.2775404927641));
#4984=CARTESIAN_POINT('',(-3.99223612207369,42.0932245208187,29.9));
#4985=CARTESIAN_POINT('Origin',(2.15251460737189,40.0591994368673,30.));
#4986=CARTESIAN_POINT('',(2.15251460737189,40.0591994368673,30.));
#4987=CARTESIAN_POINT('',(1.07625730368594,40.0591994368673,30.));
#4988=CARTESIAN_POINT('',(2.09477958045293,40.1169344637863,29.9));
#4989=CARTESIAN_POINT('',(2.01316738863335,40.1985466556058,29.7586435372514));
#4990=CARTESIAN_POINT('',(-2.09845804687218,40.1169344637863,29.9));
#4991=CARTESIAN_POINT('Origin',(2.15251460737189,41.4526716242527,30.));
#4992=CARTESIAN_POINT('',(2.15251460737189,41.4526716242527,30.));
#4993=CARTESIAN_POINT('',(2.15251460737191,20.7263358121264,30.));
#4994=CARTESIAN_POINT('',(2.09477958045293,41.3949365973338,29.9));
#4995=CARTESIAN_POINT('',(1.9179173910146,41.2180744078954,29.5936657019549));
#4996=CARTESIAN_POINT('',(2.09477958045293,42.4757271542319,29.9));
#4997=CARTESIAN_POINT('Origin',(-0.193457556201027,41.4526716242527,30.));
#4998=CARTESIAN_POINT('',(-0.193457556201027,41.4526716242527,30.));
#4999=CARTESIAN_POINT('',(-0.0967287781005144,41.4526716242527,30.));
#5000=CARTESIAN_POINT('',(-0.251192560458474,41.3949365973338,29.9));
#5001=CARTESIAN_POINT('',(0.355111530019764,42.0012409257919,30.9501499017384));
#5002=CARTESIAN_POINT('',(-3.27144412865864,41.3949365973338,29.9));
#5003=CARTESIAN_POINT('Origin',(-0.193459709385652,46.9383659315548,30.));
#5004=CARTESIAN_POINT('',(-0.193450497519081,23.4691829278137,30.));
#5005=CARTESIAN_POINT('',(-0.25119406127132,45.2185754933588,29.9));
#5006=CARTESIAN_POINT('Origin',(-6.34943070111626,43.4987826842111,29.9));
#5007=CARTESIAN_POINT('Origin',(4.11042907190602,40.0591994368673,30.));
#5008=CARTESIAN_POINT('',(4.11042907190602,40.0591994368673,30.));
#5009=CARTESIAN_POINT('',(2.55820688848935,40.0591994368673,30.));
#5010=CARTESIAN_POINT('',(2.05521453595301,40.0591994368673,30.));
#5011=CARTESIAN_POINT('',(4.05269404498705,40.1169344637863,29.9));
#5012=CARTESIAN_POINT('',(3.42251242243726,40.7471160863361,28.8084934117476));
#5013=CARTESIAN_POINT('',(2.61594191540831,40.1169344637863,29.9));
#5014=CARTESIAN_POINT('',(3.72237352605185,40.1169344637863,29.9));
#5015=CARTESIAN_POINT('',(2.71342910683101,40.214421655209,29.7311472313687));
#5016=CARTESIAN_POINT('Origin',(4.11042907190602,46.9383659315548,30.));
#5017=CARTESIAN_POINT('',(4.11042907190602,46.9383659315548,30.));
#5018=CARTESIAN_POINT('',(4.11042907190602,23.4691829657774,30.));
#5019=CARTESIAN_POINT('',(4.05269404498705,46.8806309046358,29.9));
#5020=CARTESIAN_POINT('',(3.95520685356435,46.7831437132131,29.7311472313687));
#5021=CARTESIAN_POINT('',(4.05269404498705,45.2185743078829,29.9));
#5022=CARTESIAN_POINT('Origin',(2.55820688848935,46.9383659315548,30.));
#5023=CARTESIAN_POINT('',(2.55820688848935,46.9383659315548,30.));
#5024=CARTESIAN_POINT('',(1.27910344424467,46.9383659315548,30.));
#5025=CARTESIAN_POINT('',(2.61594191540831,46.8806309046358,29.9));
#5026=CARTESIAN_POINT('',(3.2461235379581,46.2504492820861,28.8084934117476));
#5027=CARTESIAN_POINT('',(2.94626243434351,46.8806309046358,29.9));
#5028=CARTESIAN_POINT('Origin',(2.55820688848935,40.0591994368673,30.));
#5029=CARTESIAN_POINT('',(2.55820688848935,20.0295997184337,30.));
#5030=CARTESIAN_POINT('',(2.61594191540831,41.7789910605392,29.9));
#5031=CARTESIAN_POINT('Origin',(3.33431798019768,43.4987826842111,29.9));
#5032=CARTESIAN_POINT('Origin',(11.728788962166,42.200242792053,30.));
#5033=CARTESIAN_POINT('',(11.728788962166,42.200242792053,30.));
#5034=CARTESIAN_POINT('',(13.4533253973071,46.9383659315548,30.));
#5035=CARTESIAN_POINT('',(4.26133442567198,21.6835877585251,30.));
#5036=CARTESIAN_POINT('',(11.728788962166,42.0314369221469,29.9));
#5037=CARTESIAN_POINT('',(11.728788962166,43.953890511475,31.0388547035702));
#5038=CARTESIAN_POINT('',(13.4937518931945,46.8806309046358,29.9));
#5039=CARTESIAN_POINT('',(11.87897259852,42.4440629172161,29.9));
#5040=CARTESIAN_POINT('',(13.7286021694053,46.5452299078066,29.3190684325826));
#5041=CARTESIAN_POINT('Origin',(10.0042525270249,46.9383659315548,30.));
#5042=CARTESIAN_POINT('',(10.0042525270249,46.9383659315548,30.));
#5043=CARTESIAN_POINT('',(16.9619666967428,27.8222105208502,30.));
#5044=CARTESIAN_POINT('',(9.96382603113748,46.8806309046358,29.9));
#5045=CARTESIAN_POINT('',(9.70366779219598,46.5090863866468,29.2564660175693));
#5046=CARTESIAN_POINT('',(10.4908552317374,45.4326306190685,29.9));
#5047=CARTESIAN_POINT('Origin',(4.49848461776018,46.9383659315548,30.));
#5048=CARTESIAN_POINT('',(4.49848461776018,46.9383659315548,30.));
#5049=CARTESIAN_POINT('',(2.24924230888022,46.9383659315548,30.));
#5050=CARTESIAN_POINT('',(4.49848461776018,46.8806309046359,29.9));
#5051=CARTESIAN_POINT('',(4.49848461776018,46.0784701197189,28.5106167646845));
#5052=CARTESIAN_POINT('',(7.14985661596038,46.8806309046359,29.9));
#5053=CARTESIAN_POINT('Origin',(4.49848461776018,40.0591994368673,30.));
#5054=CARTESIAN_POINT('',(4.49848461776018,40.0591994368673,30.));
#5055=CARTESIAN_POINT('',(4.49848461776018,20.0295997184337,30.));
#5056=CARTESIAN_POINT('',(4.49848461776018,40.1169344637863,29.9));
#5057=CARTESIAN_POINT('',(4.49848461776018,40.0591994368673,30.));
#5058=CARTESIAN_POINT('',(4.49848461776018,46.9383659315548,29.9));
#5059=CARTESIAN_POINT('Origin',(9.973101866759,40.0591994368673,30.));
#5060=CARTESIAN_POINT('',(9.973101866759,40.0591994368673,30.));
#5061=CARTESIAN_POINT('',(4.9865509333795,40.0591994368673,30.));
#5062=CARTESIAN_POINT('',(9.89068265931294,40.1169344637863,29.9));
#5063=CARTESIAN_POINT('',(9.72288686134099,40.2344761778235,29.6964117792788));
#5064=CARTESIAN_POINT('',(9.88716524045978,40.1169344637863,29.9));
#5065=CARTESIAN_POINT('Origin',(9.46654822740123,41.4526716242527,30.));
#5066=CARTESIAN_POINT('',(9.46654822740123,41.4526716242527,30.));
#5067=CARTESIAN_POINT('',(15.5690589946218,24.6653496772165,30.));
#5068=CARTESIAN_POINT('',(9.42610458038467,41.3949365973338,29.9));
#5069=CARTESIAN_POINT('',(9.27992104305729,41.1862533779582,29.5385500613544));
#5070=CARTESIAN_POINT('',(9.10332812127876,42.2828583958566,29.9));
#5071=CARTESIAN_POINT('Origin',(6.05070680117685,41.4526716242527,30.));
#5072=CARTESIAN_POINT('',(6.05070680117685,41.4526716242527,30.));
#5073=CARTESIAN_POINT('',(3.02535340058842,41.4526716242527,30.));
#5074=CARTESIAN_POINT('',(5.99297177425789,41.3949365973338,29.9));
#5075=CARTESIAN_POINT('',(6.1882901310706,41.5902549541465,30.2383013176505));
#5076=CARTESIAN_POINT('',(7.9259677076687,41.3949365973338,29.9));
#5077=CARTESIAN_POINT('Origin',(6.05070680117685,42.8285049231902,30.));
#5078=CARTESIAN_POINT('',(6.05070680117685,42.8285049231902,30.));
#5079=CARTESIAN_POINT('',(6.05070680117685,21.4142524615951,30.));
#5080=CARTESIAN_POINT('',(5.99297177425789,42.886239251936,29.9));
#5081=CARTESIAN_POINT('',(6.34227021489819,42.5369450352618,30.5050026461936));
#5082=CARTESIAN_POINT('',(5.99297177425789,43.1636438037006,29.9));
#5083=CARTESIAN_POINT('Origin',(8.9663620932757,42.8285401815885,30.));
#5084=CARTESIAN_POINT('',(8.9663620932757,42.8285401815885,30.));
#5085=CARTESIAN_POINT('',(4.48292208908781,42.8284859643037,30.));
#5086=CARTESIAN_POINT('',(8.88394237195397,42.8862742118275,29.9));
#5087=CARTESIAN_POINT('',(8.73515497694193,42.9904980046899,29.7194759790181));
#5088=CARTESIAN_POINT('',(9.3837987080296,42.8862802564837,29.9));
#5089=CARTESIAN_POINT('Origin',(8.49827913446454,44.1161437798881,30.));
#5090=CARTESIAN_POINT('',(8.49827913446454,44.1161437798881,30.));
#5091=CARTESIAN_POINT('',(15.0850456689538,25.9972523925395,30.));
#5092=CARTESIAN_POINT('',(8.45783591740003,44.0584087529692,29.9));
#5093=CARTESIAN_POINT('',(8.36455662651241,43.9252471807384,29.6693573912806));
#5094=CARTESIAN_POINT('',(8.61917986198741,43.6145834871612,29.9));
#5095=CARTESIAN_POINT('Origin',(6.05070680117685,44.1161437798881,30.));
#5096=CARTESIAN_POINT('',(6.05070680117685,44.1161437798881,30.));
#5097=CARTESIAN_POINT('',(3.02535340058842,44.1161437798881,30.));
#5098=CARTESIAN_POINT('',(5.99297177425789,44.0584087529692,29.9));
#5099=CARTESIAN_POINT('',(6.19534568644976,44.2607826651611,30.2505218980428));
#5100=CARTESIAN_POINT('',(7.9259677076687,44.0584087529692,29.9));
#5101=CARTESIAN_POINT('Origin',(6.05070680117685,45.5625326326173,30.));
#5102=CARTESIAN_POINT('',(6.05070680117685,45.5625326326173,30.));
#5103=CARTESIAN_POINT('',(6.05070680117685,22.7812663163087,30.));
#5104=CARTESIAN_POINT('',(5.99297177425789,45.6202683861913,29.9));
#5105=CARTESIAN_POINT('',(6.33084975594564,45.2823861519599,30.485221831042));
#5106=CARTESIAN_POINT('',(5.99297177425789,44.5306576584142,29.9));
#5107=CARTESIAN_POINT('Origin',(8.85211519366605,45.5624973742191,30.));
#5108=CARTESIAN_POINT('',(8.85211519366605,45.5624973742191,30.));
#5109=CARTESIAN_POINT('',(4.42634432129086,45.5625530767694,30.));
#5110=CARTESIAN_POINT('',(8.89254199908914,45.6202318923327,29.9));
#5111=CARTESIAN_POINT('',(8.53238355399209,45.1058807321407,30.7908901935925));
#5112=CARTESIAN_POINT('',(9.32668561739802,45.6202264282209,29.9));
#5113=CARTESIAN_POINT('Origin',(10.8551345697245,40.0591994368673,30.));
#5114=CARTESIAN_POINT('',(10.8551345697245,40.0591994368673,30.));
#5115=CARTESIAN_POINT('',(16.6575862317625,24.1169571176168,30.));
#5116=CARTESIAN_POINT('',(10.8955610401761,40.1169348753154,29.9));
#5117=CARTESIAN_POINT('',(10.9504047705663,40.195260457164,29.7643370796967));
#5118=CARTESIAN_POINT('',(10.2950202285451,41.7669214153596,29.9));
#5119=CARTESIAN_POINT('Origin',(12.6001674384589,40.0592172006405,30.));
#5120=CARTESIAN_POINT('',(12.6001674384589,40.0592172006405,30.));
#5121=CARTESIAN_POINT('',(6.29987982605894,40.0591530661007,30.));
#5122=CARTESIAN_POINT('',(12.5597407864875,40.1169518160344,29.9));
#5123=CARTESIAN_POINT('',(12.2005025904763,40.6299915576423,29.0113827673275));
#5124=CARTESIAN_POINT('',(11.2007149454705,40.1169379816665,29.9));
#5125=CARTESIAN_POINT('Origin',(15.1039726105609,46.9383659315548,30.));
#5126=CARTESIAN_POINT('',(15.1039726105609,46.9383659315548,30.));
#5127=CARTESIAN_POINT('',(6.67770861490698,23.7873939957517,30.));
#5128=CARTESIAN_POINT('',(15.0215184492343,46.8806309046358,29.9));
#5129=CARTESIAN_POINT('',(14.82525652929,46.7432068250158,29.6619745119147));
#5130=CARTESIAN_POINT('',(14.1868375304054,44.5873637417359,29.9));
#5131=CARTESIAN_POINT('Origin',(13.4533253973071,46.9383659315548,30.));
#5132=CARTESIAN_POINT('',(6.72666269865369,46.9383659315548,30.));
#5133=CARTESIAN_POINT('',(11.6272770057339,46.8806309046359,29.9));
#5134=CARTESIAN_POINT('Origin',(9.80122861416056,43.4987826842111,29.9));
#5135=CARTESIAN_POINT('Origin',(-1.83697019872103E-15,0.,30.));
#5136=CARTESIAN_POINT('',(-32.,49.,30.));
#5137=CARTESIAN_POINT('',(32.,49.,30.));
#5138=CARTESIAN_POINT('',(-20.,49.,30.));
#5139=CARTESIAN_POINT('',(-39.,42.,30.));
#5140=CARTESIAN_POINT('Origin',(-32.,42.,30.));
#5141=CARTESIAN_POINT('',(-39.,0.,30.));
#5142=CARTESIAN_POINT('',(-39.,-25.,30.));
#5143=CARTESIAN_POINT('',(39.,4.44089209850063E-15,30.));
#5144=CARTESIAN_POINT('Origin',(-1.83697019872103E-15,0.,30.));
#5145=CARTESIAN_POINT('',(39.,42.,30.));
#5146=CARTESIAN_POINT('',(39.,25.,30.));
#5147=CARTESIAN_POINT('Origin',(32.,42.,30.));
#5148=CARTESIAN_POINT('',(-37.2,42.,30.));
#5149=CARTESIAN_POINT('Origin',(-32.,42.,30.));
#5150=CARTESIAN_POINT('',(26.8,42.,30.));
#5151=CARTESIAN_POINT('Origin',(32.,42.,30.));
#5152=CARTESIAN_POINT('',(25.25,6.55,30.));
#5153=CARTESIAN_POINT('',(26.,7.3,30.));
#5154=CARTESIAN_POINT('Origin',(26.,6.55,30.));
#5155=CARTESIAN_POINT('',(25.25,-6.55,30.));
#5156=CARTESIAN_POINT('',(25.25,-3.775,30.));
#5157=CARTESIAN_POINT('',(26.,-7.3,30.));
#5158=CARTESIAN_POINT('Origin',(26.,-6.55,30.));
#5159=CARTESIAN_POINT('',(30.7399983734547,-7.3,30.));
#5160=CARTESIAN_POINT('',(17.5,-7.3,30.));
#5161=CARTESIAN_POINT('',(32.0875499935397,-13.5074659137861,30.));
#5162=CARTESIAN_POINT('Origin',(30.7399983734547,-10.55,30.));
#5163=CARTESIAN_POINT('',(27.8415107991004,-17.2456596401406,30.));
#5164=CARTESIAN_POINT('Origin',(36.1302048537944,-22.3798636551443,30.));
#5165=CARTESIAN_POINT('',(-27.8415107991004,-17.2456596401406,30.));
#5166=CARTESIAN_POINT('Origin',(-1.83697019872103E-15,0.,30.));
#5167=CARTESIAN_POINT('',(-32.0875499935397,-13.5074659137861,30.));
#5168=CARTESIAN_POINT('Origin',(-36.1302048537944,-22.3798636551443,30.));
#5169=CARTESIAN_POINT('',(-30.7399983734547,-7.3,30.));
#5170=CARTESIAN_POINT('Origin',(-30.7399983734547,-10.55,30.));
#5171=CARTESIAN_POINT('',(-26.,-7.3,30.));
#5172=CARTESIAN_POINT('',(17.5,-7.3,30.));
#5173=CARTESIAN_POINT('',(-25.25,-6.55,30.));
#5174=CARTESIAN_POINT('Origin',(-26.,-6.55,30.));
#5175=CARTESIAN_POINT('',(-25.25,6.55,30.));
#5176=CARTESIAN_POINT('',(-25.25,-3.775,30.));
#5177=CARTESIAN_POINT('',(-26.,7.3,30.));
#5178=CARTESIAN_POINT('Origin',(-26.,6.55,30.));
#5179=CARTESIAN_POINT('',(-30.7399983734547,7.30000000000001,30.));
#5180=CARTESIAN_POINT('',(-12.5,7.3,30.));
#5181=CARTESIAN_POINT('',(-32.0875499935397,13.5074659137861,30.));
#5182=CARTESIAN_POINT('Origin',(-30.7399983734547,10.55,30.));
#5183=CARTESIAN_POINT('',(-27.8415107991004,17.2456596401406,30.));
#5184=CARTESIAN_POINT('Origin',(-36.1302048537944,22.3798636551443,30.));
#5185=CARTESIAN_POINT('',(27.8415107991004,17.2456596401406,30.));
#5186=CARTESIAN_POINT('Origin',(-1.83697019872103E-15,0.,30.));
#5187=CARTESIAN_POINT('',(32.0875499935397,13.5074659137861,30.));
#5188=CARTESIAN_POINT('Origin',(36.1302048537944,22.3798636551443,30.));
#5189=CARTESIAN_POINT('',(30.7399983734547,7.3,30.));
#5190=CARTESIAN_POINT('Origin',(30.7399983734547,10.55,30.));
#5191=CARTESIAN_POINT('',(-12.5,7.3,30.));
#5192=CARTESIAN_POINT('',(-4.89500000721217,34.6280000400543,30.));
#5193=CARTESIAN_POINT('',(-6.85100000000001,34.6280000400543,30.));
#5194=CARTESIAN_POINT('',(-2.44750000360609,34.6280000400543,30.));
#5195=CARTESIAN_POINT('',(-6.85100000000001,38.492000181675,30.));
#5196=CARTESIAN_POINT('',(-6.85100000000001,17.3140000200272,30.));
#5197=CARTESIAN_POINT('',(-4.97899993902446,38.492000181675,30.));
#5198=CARTESIAN_POINT('',(-3.42550000000001,38.492000181675,30.));
#5199=CARTESIAN_POINT('',(-4.13299977427722,38.2250002813339,30.));
#5200=CARTESIAN_POINT('Ctrl Pts',(-4.97899993902446,38.492000181675,30.));
#5201=CARTESIAN_POINT('Ctrl Pts',(-4.80894173824747,38.4862168574069,30.));
#5202=CARTESIAN_POINT('Ctrl Pts',(-4.5004418871606,38.4757254217258,30.));
#5203=CARTESIAN_POINT('Ctrl Pts',(-4.24681621858134,38.3026632464011,30.));
#5204=CARTESIAN_POINT('Ctrl Pts',(-4.13299977427722,38.2250002813339,30.));
#5205=CARTESIAN_POINT('',(-3.85099976903201,37.460000295639,30.));
#5206=CARTESIAN_POINT('Ctrl Pts',(-4.13299977427722,38.2250002813339,30.));
#5207=CARTESIAN_POINT('Ctrl Pts',(-4.05085732114591,38.1212395933184,30.));
#5208=CARTESIAN_POINT('Ctrl Pts',(-3.87421353101774,37.898106724763,30.));
#5209=CARTESIAN_POINT('Ctrl Pts',(-3.85909038665674,37.6126921169457,30.));
#5210=CARTESIAN_POINT('Ctrl Pts',(-3.85099976903201,37.460000295639,30.));
#5211=CARTESIAN_POINT('',(-3.97399961596728,36.9410000038147,30.));
#5212=CARTESIAN_POINT('Ctrl Pts',(-3.85099976903201,37.460000295639,30.));
#5213=CARTESIAN_POINT('Ctrl Pts',(-3.85484461426037,37.3641807776906,30.));
#5214=CARTESIAN_POINT('Ctrl Pts',(-3.8621180051453,37.1829165740492,30.));
#5215=CARTESIAN_POINT('Ctrl Pts',(-3.9381564571758,37.0185020524311,30.));
#5216=CARTESIAN_POINT('Ctrl Pts',(-3.97399961596728,36.9410000038147,30.));
#5217=CARTESIAN_POINT('',(-4.31299984103442,36.6139999818802,30.));
#5218=CARTESIAN_POINT('Ctrl Pts',(-3.97399961596728,36.9410000038147,30.));
#5219=CARTESIAN_POINT('Ctrl Pts',(-4.0188072004456,36.8741606804697,30.));
#5220=CARTESIAN_POINT('Ctrl Pts',(-4.10825530872241,36.740731237635,30.));
#5221=CARTESIAN_POINT('Ctrl Pts',(-4.2448366938248,36.6561911024172,30.));
#5222=CARTESIAN_POINT('Ctrl Pts',(-4.31299984103442,36.6139999818802,30.));
#5223=CARTESIAN_POINT('',(-3.85999977236987,36.3229999732971,30.));
#5224=CARTESIAN_POINT('Ctrl Pts',(-4.31299984103442,36.6139999818802,30.));
#5225=CARTESIAN_POINT('Ctrl Pts',(-4.22187546397045,36.5824561099445,30.));
#5226=CARTESIAN_POINT('Ctrl Pts',(-4.04707284614601,36.5219459416631,30.));
#5227=CARTESIAN_POINT('Ctrl Pts',(-3.92056110674852,36.3874049305168,30.));
#5228=CARTESIAN_POINT('Ctrl Pts',(-3.85999977236987,36.3229999732971,30.));
#5229=CARTESIAN_POINT('',(-3.70099961405993,35.7439998579025,30.));
#5230=CARTESIAN_POINT('Ctrl Pts',(-3.85999977236987,36.3229999732971,30.));
#5231=CARTESIAN_POINT('Ctrl Pts',(-3.81373361567691,36.2421497993664,30.));
#5232=CARTESIAN_POINT('Ctrl Pts',(-3.71150427046963,36.0635038747505,30.));
#5233=CARTESIAN_POINT('Ctrl Pts',(-3.70471580756859,35.8570296141451,30.));
#5234=CARTESIAN_POINT('Ctrl Pts',(-3.70099961405993,35.7439998579025,30.));
#5235=CARTESIAN_POINT('',(-4.00399982577563,34.9069998455048,30.));
#5236=CARTESIAN_POINT('Ctrl Pts',(-3.70099961405993,35.7439998579025,30.));
#5237=CARTESIAN_POINT('Ctrl Pts',(-3.70870136571644,35.5745300379508,30.));
#5238=CARTESIAN_POINT('Ctrl Pts',(-3.72289160768354,35.2622870757663,30.));
#5239=CARTESIAN_POINT('Ctrl Pts',(-3.91579480794255,35.0184804585362,30.));
#5240=CARTESIAN_POINT('Ctrl Pts',(-4.00399982577563,34.9069998455048,30.));
#5241=CARTESIAN_POINT('Ctrl Pts',(-4.00399982577563,34.9069998455048,30.));
#5242=CARTESIAN_POINT('Ctrl Pts',(-4.12493895279433,34.8258263486732,30.));
#5243=CARTESIAN_POINT('Ctrl Pts',(-4.39295271090911,34.6459373873299,30.));
#5244=CARTESIAN_POINT('Ctrl Pts',(-4.71711398867782,34.6343556231108,30.));
#5245=CARTESIAN_POINT('Ctrl Pts',(-4.89500000721217,34.6280000400543,30.));
#5246=CARTESIAN_POINT('',(6.87099963778256,36.5120000433922,30.));
#5247=CARTESIAN_POINT('',(6.46599918955563,35.0299999904633,30.));
#5248=CARTESIAN_POINT('Ctrl Pts',(6.87099963778256,36.5120000433922,30.));
#5249=CARTESIAN_POINT('Ctrl Pts',(6.8626705484504,36.219055912243,30.));
#5250=CARTESIAN_POINT('Ctrl Pts',(6.84762622192073,35.6899287786274,30.));
#5251=CARTESIAN_POINT('Ctrl Pts',(6.58377342783738,35.2336611668337,30.));
#5252=CARTESIAN_POINT('Ctrl Pts',(6.46599918955563,35.0299999904633,30.));
#5253=CARTESIAN_POINT('',(5.17900020235776,34.52,30.));
#5254=CARTESIAN_POINT('Ctrl Pts',(6.46599918955563,35.0299999904633,30.));
#5255=CARTESIAN_POINT('Ctrl Pts',(6.30005755044611,34.8815490084202,30.));
#5256=CARTESIAN_POINT('Ctrl Pts',(5.9363702318369,34.5561952280558,30.));
#5257=CARTESIAN_POINT('Ctrl Pts',(5.44575803742715,34.5327485380992,30.));
#5258=CARTESIAN_POINT('Ctrl Pts',(5.17900020235776,34.52,30.));
#5259=CARTESIAN_POINT('',(3.8860002195239,35.0299999904633,30.));
#5260=CARTESIAN_POINT('Ctrl Pts',(5.17900020235776,34.52,30.));
#5261=CARTESIAN_POINT('Ctrl Pts',(4.9106933734726,34.5325358871484,30.));
#5262=CARTESIAN_POINT('Ctrl Pts',(4.41809938992517,34.5555509651223,30.));
#5263=CARTESIAN_POINT('Ctrl Pts',(4.05247552842308,34.8815614052443,30.));
#5264=CARTESIAN_POINT('Ctrl Pts',(3.8860002195239,35.0299999904633,30.));
#5265=CARTESIAN_POINT('',(3.48099977129697,36.5120000433922,30.));
#5266=CARTESIAN_POINT('Ctrl Pts',(3.8860002195239,35.0299999904633,30.));
#5267=CARTESIAN_POINT('Ctrl Pts',(3.76822598124215,35.2336611668337,30.));
#5268=CARTESIAN_POINT('Ctrl Pts',(3.5043731871588,35.6899287786274,30.));
#5269=CARTESIAN_POINT('Ctrl Pts',(3.48932886062913,36.219055912243,30.));
#5270=CARTESIAN_POINT('Ctrl Pts',(3.48099977129697,36.5120000433922,30.));
#5271=CARTESIAN_POINT('',(3.87699991816281,38.0360002112389,30.));
#5272=CARTESIAN_POINT('Ctrl Pts',(3.48099977129697,36.5120000433922,30.));
#5273=CARTESIAN_POINT('Ctrl Pts',(3.48828781038881,36.8142058325245,30.));
#5274=CARTESIAN_POINT('Ctrl Pts',(3.50134271751251,37.355540539933,30.));
#5275=CARTESIAN_POINT('Ctrl Pts',(3.7619010242773,37.8275118464067,30.));
#5276=CARTESIAN_POINT('Ctrl Pts',(3.87699991816281,38.0360002112389,30.));
#5277=CARTESIAN_POINT('',(5.17900020235776,38.5520003032684,30.));
#5278=CARTESIAN_POINT('Ctrl Pts',(3.87699991816281,38.0360002112389,30.));
#5279=CARTESIAN_POINT('Ctrl Pts',(4.0425525886512,38.1861394627219,30.));
#5280=CARTESIAN_POINT('Ctrl Pts',(4.40877644075006,38.5182668447033,30.));
#5281=CARTESIAN_POINT('Ctrl Pts',(4.90635411594747,38.5400592337802,30.));
#5282=CARTESIAN_POINT('Ctrl Pts',(5.17900020235776,38.5520003032684,30.));
#5283=CARTESIAN_POINT('',(6.47499949091672,38.0360002112389,30.));
#5284=CARTESIAN_POINT('Ctrl Pts',(5.17900020235776,38.5520003032684,30.));
#5285=CARTESIAN_POINT('Ctrl Pts',(5.45009734819268,38.5398444089724,30.));
#5286=CARTESIAN_POINT('Ctrl Pts',(5.94569677573413,38.5176219166043,30.));
#5287=CARTESIAN_POINT('Ctrl Pts',(6.30998159726937,38.186152849936,30.));
#5288=CARTESIAN_POINT('Ctrl Pts',(6.47499949091672,38.0360002112389,30.));
#5289=CARTESIAN_POINT('Ctrl Pts',(6.47499949091672,38.0360002112389,30.));
#5290=CARTESIAN_POINT('Ctrl Pts',(6.59009838480222,37.8275118464067,30.));
#5291=CARTESIAN_POINT('Ctrl Pts',(6.85065669156703,37.355540539933,30.));
#5292=CARTESIAN_POINT('Ctrl Pts',(6.86371159869072,36.8142058325245,30.));
#5293=CARTESIAN_POINT('Ctrl Pts',(6.87099963778256,36.5120000433922,30.));
#5294=CARTESIAN_POINT('',(2.68300086611508,34.6280000400543,30.));
#5295=CARTESIAN_POINT('',(2.03500062578916,34.6280000400543,30.));
#5296=CARTESIAN_POINT('',(1.34150043305754,34.6280000400543,30.));
#5297=CARTESIAN_POINT('',(2.03500062578916,35.4740003538132,30.));
#5298=CARTESIAN_POINT('',(2.03500062578916,17.3140000200272,30.));
#5299=CARTESIAN_POINT('',(0.103000703990449,35.4740003538132,30.));
#5300=CARTESIAN_POINT('',(1.01750031289458,35.4740003538132,30.));
#5301=CARTESIAN_POINT('',(0.103000703990449,35.9360001277924,30.));
#5302=CARTESIAN_POINT('',(0.103000703990449,17.7370001769066,30.));
#5303=CARTESIAN_POINT('',(2.11300045603513,38.492000181675,30.));
#5304=CARTESIAN_POINT('',(-8.64737068650133,24.8086605732288,30.));
#5305=CARTESIAN_POINT('',(2.68300086611508,38.492000181675,30.));
#5306=CARTESIAN_POINT('',(1.05650022801756,38.492000181675,30.));
#5307=CARTESIAN_POINT('',(2.68300086611508,36.0019997549057,30.));
#5308=CARTESIAN_POINT('',(2.68300086611508,19.2460000908375,30.));
#5309=CARTESIAN_POINT('',(3.07900101298093,36.0019997549057,30.));
#5310=CARTESIAN_POINT('',(1.34150043305754,36.0019997549057,30.));
#5311=CARTESIAN_POINT('',(3.07900101298093,35.4740003538132,30.));
#5312=CARTESIAN_POINT('',(3.07900101298093,18.0009998774528,30.));
#5313=CARTESIAN_POINT('',(2.68300086611508,35.4740003538132,30.));
#5314=CARTESIAN_POINT('',(1.53950050649046,35.4740003538132,30.));
#5315=CARTESIAN_POINT('',(2.68300086611508,17.7370001769066,30.));
#5316=CARTESIAN_POINT('',(-1.40899985677005,34.6280000400543,30.));
#5317=CARTESIAN_POINT('',(-2.06299990063907,34.6280000400543,30.));
#5318=CARTESIAN_POINT('',(-0.704499928385025,34.6280000400543,30.));
#5319=CARTESIAN_POINT('',(-2.06299990063907,37.9820001912117,30.));
#5320=CARTESIAN_POINT('',(-2.06299990063907,17.3140000200272,30.));
#5321=CARTESIAN_POINT('',(-3.298999663651,37.9820001912117,30.));
#5322=CARTESIAN_POINT('',(-1.03149995031953,37.9820001912117,30.));
#5323=CARTESIAN_POINT('',(-3.298999663651,38.492000181675,30.));
#5324=CARTESIAN_POINT('',(-3.298999663651,18.9910000956058,30.));
#5325=CARTESIAN_POINT('',(-0.178999599277983,38.492000181675,30.));
#5326=CARTESIAN_POINT('',(-1.6494998318255,38.492000181675,30.));
#5327=CARTESIAN_POINT('',(-0.178999599277983,37.9820001912117,30.));
#5328=CARTESIAN_POINT('',(-0.178999599277983,19.2460000908375,30.));
#5329=CARTESIAN_POINT('',(-1.40899985677005,37.9820001912117,30.));
#5330=CARTESIAN_POINT('',(-0.0894997996389925,37.9820001912117,30.));
#5331=CARTESIAN_POINT('',(-1.40899985677005,18.9910000956058,30.));
#5332=CARTESIAN_POINT('Origin',(-1.40899985677005,34.6280000400543,30.));
#5333=CARTESIAN_POINT('',(-1.40899985677005,34.6280000400543,29.9));
#5334=CARTESIAN_POINT('',(-1.40899985677005,34.6280000400543,30.));
#5335=CARTESIAN_POINT('',(-2.06299990063907,34.6280000400543,29.9));
#5336=CARTESIAN_POINT('',(-1.40899985677005,34.6280000400543,29.9));
#5337=CARTESIAN_POINT('',(-2.06299990063907,34.6280000400543,30.));
#5338=CARTESIAN_POINT('Origin',(-1.40899985677005,37.9820001912117,30.));
#5339=CARTESIAN_POINT('',(-1.40899985677005,37.9820001912117,29.9));
#5340=CARTESIAN_POINT('',(-1.40899985677005,37.9820001912117,30.));
#5341=CARTESIAN_POINT('',(-1.40899985677005,37.9820001912117,29.9));
#5342=CARTESIAN_POINT('Origin',(-0.178999599277983,37.9820001912117,30.));
#5343=CARTESIAN_POINT('',(-0.178999599277983,37.9820001912117,29.9));
#5344=CARTESIAN_POINT('',(-0.178999599277983,37.9820001912117,30.));
#5345=CARTESIAN_POINT('',(-0.178999599277983,37.9820001912117,29.9));
#5346=CARTESIAN_POINT('Origin',(-0.178999599277983,38.492000181675,30.));
#5347=CARTESIAN_POINT('',(-0.178999599277983,38.492000181675,29.9));
#5348=CARTESIAN_POINT('',(-0.178999599277983,38.492000181675,30.));
#5349=CARTESIAN_POINT('',(-0.178999599277983,38.492000181675,29.9));
#5350=CARTESIAN_POINT('Origin',(-3.298999663651,38.492000181675,30.));
#5351=CARTESIAN_POINT('',(-3.298999663651,38.492000181675,29.9));
#5352=CARTESIAN_POINT('',(-3.298999663651,38.492000181675,30.));
#5353=CARTESIAN_POINT('',(-3.298999663651,38.492000181675,29.9));
#5354=CARTESIAN_POINT('Origin',(-3.298999663651,37.9820001912117,30.));
#5355=CARTESIAN_POINT('',(-3.298999663651,37.9820001912117,29.9));
#5356=CARTESIAN_POINT('',(-3.298999663651,37.9820001912117,30.));
#5357=CARTESIAN_POINT('',(-3.298999663651,37.9820001912117,29.9));
#5358=CARTESIAN_POINT('Origin',(-2.06299990063907,37.9820001912117,30.));
#5359=CARTESIAN_POINT('',(-2.06299990063907,37.9820001912117,29.9));
#5360=CARTESIAN_POINT('',(-2.06299990063907,37.9820001912117,30.));
#5361=CARTESIAN_POINT('',(-2.06299990063907,37.9820001912117,29.9));
#5362=CARTESIAN_POINT('Origin',(-2.06299990063907,34.6280000400543,30.));
#5363=CARTESIAN_POINT('',(-2.06299990063907,34.6280000400543,29.9));
#5364=CARTESIAN_POINT('Origin',(0.00999981889127683,36.5360001516342,29.9));
#5365=CARTESIAN_POINT('Origin',(2.13700086230039,37.7480001044273,30.));
#5366=CARTESIAN_POINT('',(2.13700086230039,37.7480001044273,30.));
#5367=CARTESIAN_POINT('',(0.739000741183748,35.9840003442764,30.));
#5368=CARTESIAN_POINT('',(-7.46267689994633,25.6351046802098,30.));
#5369=CARTESIAN_POINT('',(2.13700086230039,37.7480001044273,29.9));
#5370=CARTESIAN_POINT('',(2.13700086230039,37.7480001044273,30.));
#5371=CARTESIAN_POINT('',(0.739000741183748,35.9840003442764,29.9));
#5372=CARTESIAN_POINT('',(2.13700086230039,37.7480001044273,29.9));
#5373=CARTESIAN_POINT('',(0.739000741183748,35.9840003442764,30.));
#5374=CARTESIAN_POINT('Origin',(2.13700086230039,35.9840003442764,30.));
#5375=CARTESIAN_POINT('',(2.13700086230039,35.9840003442764,30.));
#5376=CARTESIAN_POINT('',(2.13700086230039,17.9920001721382,30.));
#5377=CARTESIAN_POINT('',(2.13700086230039,35.9840003442764,29.9));
#5378=CARTESIAN_POINT('',(2.13700086230039,35.9840003442764,30.));
#5379=CARTESIAN_POINT('',(2.13700086230039,35.9840003442764,29.9));
#5380=CARTESIAN_POINT('Origin',(0.739000741183748,35.9840003442764,30.));
#5381=CARTESIAN_POINT('',(0.369500370591873,35.9840003442764,30.));
#5382=CARTESIAN_POINT('',(0.739000741183748,35.9840003442764,29.9));
#5383=CARTESIAN_POINT('Origin',(2.68300086611508,34.6280000400543,30.));
#5384=CARTESIAN_POINT('',(2.68300086611508,34.6280000400543,29.9));
#5385=CARTESIAN_POINT('',(2.68300086611508,34.6280000400543,30.));
#5386=CARTESIAN_POINT('',(2.03500062578916,34.6280000400543,29.9));
#5387=CARTESIAN_POINT('',(2.68300086611508,34.6280000400543,29.9));
#5388=CARTESIAN_POINT('',(2.03500062578916,34.6280000400543,30.));
#5389=CARTESIAN_POINT('Origin',(2.68300086611508,35.4740003538132,30.));
#5390=CARTESIAN_POINT('',(2.68300086611508,35.4740003538132,29.9));
#5391=CARTESIAN_POINT('',(2.68300086611508,35.4740003538132,30.));
#5392=CARTESIAN_POINT('',(2.68300086611508,35.4740003538132,29.9));
#5393=CARTESIAN_POINT('Origin',(3.07900101298093,35.4740003538132,30.));
#5394=CARTESIAN_POINT('',(3.07900101298093,35.4740003538132,29.9));
#5395=CARTESIAN_POINT('',(3.07900101298093,35.4740003538132,30.));
#5396=CARTESIAN_POINT('',(3.07900101298093,35.4740003538132,29.9));
#5397=CARTESIAN_POINT('Origin',(3.07900101298093,36.0019997549057,30.));
#5398=CARTESIAN_POINT('',(3.07900101298093,36.0019997549057,29.9));
#5399=CARTESIAN_POINT('',(3.07900101298093,36.0019997549057,30.));
#5400=CARTESIAN_POINT('',(3.07900101298093,36.0019997549057,29.9));
#5401=CARTESIAN_POINT('Origin',(2.68300086611508,36.0019997549057,30.));
#5402=CARTESIAN_POINT('',(2.68300086611508,36.0019997549057,29.9));
#5403=CARTESIAN_POINT('',(2.68300086611508,36.0019997549057,30.));
#5404=CARTESIAN_POINT('',(2.68300086611508,36.0019997549057,29.9));
#5405=CARTESIAN_POINT('Origin',(2.68300086611508,38.492000181675,30.));
#5406=CARTESIAN_POINT('',(2.68300086611508,38.492000181675,29.9));
#5407=CARTESIAN_POINT('',(2.68300086611508,38.492000181675,30.));
#5408=CARTESIAN_POINT('',(2.68300086611508,38.492000181675,29.9));
#5409=CARTESIAN_POINT('Origin',(2.11300045603513,38.492000181675,30.));
#5410=CARTESIAN_POINT('',(2.11300045603513,38.492000181675,29.9));
#5411=CARTESIAN_POINT('',(2.11300045603513,38.492000181675,30.));
#5412=CARTESIAN_POINT('',(2.11300045603513,38.492000181675,29.9));
#5413=CARTESIAN_POINT('Origin',(0.103000703990449,35.9360001277924,30.));
#5414=CARTESIAN_POINT('',(0.103000703990449,35.9360001277924,29.9));
#5415=CARTESIAN_POINT('',(0.103000703990449,35.9360001277924,30.));
#5416=CARTESIAN_POINT('',(0.103000703990449,35.9360001277924,29.9));
#5417=CARTESIAN_POINT('Origin',(0.103000703990449,35.4740003538132,30.));
#5418=CARTESIAN_POINT('',(0.103000703990449,35.4740003538132,29.9));
#5419=CARTESIAN_POINT('',(0.103000703990449,35.4740003538132,30.));
#5420=CARTESIAN_POINT('',(0.103000703990449,35.4740003538132,29.9));
#5421=CARTESIAN_POINT('Origin',(2.03500062578916,35.4740003538132,30.));
#5422=CARTESIAN_POINT('',(2.03500062578916,35.4740003538132,29.9));
#5423=CARTESIAN_POINT('',(2.03500062578916,35.4740003538132,30.));
#5424=CARTESIAN_POINT('',(2.03500062578916,35.4740003538132,29.9));
#5425=CARTESIAN_POINT('Origin',(2.03500062578916,34.6280000400543,30.));
#5426=CARTESIAN_POINT('',(2.03500062578916,34.6280000400543,29.9));
#5427=CARTESIAN_POINT('Origin',(0.00999981889127683,36.5360001516342,29.9));
#5428=CARTESIAN_POINT('Ctrl Pts',(4.14099961870908,36.5120000433922,30.));
#5429=CARTESIAN_POINT('Ctrl Pts',(4.14099961870908,36.5120000433922,29.9));
#5430=CARTESIAN_POINT('Ctrl Pts',(4.14481715816081,36.3008132254215,30.));
#5431=CARTESIAN_POINT('Ctrl Pts',(4.14481715816081,36.3008132254215,29.9));
#5432=CARTESIAN_POINT('Ctrl Pts',(4.15159252112909,35.9259991956108,30.));
#5433=CARTESIAN_POINT('Ctrl Pts',(4.15159252112909,35.9259991956108,29.9));
#5434=CARTESIAN_POINT('Ctrl Pts',(4.31128530533577,35.5883868470245,30.));
#5435=CARTESIAN_POINT('Ctrl Pts',(4.31128530533577,35.5883868470245,29.9));
#5436=CARTESIAN_POINT('Ctrl Pts',(4.38100010508298,35.4410002422333,30.));
#5437=CARTESIAN_POINT('Ctrl Pts',(4.38100010508298,35.4410002422333,29.9));
#5438=CARTESIAN_POINT('',(4.14099961870908,36.5120000433922,30.));
#5439=CARTESIAN_POINT('',(4.38100010508298,35.4410002422333,30.));
#5440=CARTESIAN_POINT('Ctrl Pts',(4.14099961870908,36.5120000433922,30.));
#5441=CARTESIAN_POINT('Ctrl Pts',(4.14481715816081,36.3008132254215,30.));
#5442=CARTESIAN_POINT('Ctrl Pts',(4.15159252112909,35.9259991956108,30.));
#5443=CARTESIAN_POINT('Ctrl Pts',(4.31128530533577,35.5883868470245,30.));
#5444=CARTESIAN_POINT('Ctrl Pts',(4.38100010508298,35.4410002422333,30.));
#5445=CARTESIAN_POINT('',(4.14099961870908,36.5120000433922,29.9));
#5446=CARTESIAN_POINT('',(4.14099961870908,36.5120000433922,30.));
#5447=CARTESIAN_POINT('',(4.38100010508298,35.4410002422333,29.9));
#5448=CARTESIAN_POINT('Ctrl Pts',(4.14099961870908,36.5120000433922,29.9));
#5449=CARTESIAN_POINT('Ctrl Pts',(4.14481715816081,36.3008132254215,29.9));
#5450=CARTESIAN_POINT('Ctrl Pts',(4.15159252112909,35.9259991956108,29.9));
#5451=CARTESIAN_POINT('Ctrl Pts',(4.31128530533577,35.5883868470245,29.9));
#5452=CARTESIAN_POINT('Ctrl Pts',(4.38100010508298,35.4410002422333,29.9));
#5453=CARTESIAN_POINT('',(4.38100010508298,35.4410002422333,30.));
#5454=CARTESIAN_POINT('Ctrl Pts',(4.37500030153989,37.6280001592636,30.));
#5455=CARTESIAN_POINT('Ctrl Pts',(4.37500030153989,37.6280001592636,29.9));
#5456=CARTESIAN_POINT('Ctrl Pts',(4.30709067760934,37.4761648991459,30.));
#5457=CARTESIAN_POINT('Ctrl Pts',(4.30709067760934,37.4761648991459,29.9));
#5458=CARTESIAN_POINT('Ctrl Pts',(4.14895593340159,37.1226004316856,30.));
#5459=CARTESIAN_POINT('Ctrl Pts',(4.14895593340159,37.1226004316856,29.9));
#5460=CARTESIAN_POINT('Ctrl Pts',(4.14389001910281,36.7338212848771,30.));
#5461=CARTESIAN_POINT('Ctrl Pts',(4.14389001910281,36.7338212848771,29.9));
#5462=CARTESIAN_POINT('Ctrl Pts',(4.14099961870908,36.5120000433922,30.));
#5463=CARTESIAN_POINT('Ctrl Pts',(4.14099961870908,36.5120000433922,29.9));
#5464=CARTESIAN_POINT('',(4.37500030153989,37.6280001592636,30.));
#5465=CARTESIAN_POINT('Ctrl Pts',(4.37500030153989,37.6280001592636,30.));
#5466=CARTESIAN_POINT('Ctrl Pts',(4.30709067760934,37.4761648991459,30.));
#5467=CARTESIAN_POINT('Ctrl Pts',(4.14895593340159,37.1226004316856,30.));
#5468=CARTESIAN_POINT('Ctrl Pts',(4.14389001910281,36.7338212848771,30.));
#5469=CARTESIAN_POINT('Ctrl Pts',(4.14099961870908,36.5120000433922,30.));
#5470=CARTESIAN_POINT('',(4.37500030153989,37.6280001592636,29.9));
#5471=CARTESIAN_POINT('',(4.37500030153989,37.6280001592636,30.));
#5472=CARTESIAN_POINT('Ctrl Pts',(4.37500030153989,37.6280001592636,29.9));
#5473=CARTESIAN_POINT('Ctrl Pts',(4.30709067760934,37.4761648991459,29.9));
#5474=CARTESIAN_POINT('Ctrl Pts',(4.14895593340159,37.1226004316856,29.9));
#5475=CARTESIAN_POINT('Ctrl Pts',(4.14389001910281,36.7338212848771,29.9));
#5476=CARTESIAN_POINT('Ctrl Pts',(4.14099961870908,36.5120000433922,29.9));
#5477=CARTESIAN_POINT('Ctrl Pts',(5.17900020235776,37.9940000963211,30.));
#5478=CARTESIAN_POINT('Ctrl Pts',(5.17900020235776,37.9940000963211,29.9));
#5479=CARTESIAN_POINT('Ctrl Pts',(5.00693902545466,37.9843755708643,30.));
#5480=CARTESIAN_POINT('Ctrl Pts',(5.00693902545466,37.9843755708643,29.9));
#5481=CARTESIAN_POINT('Ctrl Pts',(4.68872000080118,37.9665754653509,30.));
#5482=CARTESIAN_POINT('Ctrl Pts',(4.68872000080118,37.9665754653509,29.9));
#5483=CARTESIAN_POINT('Ctrl Pts',(4.47374035248939,37.7345632569971,30.));
#5484=CARTESIAN_POINT('Ctrl Pts',(4.47374035248939,37.7345632569971,29.9));
#5485=CARTESIAN_POINT('Ctrl Pts',(4.37500030153989,37.6280001592636,30.));
#5486=CARTESIAN_POINT('Ctrl Pts',(4.37500030153989,37.6280001592636,29.9));
#5487=CARTESIAN_POINT('',(5.17900020235776,37.9940000963211,30.));
#5488=CARTESIAN_POINT('Ctrl Pts',(5.17900020235776,37.9940000963211,30.));
#5489=CARTESIAN_POINT('Ctrl Pts',(5.00693902545466,37.9843755708643,30.));
#5490=CARTESIAN_POINT('Ctrl Pts',(4.68872000080118,37.9665754653509,30.));
#5491=CARTESIAN_POINT('Ctrl Pts',(4.47374035248939,37.7345632569971,30.));
#5492=CARTESIAN_POINT('Ctrl Pts',(4.37500030153989,37.6280001592636,30.));
#5493=CARTESIAN_POINT('',(5.17900020235776,37.9940000963211,29.9));
#5494=CARTESIAN_POINT('',(5.17900020235776,37.9940000963211,30.));
#5495=CARTESIAN_POINT('Ctrl Pts',(5.17900020235776,37.9940000963211,29.9));
#5496=CARTESIAN_POINT('Ctrl Pts',(5.00693902545466,37.9843755708643,29.9));
#5497=CARTESIAN_POINT('Ctrl Pts',(4.68872000080118,37.9665754653509,29.9));
#5498=CARTESIAN_POINT('Ctrl Pts',(4.47374035248939,37.7345632569971,29.9));
#5499=CARTESIAN_POINT('Ctrl Pts',(4.37500030153989,37.6280001592636,29.9));
#5500=CARTESIAN_POINT('Ctrl Pts',(5.97700029963254,37.6280001592636,30.));
#5501=CARTESIAN_POINT('Ctrl Pts',(5.97700029963254,37.6280001592636,29.9));
#5502=CARTESIAN_POINT('Ctrl Pts',(5.87880380123941,37.7345768139748,30.));
#5503=CARTESIAN_POINT('Ctrl Pts',(5.87880380123941,37.7345768139748,29.9));
#5504=CARTESIAN_POINT('Ctrl Pts',(5.66573158731241,37.9658327563336,30.));
#5505=CARTESIAN_POINT('Ctrl Pts',(5.66573158731241,37.9658327563336,29.9));
#5506=CARTESIAN_POINT('Ctrl Pts',(5.34949561061167,37.9841334588306,30.));
#5507=CARTESIAN_POINT('Ctrl Pts',(5.34949561061167,37.9841334588306,29.9));
#5508=CARTESIAN_POINT('Ctrl Pts',(5.17900020235776,37.9940000963211,30.));
#5509=CARTESIAN_POINT('Ctrl Pts',(5.17900020235776,37.9940000963211,29.9));
#5510=CARTESIAN_POINT('',(5.97700029963254,37.6280001592636,30.));
#5511=CARTESIAN_POINT('Ctrl Pts',(5.97700029963254,37.6280001592636,30.));
#5512=CARTESIAN_POINT('Ctrl Pts',(5.87880380123941,37.7345768139748,30.));
#5513=CARTESIAN_POINT('Ctrl Pts',(5.66573158731241,37.9658327563336,30.));
#5514=CARTESIAN_POINT('Ctrl Pts',(5.34949561061167,37.9841334588306,30.));
#5515=CARTESIAN_POINT('Ctrl Pts',(5.17900020235776,37.9940000963211,30.));
#5516=CARTESIAN_POINT('',(5.97700029963254,37.6280001592636,29.9));
#5517=CARTESIAN_POINT('',(5.97700029963254,37.6280001592636,30.));
#5518=CARTESIAN_POINT('Ctrl Pts',(5.97700029963254,37.6280001592636,29.9));
#5519=CARTESIAN_POINT('Ctrl Pts',(5.87880380123941,37.7345768139748,29.9));
#5520=CARTESIAN_POINT('Ctrl Pts',(5.66573158731241,37.9658327563336,29.9));
#5521=CARTESIAN_POINT('Ctrl Pts',(5.34949561061167,37.9841334588306,29.9));
#5522=CARTESIAN_POINT('Ctrl Pts',(5.17900020235776,37.9940000963211,29.9));
#5523=CARTESIAN_POINT('Ctrl Pts',(6.21099979037045,36.5120000433922,30.));
#5524=CARTESIAN_POINT('Ctrl Pts',(6.21099979037045,36.5120000433922,29.9));
#5525=CARTESIAN_POINT('Ctrl Pts',(6.20810989596051,36.7338212940531,30.));
#5526=CARTESIAN_POINT('Ctrl Pts',(6.20810989596051,36.7338212940531,29.9));
#5527=CARTESIAN_POINT('Ctrl Pts',(6.20304486813184,37.1226004839499,30.));
#5528=CARTESIAN_POINT('Ctrl Pts',(6.20304486813184,37.1226004839499,29.9));
#5529=CARTESIAN_POINT('Ctrl Pts',(6.04490998814122,37.4761649050445,30.));
#5530=CARTESIAN_POINT('Ctrl Pts',(6.04490998814122,37.4761649050445,29.9));
#5531=CARTESIAN_POINT('Ctrl Pts',(5.97700029963254,37.6280001592636,30.));
#5532=CARTESIAN_POINT('Ctrl Pts',(5.97700029963254,37.6280001592636,29.9));
#5533=CARTESIAN_POINT('',(6.21099979037045,36.5120000433922,30.));
#5534=CARTESIAN_POINT('Ctrl Pts',(6.21099979037045,36.5120000433922,30.));
#5535=CARTESIAN_POINT('Ctrl Pts',(6.20810989596051,36.7338212940531,30.));
#5536=CARTESIAN_POINT('Ctrl Pts',(6.20304486813184,37.1226004839499,30.));
#5537=CARTESIAN_POINT('Ctrl Pts',(6.04490998814122,37.4761649050445,30.));
#5538=CARTESIAN_POINT('Ctrl Pts',(5.97700029963254,37.6280001592636,30.));
#5539=CARTESIAN_POINT('',(6.21099979037045,36.5120000433922,29.9));
#5540=CARTESIAN_POINT('',(6.21099979037045,36.5120000433922,30.));
#5541=CARTESIAN_POINT('Ctrl Pts',(6.21099979037045,36.5120000433922,29.9));
#5542=CARTESIAN_POINT('Ctrl Pts',(6.20810989596051,36.7338212940531,29.9));
#5543=CARTESIAN_POINT('Ctrl Pts',(6.20304486813184,37.1226004839499,29.9));
#5544=CARTESIAN_POINT('Ctrl Pts',(6.04490998814122,37.4761649050445,29.9));
#5545=CARTESIAN_POINT('Ctrl Pts',(5.97700029963254,37.6280001592636,29.9));
#5546=CARTESIAN_POINT('Ctrl Pts',(5.97099930399655,35.4440001440048,30.));
#5547=CARTESIAN_POINT('Ctrl Pts',(5.97099930399655,35.4440001440048,29.9));
#5548=CARTESIAN_POINT('Ctrl Pts',(6.04072891088248,35.5916331703891,30.));
#5549=CARTESIAN_POINT('Ctrl Pts',(6.04072891088248,35.5916331703891,29.9));
#5550=CARTESIAN_POINT('Ctrl Pts',(6.19978929222404,35.928399237545,30.));
#5551=CARTESIAN_POINT('Ctrl Pts',(6.19978929222404,35.928399237545,29.9));
#5552=CARTESIAN_POINT('Ctrl Pts',(6.20696807483598,36.3021153081972,30.));
#5553=CARTESIAN_POINT('Ctrl Pts',(6.20696807483598,36.3021153081972,29.9));
#5554=CARTESIAN_POINT('Ctrl Pts',(6.21099979037045,36.5120000433922,30.));
#5555=CARTESIAN_POINT('Ctrl Pts',(6.21099979037045,36.5120000433922,29.9));
#5556=CARTESIAN_POINT('',(5.97099930399655,35.4440001440048,30.));
#5557=CARTESIAN_POINT('Ctrl Pts',(5.97099930399655,35.4440001440048,30.));
#5558=CARTESIAN_POINT('Ctrl Pts',(6.04072891088248,35.5916331703891,30.));
#5559=CARTESIAN_POINT('Ctrl Pts',(6.19978929222404,35.928399237545,30.));
#5560=CARTESIAN_POINT('Ctrl Pts',(6.20696807483598,36.3021153081972,30.));
#5561=CARTESIAN_POINT('Ctrl Pts',(6.21099979037045,36.5120000433922,30.));
#5562=CARTESIAN_POINT('',(5.97099930399655,35.4440001440048,29.9));
#5563=CARTESIAN_POINT('',(5.97099930399655,35.4440001440048,30.));
#5564=CARTESIAN_POINT('Ctrl Pts',(5.97099930399655,35.4440001440048,29.9));
#5565=CARTESIAN_POINT('Ctrl Pts',(6.04072891088248,35.5916331703891,29.9));
#5566=CARTESIAN_POINT('Ctrl Pts',(6.19978929222404,35.928399237545,29.9));
#5567=CARTESIAN_POINT('Ctrl Pts',(6.20696807483598,36.3021153081972,29.9));
#5568=CARTESIAN_POINT('Ctrl Pts',(6.21099979037045,36.5120000433922,29.9));
#5569=CARTESIAN_POINT('Ctrl Pts',(5.17900020235776,35.0780002069473,30.));
#5570=CARTESIAN_POINT('Ctrl Pts',(5.17900020235776,35.0780002069473,29.9));
#5571=CARTESIAN_POINT('Ctrl Pts',(5.34667478552947,35.0885430481218,30.));
#5572=CARTESIAN_POINT('Ctrl Pts',(5.34667478552947,35.0885430481218,29.9));
#5573=CARTESIAN_POINT('Ctrl Pts',(5.66025969357159,35.1082602635619,30.));
#5574=CARTESIAN_POINT('Ctrl Pts',(5.66025969357159,35.1082602635619,29.9));
#5575=CARTESIAN_POINT('Ctrl Pts',(5.87232555450013,35.3373876886005,30.));
#5576=CARTESIAN_POINT('Ctrl Pts',(5.87232555450013,35.3373876886005,29.9));
#5577=CARTESIAN_POINT('Ctrl Pts',(5.97099930399655,35.4440001440048,30.));
#5578=CARTESIAN_POINT('Ctrl Pts',(5.97099930399655,35.4440001440048,29.9));
#5579=CARTESIAN_POINT('',(5.17900020235776,35.0780002069473,30.));
#5580=CARTESIAN_POINT('Ctrl Pts',(5.17900020235776,35.0780002069473,30.));
#5581=CARTESIAN_POINT('Ctrl Pts',(5.34667478552947,35.0885430481218,30.));
#5582=CARTESIAN_POINT('Ctrl Pts',(5.66025969357159,35.1082602635619,30.));
#5583=CARTESIAN_POINT('Ctrl Pts',(5.87232555450013,35.3373876886005,30.));
#5584=CARTESIAN_POINT('Ctrl Pts',(5.97099930399655,35.4440001440048,30.));
#5585=CARTESIAN_POINT('',(5.17900020235776,35.0780002069473,29.9));
#5586=CARTESIAN_POINT('',(5.17900020235776,35.0780002069473,30.));
#5587=CARTESIAN_POINT('Ctrl Pts',(5.17900020235776,35.0780002069473,29.9));
#5588=CARTESIAN_POINT('Ctrl Pts',(5.34667478552947,35.0885430481218,29.9));
#5589=CARTESIAN_POINT('Ctrl Pts',(5.66025969357159,35.1082602635619,29.9));
#5590=CARTESIAN_POINT('Ctrl Pts',(5.87232555450013,35.3373876886005,29.9));
#5591=CARTESIAN_POINT('Ctrl Pts',(5.97099930399655,35.4440001440048,29.9));
#5592=CARTESIAN_POINT('Ctrl Pts',(4.38100010508298,35.4410002422333,30.));
#5593=CARTESIAN_POINT('Ctrl Pts',(4.38100010508298,35.4410002422333,29.9));
#5594=CARTESIAN_POINT('Ctrl Pts',(4.48033188047819,35.3352801286251,30.));
#5595=CARTESIAN_POINT('Ctrl Pts',(4.48033188047819,35.3352801286251,29.9));
#5596=CARTESIAN_POINT('Ctrl Pts',(4.69491345985513,35.1068981344476,30.));
#5597=CARTESIAN_POINT('Ctrl Pts',(4.69491345985513,35.1068981344476,29.9));
#5598=CARTESIAN_POINT('Ctrl Pts',(5.00985043372307,35.0880977314642,30.));
#5599=CARTESIAN_POINT('Ctrl Pts',(5.00985043372307,35.0880977314642,29.9));
#5600=CARTESIAN_POINT('Ctrl Pts',(5.17900020235776,35.0780002069473,30.));
#5601=CARTESIAN_POINT('Ctrl Pts',(5.17900020235776,35.0780002069473,29.9));
#5602=CARTESIAN_POINT('Ctrl Pts',(4.38100010508298,35.4410002422333,30.));
#5603=CARTESIAN_POINT('Ctrl Pts',(4.48033188047819,35.3352801286251,30.));
#5604=CARTESIAN_POINT('Ctrl Pts',(4.69491345985513,35.1068981344476,30.));
#5605=CARTESIAN_POINT('Ctrl Pts',(5.00985043372307,35.0880977314642,30.));
#5606=CARTESIAN_POINT('Ctrl Pts',(5.17900020235776,35.0780002069473,30.));
#5607=CARTESIAN_POINT('Ctrl Pts',(4.38100010508298,35.4410002422333,29.9));
#5608=CARTESIAN_POINT('Ctrl Pts',(4.48033188047819,35.3352801286251,29.9));
#5609=CARTESIAN_POINT('Ctrl Pts',(4.69491345985513,35.1068981344476,29.9));
#5610=CARTESIAN_POINT('Ctrl Pts',(5.00985043372307,35.0880977314642,29.9));
#5611=CARTESIAN_POINT('Ctrl Pts',(5.17900020235776,35.0780002069473,29.9));
#5612=CARTESIAN_POINT('Ctrl Pts',(6.87099963778256,36.5120000433922,30.));
#5613=CARTESIAN_POINT('Ctrl Pts',(6.87099963778256,36.5120000433922,29.9));
#5614=CARTESIAN_POINT('Ctrl Pts',(6.8626705484504,36.219055912243,30.));
#5615=CARTESIAN_POINT('Ctrl Pts',(6.8626705484504,36.219055912243,29.9));
#5616=CARTESIAN_POINT('Ctrl Pts',(6.84762622192073,35.6899287786274,30.));
#5617=CARTESIAN_POINT('Ctrl Pts',(6.84762622192073,35.6899287786274,29.9));
#5618=CARTESIAN_POINT('Ctrl Pts',(6.58377342783738,35.2336611668337,30.));
#5619=CARTESIAN_POINT('Ctrl Pts',(6.58377342783738,35.2336611668337,29.9));
#5620=CARTESIAN_POINT('Ctrl Pts',(6.46599918955563,35.0299999904633,30.));
#5621=CARTESIAN_POINT('Ctrl Pts',(6.46599918955563,35.0299999904633,29.9));
#5622=CARTESIAN_POINT('',(6.87099963778256,36.5120000433922,29.9));
#5623=CARTESIAN_POINT('',(6.87099963778256,36.5120000433922,30.));
#5624=CARTESIAN_POINT('',(6.46599918955563,35.0299999904633,29.9));
#5625=CARTESIAN_POINT('Ctrl Pts',(6.87099963778256,36.5120000433922,29.9));
#5626=CARTESIAN_POINT('Ctrl Pts',(6.8626705484504,36.219055912243,29.9));
#5627=CARTESIAN_POINT('Ctrl Pts',(6.84762622192073,35.6899287786274,29.9));
#5628=CARTESIAN_POINT('Ctrl Pts',(6.58377342783738,35.2336611668337,29.9));
#5629=CARTESIAN_POINT('Ctrl Pts',(6.46599918955563,35.0299999904633,29.9));
#5630=CARTESIAN_POINT('',(6.46599918955563,35.0299999904633,30.));
#5631=CARTESIAN_POINT('Ctrl Pts',(6.47499949091672,38.0360002112389,30.));
#5632=CARTESIAN_POINT('Ctrl Pts',(6.47499949091672,38.0360002112389,29.9));
#5633=CARTESIAN_POINT('Ctrl Pts',(6.59009838480222,37.8275118464067,30.));
#5634=CARTESIAN_POINT('Ctrl Pts',(6.59009838480222,37.8275118464067,29.9));
#5635=CARTESIAN_POINT('Ctrl Pts',(6.85065669156703,37.355540539933,30.));
#5636=CARTESIAN_POINT('Ctrl Pts',(6.85065669156703,37.355540539933,29.9));
#5637=CARTESIAN_POINT('Ctrl Pts',(6.86371159869072,36.8142058325245,30.));
#5638=CARTESIAN_POINT('Ctrl Pts',(6.86371159869072,36.8142058325245,29.9));
#5639=CARTESIAN_POINT('Ctrl Pts',(6.87099963778256,36.5120000433922,30.));
#5640=CARTESIAN_POINT('Ctrl Pts',(6.87099963778256,36.5120000433922,29.9));
#5641=CARTESIAN_POINT('',(6.47499949091672,38.0360002112389,29.9));
#5642=CARTESIAN_POINT('',(6.47499949091672,38.0360002112389,30.));
#5643=CARTESIAN_POINT('Ctrl Pts',(6.47499949091672,38.0360002112389,29.9));
#5644=CARTESIAN_POINT('Ctrl Pts',(6.59009838480222,37.8275118464067,29.9));
#5645=CARTESIAN_POINT('Ctrl Pts',(6.85065669156703,37.355540539933,29.9));
#5646=CARTESIAN_POINT('Ctrl Pts',(6.86371159869072,36.8142058325245,29.9));
#5647=CARTESIAN_POINT('Ctrl Pts',(6.87099963778256,36.5120000433922,29.9));
#5648=CARTESIAN_POINT('Ctrl Pts',(5.17900020235776,38.5520003032684,30.));
#5649=CARTESIAN_POINT('Ctrl Pts',(5.17900020235776,38.5520003032684,29.9));
#5650=CARTESIAN_POINT('Ctrl Pts',(5.45009734819268,38.5398444089724,30.));
#5651=CARTESIAN_POINT('Ctrl Pts',(5.45009734819268,38.5398444089724,29.9));
#5652=CARTESIAN_POINT('Ctrl Pts',(5.94569677573413,38.5176219166043,30.));
#5653=CARTESIAN_POINT('Ctrl Pts',(5.94569677573413,38.5176219166043,29.9));
#5654=CARTESIAN_POINT('Ctrl Pts',(6.30998159726937,38.186152849936,30.));
#5655=CARTESIAN_POINT('Ctrl Pts',(6.30998159726937,38.186152849936,29.9));
#5656=CARTESIAN_POINT('Ctrl Pts',(6.47499949091672,38.0360002112389,30.));
#5657=CARTESIAN_POINT('Ctrl Pts',(6.47499949091672,38.0360002112389,29.9));
#5658=CARTESIAN_POINT('',(5.17900020235776,38.5520003032684,29.9));
#5659=CARTESIAN_POINT('',(5.17900020235776,38.5520003032684,30.));
#5660=CARTESIAN_POINT('Ctrl Pts',(5.17900020235776,38.5520003032684,29.9));
#5661=CARTESIAN_POINT('Ctrl Pts',(5.45009734819268,38.5398444089724,29.9));
#5662=CARTESIAN_POINT('Ctrl Pts',(5.94569677573413,38.5176219166043,29.9));
#5663=CARTESIAN_POINT('Ctrl Pts',(6.30998159726937,38.186152849936,29.9));
#5664=CARTESIAN_POINT('Ctrl Pts',(6.47499949091672,38.0360002112389,29.9));
#5665=CARTESIAN_POINT('Ctrl Pts',(3.87699991816281,38.0360002112389,30.));
#5666=CARTESIAN_POINT('Ctrl Pts',(3.87699991816281,38.0360002112389,29.9));
#5667=CARTESIAN_POINT('Ctrl Pts',(4.0425525886512,38.1861394627219,30.));
#5668=CARTESIAN_POINT('Ctrl Pts',(4.0425525886512,38.1861394627219,29.9));
#5669=CARTESIAN_POINT('Ctrl Pts',(4.40877644075006,38.5182668447033,30.));
#5670=CARTESIAN_POINT('Ctrl Pts',(4.40877644075006,38.5182668447033,29.9));
#5671=CARTESIAN_POINT('Ctrl Pts',(4.90635411594747,38.5400592337802,30.));
#5672=CARTESIAN_POINT('Ctrl Pts',(4.90635411594747,38.5400592337802,29.9));
#5673=CARTESIAN_POINT('Ctrl Pts',(5.17900020235776,38.5520003032684,30.));
#5674=CARTESIAN_POINT('Ctrl Pts',(5.17900020235776,38.5520003032684,29.9));
#5675=CARTESIAN_POINT('',(3.87699991816281,38.0360002112389,29.9));
#5676=CARTESIAN_POINT('',(3.87699991816281,38.0360002112389,30.));
#5677=CARTESIAN_POINT('Ctrl Pts',(3.87699991816281,38.0360002112389,29.9));
#5678=CARTESIAN_POINT('Ctrl Pts',(4.0425525886512,38.1861394627219,29.9));
#5679=CARTESIAN_POINT('Ctrl Pts',(4.40877644075006,38.5182668447033,29.9));
#5680=CARTESIAN_POINT('Ctrl Pts',(4.90635411594747,38.5400592337802,29.9));
#5681=CARTESIAN_POINT('Ctrl Pts',(5.17900020235776,38.5520003032684,29.9));
#5682=CARTESIAN_POINT('Ctrl Pts',(3.48099977129697,36.5120000433922,30.));
#5683=CARTESIAN_POINT('Ctrl Pts',(3.48099977129697,36.5120000433922,29.9));
#5684=CARTESIAN_POINT('Ctrl Pts',(3.48828781038881,36.8142058325245,30.));
#5685=CARTESIAN_POINT('Ctrl Pts',(3.48828781038881,36.8142058325245,29.9));
#5686=CARTESIAN_POINT('Ctrl Pts',(3.50134271751251,37.355540539933,30.));
#5687=CARTESIAN_POINT('Ctrl Pts',(3.50134271751251,37.355540539933,29.9));
#5688=CARTESIAN_POINT('Ctrl Pts',(3.7619010242773,37.8275118464067,30.));
#5689=CARTESIAN_POINT('Ctrl Pts',(3.7619010242773,37.8275118464067,29.9));
#5690=CARTESIAN_POINT('Ctrl Pts',(3.87699991816281,38.0360002112389,30.));
#5691=CARTESIAN_POINT('Ctrl Pts',(3.87699991816281,38.0360002112389,29.9));
#5692=CARTESIAN_POINT('',(3.48099977129697,36.5120000433922,29.9));
#5693=CARTESIAN_POINT('',(3.48099977129697,36.5120000433922,30.));
#5694=CARTESIAN_POINT('Ctrl Pts',(3.48099977129697,36.5120000433922,29.9));
#5695=CARTESIAN_POINT('Ctrl Pts',(3.48828781038881,36.8142058325245,29.9));
#5696=CARTESIAN_POINT('Ctrl Pts',(3.50134271751251,37.355540539933,29.9));
#5697=CARTESIAN_POINT('Ctrl Pts',(3.7619010242773,37.8275118464067,29.9));
#5698=CARTESIAN_POINT('Ctrl Pts',(3.87699991816281,38.0360002112389,29.9));
#5699=CARTESIAN_POINT('Ctrl Pts',(3.8860002195239,35.0299999904633,30.));
#5700=CARTESIAN_POINT('Ctrl Pts',(3.8860002195239,35.0299999904633,29.9));
#5701=CARTESIAN_POINT('Ctrl Pts',(3.76822598124215,35.2336611668337,30.));
#5702=CARTESIAN_POINT('Ctrl Pts',(3.76822598124215,35.2336611668337,29.9));
#5703=CARTESIAN_POINT('Ctrl Pts',(3.5043731871588,35.6899287786274,30.));
#5704=CARTESIAN_POINT('Ctrl Pts',(3.5043731871588,35.6899287786274,29.9));
#5705=CARTESIAN_POINT('Ctrl Pts',(3.48932886062913,36.219055912243,30.));
#5706=CARTESIAN_POINT('Ctrl Pts',(3.48932886062913,36.219055912243,29.9));
#5707=CARTESIAN_POINT('Ctrl Pts',(3.48099977129697,36.5120000433922,30.));
#5708=CARTESIAN_POINT('Ctrl Pts',(3.48099977129697,36.5120000433922,29.9));
#5709=CARTESIAN_POINT('',(3.8860002195239,35.0299999904633,29.9));
#5710=CARTESIAN_POINT('',(3.8860002195239,35.0299999904633,30.));
#5711=CARTESIAN_POINT('Ctrl Pts',(3.8860002195239,35.0299999904633,29.9));
#5712=CARTESIAN_POINT('Ctrl Pts',(3.76822598124215,35.2336611668337,29.9));
#5713=CARTESIAN_POINT('Ctrl Pts',(3.5043731871588,35.6899287786274,29.9));
#5714=CARTESIAN_POINT('Ctrl Pts',(3.48932886062913,36.219055912243,29.9));
#5715=CARTESIAN_POINT('Ctrl Pts',(3.48099977129697,36.5120000433922,29.9));
#5716=CARTESIAN_POINT('Ctrl Pts',(5.17900020235776,34.52,30.));
#5717=CARTESIAN_POINT('Ctrl Pts',(5.17900020235776,34.52,29.9));
#5718=CARTESIAN_POINT('Ctrl Pts',(4.9106933734726,34.5325358871484,30.));
#5719=CARTESIAN_POINT('Ctrl Pts',(4.9106933734726,34.5325358871484,29.9));
#5720=CARTESIAN_POINT('Ctrl Pts',(4.41809938992517,34.5555509651223,30.));
#5721=CARTESIAN_POINT('Ctrl Pts',(4.41809938992517,34.5555509651223,29.9));
#5722=CARTESIAN_POINT('Ctrl Pts',(4.05247552842308,34.8815614052443,30.));
#5723=CARTESIAN_POINT('Ctrl Pts',(4.05247552842308,34.8815614052443,29.9));
#5724=CARTESIAN_POINT('Ctrl Pts',(3.8860002195239,35.0299999904633,30.));
#5725=CARTESIAN_POINT('Ctrl Pts',(3.8860002195239,35.0299999904633,29.9));
#5726=CARTESIAN_POINT('',(5.17900020235776,34.52,29.9));
#5727=CARTESIAN_POINT('',(5.17900020235776,34.52,30.));
#5728=CARTESIAN_POINT('Ctrl Pts',(5.17900020235776,34.52,29.9));
#5729=CARTESIAN_POINT('Ctrl Pts',(4.9106933734726,34.5325358871484,29.9));
#5730=CARTESIAN_POINT('Ctrl Pts',(4.41809938992517,34.5555509651223,29.9));
#5731=CARTESIAN_POINT('Ctrl Pts',(4.05247552842308,34.8815614052443,29.9));
#5732=CARTESIAN_POINT('Ctrl Pts',(3.8860002195239,35.0299999904633,29.9));
#5733=CARTESIAN_POINT('Ctrl Pts',(6.46599918955563,35.0299999904633,30.));
#5734=CARTESIAN_POINT('Ctrl Pts',(6.46599918955563,35.0299999904633,29.9));
#5735=CARTESIAN_POINT('Ctrl Pts',(6.30005755044611,34.8815490084202,30.));
#5736=CARTESIAN_POINT('Ctrl Pts',(6.30005755044611,34.8815490084202,29.9));
#5737=CARTESIAN_POINT('Ctrl Pts',(5.9363702318369,34.5561952280558,30.));
#5738=CARTESIAN_POINT('Ctrl Pts',(5.9363702318369,34.5561952280558,29.9));
#5739=CARTESIAN_POINT('Ctrl Pts',(5.44575803742715,34.5327485380992,30.));
#5740=CARTESIAN_POINT('Ctrl Pts',(5.44575803742715,34.5327485380992,29.9));
#5741=CARTESIAN_POINT('Ctrl Pts',(5.17900020235776,34.52,30.));
#5742=CARTESIAN_POINT('Ctrl Pts',(5.17900020235776,34.52,29.9));
#5743=CARTESIAN_POINT('Ctrl Pts',(6.46599918955563,35.0299999904633,29.9));
#5744=CARTESIAN_POINT('Ctrl Pts',(6.30005755044611,34.8815490084202,29.9));
#5745=CARTESIAN_POINT('Ctrl Pts',(5.9363702318369,34.5561952280558,29.9));
#5746=CARTESIAN_POINT('Ctrl Pts',(5.44575803742715,34.5327485380992,29.9));
#5747=CARTESIAN_POINT('Ctrl Pts',(5.17900020235776,34.52,29.9));
#5748=CARTESIAN_POINT('Origin',(0.00999981889127683,36.5360001516342,29.9));
#5749=CARTESIAN_POINT('Origin',(-6.1969999933839,38.0000001978874,30.));
#5750=CARTESIAN_POINT('',(-6.1969999933839,38.0000001978874,30.));
#5751=CARTESIAN_POINT('',(-6.1969999933839,36.8420002651215,30.));
#5752=CARTESIAN_POINT('',(-6.1969999933839,19.0000000989437,30.));
#5753=CARTESIAN_POINT('',(-6.1969999933839,38.0000001978874,29.9));
#5754=CARTESIAN_POINT('',(-6.1969999933839,38.0000001978874,30.));
#5755=CARTESIAN_POINT('',(-6.1969999933839,36.8420002651215,29.9));
#5756=CARTESIAN_POINT('',(-6.1969999933839,38.0000001978874,29.9));
#5757=CARTESIAN_POINT('',(-6.1969999933839,36.8420002651215,30.));
#5758=CARTESIAN_POINT('Origin',(-5.14099999910594,38.0000001978874,30.));
#5759=CARTESIAN_POINT('',(-5.14099999910594,38.0000001978874,30.));
#5760=CARTESIAN_POINT('',(-2.57049999955297,38.0000001978874,30.));
#5761=CARTESIAN_POINT('',(-5.14099999910594,38.0000001978874,29.9));
#5762=CARTESIAN_POINT('',(-5.14099999910594,38.0000001978874,30.));
#5763=CARTESIAN_POINT('',(-5.14099999910594,38.0000001978874,29.9));
#5764=CARTESIAN_POINT('Ctrl Pts',(-4.60699975138904,37.8590000462532,30.));
#5765=CARTESIAN_POINT('Ctrl Pts',(-4.60699975138904,37.8590000462532,29.9));
#5766=CARTESIAN_POINT('Ctrl Pts',(-4.67483860822706,37.899844777565,30.));
#5767=CARTESIAN_POINT('Ctrl Pts',(-4.67483860822706,37.899844777565,29.9));
#5768=CARTESIAN_POINT('Ctrl Pts',(-4.83768214964174,37.9978903668477,30.));
#5769=CARTESIAN_POINT('Ctrl Pts',(-4.83768214964174,37.9978903668477,29.9));
#5770=CARTESIAN_POINT('Ctrl Pts',(-5.02924194258248,37.9992228265029,30.));
#5771=CARTESIAN_POINT('Ctrl Pts',(-5.02924194258248,37.9992228265029,29.9));
#5772=CARTESIAN_POINT('Ctrl Pts',(-5.14099999910594,38.0000001978874,30.));
#5773=CARTESIAN_POINT('Ctrl Pts',(-5.14099999910594,38.0000001978874,29.9));
#5774=CARTESIAN_POINT('',(-4.60699975138904,37.8590000462532,30.));
#5775=CARTESIAN_POINT('Ctrl Pts',(-4.60699975138904,37.8590000462532,30.));
#5776=CARTESIAN_POINT('Ctrl Pts',(-4.67483860822706,37.899844777565,30.));
#5777=CARTESIAN_POINT('Ctrl Pts',(-4.83768214964174,37.9978903668477,30.));
#5778=CARTESIAN_POINT('Ctrl Pts',(-5.02924194258248,37.9992228265029,30.));
#5779=CARTESIAN_POINT('Ctrl Pts',(-5.14099999910594,38.0000001978874,30.));
#5780=CARTESIAN_POINT('',(-4.60699975138904,37.8590000462532,29.9));
#5781=CARTESIAN_POINT('',(-4.60699975138904,37.8590000462532,30.));
#5782=CARTESIAN_POINT('Ctrl Pts',(-4.60699975138904,37.8590000462532,29.9));
#5783=CARTESIAN_POINT('Ctrl Pts',(-4.67483860822706,37.899844777565,29.9));
#5784=CARTESIAN_POINT('Ctrl Pts',(-4.83768214964174,37.9978903668477,29.9));
#5785=CARTESIAN_POINT('Ctrl Pts',(-5.02924194258248,37.9992228265029,29.9));
#5786=CARTESIAN_POINT('Ctrl Pts',(-5.14099999910594,38.0000001978874,29.9));
#5787=CARTESIAN_POINT('Ctrl Pts',(-4.45699989444018,37.4060002756119,30.));
#5788=CARTESIAN_POINT('Ctrl Pts',(-4.45699989444018,37.4060002756119,29.9));
#5789=CARTESIAN_POINT('Ctrl Pts',(-4.45978866641727,37.4992279355891,30.));
#5790=CARTESIAN_POINT('Ctrl Pts',(-4.45978866641727,37.4992279355891,29.9));
#5791=CARTESIAN_POINT('Ctrl Pts',(-4.46478767654867,37.6663430746475,30.));
#5792=CARTESIAN_POINT('Ctrl Pts',(-4.46478767654867,37.6663430746475,29.9));
#5793=CARTESIAN_POINT('Ctrl Pts',(-4.56339984452505,37.7999345553085,30.));
#5794=CARTESIAN_POINT('Ctrl Pts',(-4.56339984452505,37.7999345553085,29.9));
#5795=CARTESIAN_POINT('Ctrl Pts',(-4.60699975138904,37.8590000462532,30.));
#5796=CARTESIAN_POINT('Ctrl Pts',(-4.60699975138904,37.8590000462532,29.9));
#5797=CARTESIAN_POINT('',(-4.45699989444018,37.4060002756119,30.));
#5798=CARTESIAN_POINT('Ctrl Pts',(-4.45699989444018,37.4060002756119,30.));
#5799=CARTESIAN_POINT('Ctrl Pts',(-4.45978866641727,37.4992279355891,30.));
#5800=CARTESIAN_POINT('Ctrl Pts',(-4.46478767654867,37.6663430746475,30.));
#5801=CARTESIAN_POINT('Ctrl Pts',(-4.56339984452505,37.7999345553085,30.));
#5802=CARTESIAN_POINT('Ctrl Pts',(-4.60699975138904,37.8590000462532,30.));
#5803=CARTESIAN_POINT('',(-4.45699989444018,37.4060002756119,29.9));
#5804=CARTESIAN_POINT('',(-4.45699989444018,37.4060002756119,30.));
#5805=CARTESIAN_POINT('Ctrl Pts',(-4.45699989444018,37.4060002756119,29.9));
#5806=CARTESIAN_POINT('Ctrl Pts',(-4.45978866641727,37.4992279355891,29.9));
#5807=CARTESIAN_POINT('Ctrl Pts',(-4.46478767654867,37.6663430746475,29.9));
#5808=CARTESIAN_POINT('Ctrl Pts',(-4.56339984452505,37.7999345553085,29.9));
#5809=CARTESIAN_POINT('Ctrl Pts',(-4.60699975138904,37.8590000462532,29.9));
#5810=CARTESIAN_POINT('Ctrl Pts',(-5.06899997240306,36.8420002651215,30.));
#5811=CARTESIAN_POINT('Ctrl Pts',(-5.06899997240306,36.8420002651215,29.9));
#5812=CARTESIAN_POINT('Ctrl Pts',(-4.89055611368217,36.8622775531553,30.));
#5813=CARTESIAN_POINT('Ctrl Pts',(-4.89055611368217,36.8622775531553,29.9));
#5814=CARTESIAN_POINT('Ctrl Pts',(-4.54494689073131,36.9015505088689,30.));
#5815=CARTESIAN_POINT('Ctrl Pts',(-4.54494689073131,36.9015505088689,29.9));
#5816=CARTESIAN_POINT('Ctrl Pts',(-4.48567076081203,37.2415488166249,30.));
#5817=CARTESIAN_POINT('Ctrl Pts',(-4.48567076081203,37.2415488166249,29.9));
#5818=CARTESIAN_POINT('Ctrl Pts',(-4.45699989444018,37.4060002756119,30.));
#5819=CARTESIAN_POINT('Ctrl Pts',(-4.45699989444018,37.4060002756119,29.9));
#5820=CARTESIAN_POINT('',(-5.06899997240306,36.8420002651215,30.));
#5821=CARTESIAN_POINT('Ctrl Pts',(-5.06899997240306,36.8420002651215,30.));
#5822=CARTESIAN_POINT('Ctrl Pts',(-4.89055611368217,36.8622775531553,30.));
#5823=CARTESIAN_POINT('Ctrl Pts',(-4.54494689073131,36.9015505088689,30.));
#5824=CARTESIAN_POINT('Ctrl Pts',(-4.48567076081203,37.2415488166249,30.));
#5825=CARTESIAN_POINT('Ctrl Pts',(-4.45699989444018,37.4060002756119,30.));
#5826=CARTESIAN_POINT('',(-5.06899997240306,36.8420002651215,29.9));
#5827=CARTESIAN_POINT('',(-5.06899997240306,36.8420002651215,30.));
#5828=CARTESIAN_POINT('Ctrl Pts',(-5.06899997240306,36.8420002651215,29.9));
#5829=CARTESIAN_POINT('Ctrl Pts',(-4.89055611368217,36.8622775531553,29.9));
#5830=CARTESIAN_POINT('Ctrl Pts',(-4.54494689073131,36.9015505088689,29.9));
#5831=CARTESIAN_POINT('Ctrl Pts',(-4.48567076081203,37.2415488166249,29.9));
#5832=CARTESIAN_POINT('Ctrl Pts',(-4.45699989444018,37.4060002756119,29.9));
#5833=CARTESIAN_POINT('Origin',(-6.1969999933839,36.8420002651215,30.));
#5834=CARTESIAN_POINT('',(-3.09849999669195,36.8420002651215,30.));
#5835=CARTESIAN_POINT('',(-6.1969999933839,36.8420002651215,29.9));
#5836=CARTESIAN_POINT('Origin',(-6.1969999933839,36.3620001864433,30.));
#5837=CARTESIAN_POINT('',(-6.1969999933839,36.3620001864433,30.));
#5838=CARTESIAN_POINT('',(-6.1969999933839,35.1079998207092,30.));
#5839=CARTESIAN_POINT('',(-6.1969999933839,18.1810000932217,30.));
#5840=CARTESIAN_POINT('',(-6.1969999933839,36.3620001864433,29.9));
#5841=CARTESIAN_POINT('',(-6.1969999933839,36.3620001864433,30.));
#5842=CARTESIAN_POINT('',(-6.1969999933839,35.1079998207092,29.9));
#5843=CARTESIAN_POINT('',(-6.1969999933839,36.3620001864433,29.9));
#5844=CARTESIAN_POINT('',(-6.1969999933839,35.1079998207092,30.));
#5845=CARTESIAN_POINT('Origin',(-5.09899988418819,36.3620001864433,30.));
#5846=CARTESIAN_POINT('',(-5.09899988418819,36.3620001864433,30.));
#5847=CARTESIAN_POINT('',(-2.54949994209409,36.3620001864433,30.));
#5848=CARTESIAN_POINT('',(-5.09899988418819,36.3620001864433,29.9));
#5849=CARTESIAN_POINT('',(-5.09899988418819,36.3620001864433,30.));
#5850=CARTESIAN_POINT('',(-5.09899988418819,36.3620001864433,29.9));
#5851=CARTESIAN_POINT('Ctrl Pts',(-4.5259997213483,36.2179998350143,30.));
#5852=CARTESIAN_POINT('Ctrl Pts',(-4.5259997213483,36.2179998350143,29.9));
#5853=CARTESIAN_POINT('Ctrl Pts',(-4.59963741920549,36.2597197445412,30.));
#5854=CARTESIAN_POINT('Ctrl Pts',(-4.59963741920549,36.2597197445412,29.9));
#5855=CARTESIAN_POINT('Ctrl Pts',(-4.77600155064593,36.3596399731958,30.));
#5856=CARTESIAN_POINT('Ctrl Pts',(-4.77600155064593,36.3596399731958,29.9));
#5857=CARTESIAN_POINT('Ctrl Pts',(-4.9801120713547,36.3611314494819,30.));
#5858=CARTESIAN_POINT('Ctrl Pts',(-4.9801120713547,36.3611314494819,29.9));
#5859=CARTESIAN_POINT('Ctrl Pts',(-5.09899988418819,36.3620001864433,30.));
#5860=CARTESIAN_POINT('Ctrl Pts',(-5.09899988418819,36.3620001864433,29.9));
#5861=CARTESIAN_POINT('',(-4.5259997213483,36.2179998350143,30.));
#5862=CARTESIAN_POINT('Ctrl Pts',(-4.5259997213483,36.2179998350143,30.));
#5863=CARTESIAN_POINT('Ctrl Pts',(-4.59963741920549,36.2597197445412,30.));
#5864=CARTESIAN_POINT('Ctrl Pts',(-4.77600155064593,36.3596399731958,30.));
#5865=CARTESIAN_POINT('Ctrl Pts',(-4.9801120713547,36.3611314494819,30.));
#5866=CARTESIAN_POINT('Ctrl Pts',(-5.09899988418819,36.3620001864433,30.));
#5867=CARTESIAN_POINT('',(-4.5259997213483,36.2179998350143,29.9));
#5868=CARTESIAN_POINT('',(-4.5259997213483,36.2179998350143,30.));
#5869=CARTESIAN_POINT('Ctrl Pts',(-4.5259997213483,36.2179998350143,29.9));
#5870=CARTESIAN_POINT('Ctrl Pts',(-4.59963741920549,36.2597197445412,29.9));
#5871=CARTESIAN_POINT('Ctrl Pts',(-4.77600155064593,36.3596399731958,29.9));
#5872=CARTESIAN_POINT('Ctrl Pts',(-4.9801120713547,36.3611314494819,29.9));
#5873=CARTESIAN_POINT('Ctrl Pts',(-5.09899988418819,36.3620001864433,29.9));
#5874=CARTESIAN_POINT('Ctrl Pts',(-4.36099975949527,35.7680002641678,30.));
#5875=CARTESIAN_POINT('Ctrl Pts',(-4.36099975949527,35.7680002641678,29.9));
#5876=CARTESIAN_POINT('Ctrl Pts',(-4.36485864387899,35.8603646153244,30.));
#5877=CARTESIAN_POINT('Ctrl Pts',(-4.36485864387899,35.8603646153244,29.9));
#5878=CARTESIAN_POINT('Ctrl Pts',(-4.37190819690611,36.0290992356308,30.));
#5879=CARTESIAN_POINT('Ctrl Pts',(-4.37190819690611,36.0290992356308,29.9));
#5880=CARTESIAN_POINT('Ctrl Pts',(-4.47798757756175,36.1591418103969,30.));
#5881=CARTESIAN_POINT('Ctrl Pts',(-4.47798757756175,36.1591418103969,29.9));
#5882=CARTESIAN_POINT('Ctrl Pts',(-4.5259997213483,36.2179998350143,30.));
#5883=CARTESIAN_POINT('Ctrl Pts',(-4.5259997213483,36.2179998350143,29.9));
#5884=CARTESIAN_POINT('',(-4.36099975949527,35.7680002641678,30.));
#5885=CARTESIAN_POINT('Ctrl Pts',(-4.36099975949527,35.7680002641678,30.));
#5886=CARTESIAN_POINT('Ctrl Pts',(-4.36485864387899,35.8603646153244,30.));
#5887=CARTESIAN_POINT('Ctrl Pts',(-4.37190819690611,36.0290992356308,30.));
#5888=CARTESIAN_POINT('Ctrl Pts',(-4.47798757756175,36.1591418103969,30.));
#5889=CARTESIAN_POINT('Ctrl Pts',(-4.5259997213483,36.2179998350143,30.));
#5890=CARTESIAN_POINT('',(-4.36099975949527,35.7680002641678,29.9));
#5891=CARTESIAN_POINT('',(-4.36099975949527,35.7680002641678,30.));
#5892=CARTESIAN_POINT('Ctrl Pts',(-4.36099975949527,35.7680002641678,29.9));
#5893=CARTESIAN_POINT('Ctrl Pts',(-4.36485864387899,35.8603646153244,29.9));
#5894=CARTESIAN_POINT('Ctrl Pts',(-4.37190819690611,36.0290992356308,29.9));
#5895=CARTESIAN_POINT('Ctrl Pts',(-4.47798757756175,36.1591418103969,29.9));
#5896=CARTESIAN_POINT('Ctrl Pts',(-4.5259997213483,36.2179998350143,29.9));
#5897=CARTESIAN_POINT('Ctrl Pts',(-4.5199999178052,35.2580002737045,30.));
#5898=CARTESIAN_POINT('Ctrl Pts',(-4.5199999178052,35.2580002737045,29.9));
#5899=CARTESIAN_POINT('Ctrl Pts',(-4.47384570202456,35.3233038188007,30.));
#5900=CARTESIAN_POINT('Ctrl Pts',(-4.47384570202456,35.3233038188007,29.9));
#5901=CARTESIAN_POINT('Ctrl Pts',(-4.36679656003334,35.4747675226746,30.));
#5902=CARTESIAN_POINT('Ctrl Pts',(-4.36679656003334,35.4747675226746,29.9));
#5903=CARTESIAN_POINT('Ctrl Pts',(-4.36310162438876,35.6616768533624,30.));
#5904=CARTESIAN_POINT('Ctrl Pts',(-4.36310162438876,35.6616768533624,29.9));
#5905=CARTESIAN_POINT('Ctrl Pts',(-4.36099975949527,35.7680002641678,30.));
#5906=CARTESIAN_POINT('Ctrl Pts',(-4.36099975949527,35.7680002641678,29.9));
#5907=CARTESIAN_POINT('',(-4.5199999178052,35.2580002737045,30.));
#5908=CARTESIAN_POINT('Ctrl Pts',(-4.5199999178052,35.2580002737045,30.));
#5909=CARTESIAN_POINT('Ctrl Pts',(-4.47384570202456,35.3233038188007,30.));
#5910=CARTESIAN_POINT('Ctrl Pts',(-4.36679656003334,35.4747675226746,30.));
#5911=CARTESIAN_POINT('Ctrl Pts',(-4.36310162438876,35.6616768533624,30.));
#5912=CARTESIAN_POINT('Ctrl Pts',(-4.36099975949527,35.7680002641678,30.));
#5913=CARTESIAN_POINT('',(-4.5199999178052,35.2580002737045,29.9));
#5914=CARTESIAN_POINT('',(-4.5199999178052,35.2580002737045,30.));
#5915=CARTESIAN_POINT('Ctrl Pts',(-4.5199999178052,35.2580002737045,29.9));
#5916=CARTESIAN_POINT('Ctrl Pts',(-4.47384570202456,35.3233038188007,29.9));
#5917=CARTESIAN_POINT('Ctrl Pts',(-4.36679656003334,35.4747675226746,29.9));
#5918=CARTESIAN_POINT('Ctrl Pts',(-4.36310162438876,35.6616768533624,29.9));
#5919=CARTESIAN_POINT('Ctrl Pts',(-4.36099975949527,35.7680002641678,29.9));
#5920=CARTESIAN_POINT('Ctrl Pts',(-5.03299995905162,35.1079998207092,30.));
#5921=CARTESIAN_POINT('Ctrl Pts',(-5.03299995905162,35.1079998207092,29.9));
#5922=CARTESIAN_POINT('Ctrl Pts',(-4.9279686584835,35.1102307756215,30.));
#5923=CARTESIAN_POINT('Ctrl Pts',(-4.9279686584835,35.1102307756215,29.9));
#5924=CARTESIAN_POINT('Ctrl Pts',(-4.74225275276747,35.1141755407525,30.));
#5925=CARTESIAN_POINT('Ctrl Pts',(-4.74225275276747,35.1141755407525,29.9));
#5926=CARTESIAN_POINT('Ctrl Pts',(-4.58731353583762,35.2144401403132,30.));
#5927=CARTESIAN_POINT('Ctrl Pts',(-4.58731353583762,35.2144401403132,29.9));
#5928=CARTESIAN_POINT('Ctrl Pts',(-4.5199999178052,35.2580002737045,30.));
#5929=CARTESIAN_POINT('Ctrl Pts',(-4.5199999178052,35.2580002737045,29.9));
#5930=CARTESIAN_POINT('',(-5.03299995905162,35.1079998207092,30.));
#5931=CARTESIAN_POINT('Ctrl Pts',(-5.03299995905162,35.1079998207092,30.));
#5932=CARTESIAN_POINT('Ctrl Pts',(-4.9279686584835,35.1102307756215,30.));
#5933=CARTESIAN_POINT('Ctrl Pts',(-4.74225275276747,35.1141755407525,30.));
#5934=CARTESIAN_POINT('Ctrl Pts',(-4.58731353583762,35.2144401403132,30.));
#5935=CARTESIAN_POINT('Ctrl Pts',(-4.5199999178052,35.2580002737045,30.));
#5936=CARTESIAN_POINT('',(-5.03299995905162,35.1079998207092,29.9));
#5937=CARTESIAN_POINT('',(-5.03299995905162,35.1079998207092,30.));
#5938=CARTESIAN_POINT('Ctrl Pts',(-5.03299995905162,35.1079998207092,29.9));
#5939=CARTESIAN_POINT('Ctrl Pts',(-4.9279686584835,35.1102307756215,29.9));
#5940=CARTESIAN_POINT('Ctrl Pts',(-4.74225275276747,35.1141755407525,29.9));
#5941=CARTESIAN_POINT('Ctrl Pts',(-4.58731353583762,35.2144401403132,29.9));
#5942=CARTESIAN_POINT('Ctrl Pts',(-4.5199999178052,35.2580002737045,29.9));
#5943=CARTESIAN_POINT('Origin',(-6.1969999933839,35.1079998207092,30.));
#5944=CARTESIAN_POINT('',(-3.09849999669195,35.1079998207092,30.));
#5945=CARTESIAN_POINT('',(-6.1969999933839,35.1079998207092,29.9));
#5946=CARTESIAN_POINT('Origin',(-4.89500000721217,34.6280000400543,30.));
#5947=CARTESIAN_POINT('',(-4.89500000721217,34.6280000400543,29.9));
#5948=CARTESIAN_POINT('',(-4.89500000721217,34.6280000400543,30.));
#5949=CARTESIAN_POINT('',(-6.85100000000001,34.6280000400543,29.9));
#5950=CARTESIAN_POINT('',(-4.89500000721217,34.6280000400543,29.9));
#5951=CARTESIAN_POINT('',(-6.85100000000001,34.6280000400543,30.));
#5952=CARTESIAN_POINT('Ctrl Pts',(-4.00399982577563,34.9069998455048,30.));
#5953=CARTESIAN_POINT('Ctrl Pts',(-4.00399982577563,34.9069998455048,29.9));
#5954=CARTESIAN_POINT('Ctrl Pts',(-4.12493895279433,34.8258263486732,30.));
#5955=CARTESIAN_POINT('Ctrl Pts',(-4.12493895279433,34.8258263486732,29.9));
#5956=CARTESIAN_POINT('Ctrl Pts',(-4.39295271090911,34.6459373873299,30.));
#5957=CARTESIAN_POINT('Ctrl Pts',(-4.39295271090911,34.6459373873299,29.9));
#5958=CARTESIAN_POINT('Ctrl Pts',(-4.71711398867782,34.6343556231108,30.));
#5959=CARTESIAN_POINT('Ctrl Pts',(-4.71711398867782,34.6343556231108,29.9));
#5960=CARTESIAN_POINT('Ctrl Pts',(-4.89500000721217,34.6280000400543,30.));
#5961=CARTESIAN_POINT('Ctrl Pts',(-4.89500000721217,34.6280000400543,29.9));
#5962=CARTESIAN_POINT('',(-4.00399982577563,34.9069998455048,29.9));
#5963=CARTESIAN_POINT('',(-4.00399982577563,34.9069998455048,30.));
#5964=CARTESIAN_POINT('Ctrl Pts',(-4.00399982577563,34.9069998455048,29.9));
#5965=CARTESIAN_POINT('Ctrl Pts',(-4.12493895279433,34.8258263486732,29.9));
#5966=CARTESIAN_POINT('Ctrl Pts',(-4.39295271090911,34.6459373873299,29.9));
#5967=CARTESIAN_POINT('Ctrl Pts',(-4.71711398867782,34.6343556231108,29.9));
#5968=CARTESIAN_POINT('Ctrl Pts',(-4.89500000721217,34.6280000400543,29.9));
#5969=CARTESIAN_POINT('Ctrl Pts',(-3.70099961405993,35.7439998579025,30.));
#5970=CARTESIAN_POINT('Ctrl Pts',(-3.70099961405993,35.7439998579025,29.9));
#5971=CARTESIAN_POINT('Ctrl Pts',(-3.70870136571644,35.5745300379508,30.));
#5972=CARTESIAN_POINT('Ctrl Pts',(-3.70870136571644,35.5745300379508,29.9));
#5973=CARTESIAN_POINT('Ctrl Pts',(-3.72289160768354,35.2622870757663,30.));
#5974=CARTESIAN_POINT('Ctrl Pts',(-3.72289160768354,35.2622870757663,29.9));
#5975=CARTESIAN_POINT('Ctrl Pts',(-3.91579480794255,35.0184804585362,30.));
#5976=CARTESIAN_POINT('Ctrl Pts',(-3.91579480794255,35.0184804585362,29.9));
#5977=CARTESIAN_POINT('Ctrl Pts',(-4.00399982577563,34.9069998455048,30.));
#5978=CARTESIAN_POINT('Ctrl Pts',(-4.00399982577563,34.9069998455048,29.9));
#5979=CARTESIAN_POINT('',(-3.70099961405993,35.7439998579025,29.9));
#5980=CARTESIAN_POINT('',(-3.70099961405993,35.7439998579025,30.));
#5981=CARTESIAN_POINT('Ctrl Pts',(-3.70099961405993,35.7439998579025,29.9));
#5982=CARTESIAN_POINT('Ctrl Pts',(-3.70870136571644,35.5745300379508,29.9));
#5983=CARTESIAN_POINT('Ctrl Pts',(-3.72289160768354,35.2622870757663,29.9));
#5984=CARTESIAN_POINT('Ctrl Pts',(-3.91579480794255,35.0184804585362,29.9));
#5985=CARTESIAN_POINT('Ctrl Pts',(-4.00399982577563,34.9069998455048,29.9));
#5986=CARTESIAN_POINT('Ctrl Pts',(-3.85999977236987,36.3229999732971,30.));
#5987=CARTESIAN_POINT('Ctrl Pts',(-3.85999977236987,36.3229999732971,29.9));
#5988=CARTESIAN_POINT('Ctrl Pts',(-3.81373361567691,36.2421497993664,30.));
#5989=CARTESIAN_POINT('Ctrl Pts',(-3.81373361567691,36.2421497993664,29.9));
#5990=CARTESIAN_POINT('Ctrl Pts',(-3.71150427046963,36.0635038747505,30.));
#5991=CARTESIAN_POINT('Ctrl Pts',(-3.71150427046963,36.0635038747505,29.9));
#5992=CARTESIAN_POINT('Ctrl Pts',(-3.70471580756859,35.8570296141451,30.));
#5993=CARTESIAN_POINT('Ctrl Pts',(-3.70471580756859,35.8570296141451,29.9));
#5994=CARTESIAN_POINT('Ctrl Pts',(-3.70099961405993,35.7439998579025,30.));
#5995=CARTESIAN_POINT('Ctrl Pts',(-3.70099961405993,35.7439998579025,29.9));
#5996=CARTESIAN_POINT('',(-3.85999977236987,36.3229999732971,29.9));
#5997=CARTESIAN_POINT('',(-3.85999977236987,36.3229999732971,30.));
#5998=CARTESIAN_POINT('Ctrl Pts',(-3.85999977236987,36.3229999732971,29.9));
#5999=CARTESIAN_POINT('Ctrl Pts',(-3.81373361567691,36.2421497993664,29.9));
#6000=CARTESIAN_POINT('Ctrl Pts',(-3.71150427046963,36.0635038747505,29.9));
#6001=CARTESIAN_POINT('Ctrl Pts',(-3.70471580756859,35.8570296141451,29.9));
#6002=CARTESIAN_POINT('Ctrl Pts',(-3.70099961405993,35.7439998579025,29.9));
#6003=CARTESIAN_POINT('Ctrl Pts',(-4.31299984103442,36.6139999818802,30.));
#6004=CARTESIAN_POINT('Ctrl Pts',(-4.31299984103442,36.6139999818802,29.9));
#6005=CARTESIAN_POINT('Ctrl Pts',(-4.22187546397045,36.5824561099445,30.));
#6006=CARTESIAN_POINT('Ctrl Pts',(-4.22187546397045,36.5824561099445,29.9));
#6007=CARTESIAN_POINT('Ctrl Pts',(-4.04707284614601,36.5219459416631,30.));
#6008=CARTESIAN_POINT('Ctrl Pts',(-4.04707284614601,36.5219459416631,29.9));
#6009=CARTESIAN_POINT('Ctrl Pts',(-3.92056110674852,36.3874049305168,30.));
#6010=CARTESIAN_POINT('Ctrl Pts',(-3.92056110674852,36.3874049305168,29.9));
#6011=CARTESIAN_POINT('Ctrl Pts',(-3.85999977236987,36.3229999732971,30.));
#6012=CARTESIAN_POINT('Ctrl Pts',(-3.85999977236987,36.3229999732971,29.9));
#6013=CARTESIAN_POINT('',(-4.31299984103442,36.6139999818802,29.9));
#6014=CARTESIAN_POINT('',(-4.31299984103442,36.6139999818802,30.));
#6015=CARTESIAN_POINT('Ctrl Pts',(-4.31299984103442,36.6139999818802,29.9));
#6016=CARTESIAN_POINT('Ctrl Pts',(-4.22187546397045,36.5824561099445,29.9));
#6017=CARTESIAN_POINT('Ctrl Pts',(-4.04707284614601,36.5219459416631,29.9));
#6018=CARTESIAN_POINT('Ctrl Pts',(-3.92056110674852,36.3874049305168,29.9));
#6019=CARTESIAN_POINT('Ctrl Pts',(-3.85999977236987,36.3229999732971,29.9));
#6020=CARTESIAN_POINT('Ctrl Pts',(-3.97399961596728,36.9410000038147,30.));
#6021=CARTESIAN_POINT('Ctrl Pts',(-3.97399961596728,36.9410000038147,29.9));
#6022=CARTESIAN_POINT('Ctrl Pts',(-4.0188072004456,36.8741606804697,30.));
#6023=CARTESIAN_POINT('Ctrl Pts',(-4.0188072004456,36.8741606804697,29.9));
#6024=CARTESIAN_POINT('Ctrl Pts',(-4.10825530872241,36.740731237635,30.));
#6025=CARTESIAN_POINT('Ctrl Pts',(-4.10825530872241,36.740731237635,29.9));
#6026=CARTESIAN_POINT('Ctrl Pts',(-4.2448366938248,36.6561911024172,30.));
#6027=CARTESIAN_POINT('Ctrl Pts',(-4.2448366938248,36.6561911024172,29.9));
#6028=CARTESIAN_POINT('Ctrl Pts',(-4.31299984103442,36.6139999818802,30.));
#6029=CARTESIAN_POINT('Ctrl Pts',(-4.31299984103442,36.6139999818802,29.9));
#6030=CARTESIAN_POINT('',(-3.97399961596728,36.9410000038147,29.9));
#6031=CARTESIAN_POINT('',(-3.97399961596728,36.9410000038147,30.));
#6032=CARTESIAN_POINT('Ctrl Pts',(-3.97399961596728,36.9410000038147,29.9));
#6033=CARTESIAN_POINT('Ctrl Pts',(-4.0188072004456,36.8741606804697,29.9));
#6034=CARTESIAN_POINT('Ctrl Pts',(-4.10825530872241,36.740731237635,29.9));
#6035=CARTESIAN_POINT('Ctrl Pts',(-4.2448366938248,36.6561911024172,29.9));
#6036=CARTESIAN_POINT('Ctrl Pts',(-4.31299984103442,36.6139999818802,29.9));
#6037=CARTESIAN_POINT('Ctrl Pts',(-3.85099976903201,37.460000295639,30.));
#6038=CARTESIAN_POINT('Ctrl Pts',(-3.85099976903201,37.460000295639,29.9));
#6039=CARTESIAN_POINT('Ctrl Pts',(-3.85484461426037,37.3641807776906,30.));
#6040=CARTESIAN_POINT('Ctrl Pts',(-3.85484461426037,37.3641807776906,29.9));
#6041=CARTESIAN_POINT('Ctrl Pts',(-3.8621180051453,37.1829165740492,30.));
#6042=CARTESIAN_POINT('Ctrl Pts',(-3.8621180051453,37.1829165740492,29.9));
#6043=CARTESIAN_POINT('Ctrl Pts',(-3.9381564571758,37.0185020524311,30.));
#6044=CARTESIAN_POINT('Ctrl Pts',(-3.9381564571758,37.0185020524311,29.9));
#6045=CARTESIAN_POINT('Ctrl Pts',(-3.97399961596728,36.9410000038147,30.));
#6046=CARTESIAN_POINT('Ctrl Pts',(-3.97399961596728,36.9410000038147,29.9));
#6047=CARTESIAN_POINT('',(-3.85099976903201,37.460000295639,29.9));
#6048=CARTESIAN_POINT('',(-3.85099976903201,37.460000295639,30.));
#6049=CARTESIAN_POINT('Ctrl Pts',(-3.85099976903201,37.460000295639,29.9));
#6050=CARTESIAN_POINT('Ctrl Pts',(-3.85484461426037,37.3641807776906,29.9));
#6051=CARTESIAN_POINT('Ctrl Pts',(-3.8621180051453,37.1829165740492,29.9));
#6052=CARTESIAN_POINT('Ctrl Pts',(-3.9381564571758,37.0185020524311,29.9));
#6053=CARTESIAN_POINT('Ctrl Pts',(-3.97399961596728,36.9410000038147,29.9));
#6054=CARTESIAN_POINT('Ctrl Pts',(-4.13299977427722,38.2250002813339,30.));
#6055=CARTESIAN_POINT('Ctrl Pts',(-4.13299977427722,38.2250002813339,29.9));
#6056=CARTESIAN_POINT('Ctrl Pts',(-4.05085732114591,38.1212395933184,30.));
#6057=CARTESIAN_POINT('Ctrl Pts',(-4.05085732114591,38.1212395933184,29.9));
#6058=CARTESIAN_POINT('Ctrl Pts',(-3.87421353101774,37.898106724763,30.));
#6059=CARTESIAN_POINT('Ctrl Pts',(-3.87421353101774,37.898106724763,29.9));
#6060=CARTESIAN_POINT('Ctrl Pts',(-3.85909038665674,37.6126921169457,30.));
#6061=CARTESIAN_POINT('Ctrl Pts',(-3.85909038665674,37.6126921169457,29.9));
#6062=CARTESIAN_POINT('Ctrl Pts',(-3.85099976903201,37.460000295639,30.));
#6063=CARTESIAN_POINT('Ctrl Pts',(-3.85099976903201,37.460000295639,29.9));
#6064=CARTESIAN_POINT('',(-4.13299977427722,38.2250002813339,29.9));
#6065=CARTESIAN_POINT('',(-4.13299977427722,38.2250002813339,30.));
#6066=CARTESIAN_POINT('Ctrl Pts',(-4.13299977427722,38.2250002813339,29.9));
#6067=CARTESIAN_POINT('Ctrl Pts',(-4.05085732114591,38.1212395933184,29.9));
#6068=CARTESIAN_POINT('Ctrl Pts',(-3.87421353101774,37.898106724763,29.9));
#6069=CARTESIAN_POINT('Ctrl Pts',(-3.85909038665674,37.6126921169457,29.9));
#6070=CARTESIAN_POINT('Ctrl Pts',(-3.85099976903201,37.460000295639,29.9));
#6071=CARTESIAN_POINT('Ctrl Pts',(-4.97899993902446,38.492000181675,30.));
#6072=CARTESIAN_POINT('Ctrl Pts',(-4.97899993902446,38.492000181675,29.9));
#6073=CARTESIAN_POINT('Ctrl Pts',(-4.80894173824747,38.4862168574069,30.));
#6074=CARTESIAN_POINT('Ctrl Pts',(-4.80894173824747,38.4862168574069,29.9));
#6075=CARTESIAN_POINT('Ctrl Pts',(-4.5004418871606,38.4757254217258,30.));
#6076=CARTESIAN_POINT('Ctrl Pts',(-4.5004418871606,38.4757254217258,29.9));
#6077=CARTESIAN_POINT('Ctrl Pts',(-4.24681621858134,38.3026632464011,30.));
#6078=CARTESIAN_POINT('Ctrl Pts',(-4.24681621858134,38.3026632464011,29.9));
#6079=CARTESIAN_POINT('Ctrl Pts',(-4.13299977427722,38.2250002813339,30.));
#6080=CARTESIAN_POINT('Ctrl Pts',(-4.13299977427722,38.2250002813339,29.9));
#6081=CARTESIAN_POINT('',(-4.97899993902446,38.492000181675,29.9));
#6082=CARTESIAN_POINT('',(-4.97899993902446,38.492000181675,30.));
#6083=CARTESIAN_POINT('Ctrl Pts',(-4.97899993902446,38.492000181675,29.9));
#6084=CARTESIAN_POINT('Ctrl Pts',(-4.80894173824747,38.4862168574069,29.9));
#6085=CARTESIAN_POINT('Ctrl Pts',(-4.5004418871606,38.4757254217258,29.9));
#6086=CARTESIAN_POINT('Ctrl Pts',(-4.24681621858134,38.3026632464011,29.9));
#6087=CARTESIAN_POINT('Ctrl Pts',(-4.13299977427722,38.2250002813339,29.9));
#6088=CARTESIAN_POINT('Origin',(-6.85100000000001,38.492000181675,30.));
#6089=CARTESIAN_POINT('',(-6.85100000000001,38.492000181675,29.9));
#6090=CARTESIAN_POINT('',(-6.85100000000001,38.492000181675,30.));
#6091=CARTESIAN_POINT('',(-6.85100000000001,38.492000181675,29.9));
#6092=CARTESIAN_POINT('Origin',(-6.85100000000001,34.6280000400543,30.));
#6093=CARTESIAN_POINT('',(-6.85100000000001,34.6280000400543,29.9));
#6094=CARTESIAN_POINT('Origin',(0.00999981889127683,36.5360001516342,29.9));
#6095=CARTESIAN_POINT('Origin',(-1.83697019872103E-15,0.,30.));
#6096=CARTESIAN_POINT('Origin',(-1.83697019872103E-15,0.,30.));
#6097=CARTESIAN_POINT('Origin',(-1.83697019872103E-15,0.,30.));
#6098=CARTESIAN_POINT('Origin',(-1.83697019872103E-15,0.,30.));
#6099=CARTESIAN_POINT('Origin',(32.,42.,19.125));
#6100=CARTESIAN_POINT('',(29.25,42.,19.25));
#6101=CARTESIAN_POINT('Origin',(32.,42.,19.25));
#6102=CARTESIAN_POINT('',(29.,42.,19.));
#6103=CARTESIAN_POINT('',(29.125,42.,19.125));
#6104=CARTESIAN_POINT('Origin',(32.,42.,19.));
#6105=CARTESIAN_POINT('Origin',(-4.89858719658941E-16,39.75,19.));
#6106=CARTESIAN_POINT('',(-39.75,42.,19.));
#6107=CARTESIAN_POINT('',(-39.75,26.0612494995996,19.));
#6108=CARTESIAN_POINT('',(-39.75,-5.125,19.));
#6109=CARTESIAN_POINT('',(-32.,49.75,19.));
#6110=CARTESIAN_POINT('Origin',(-32.,42.,19.));
#6111=CARTESIAN_POINT('',(32.,49.75,19.));
#6112=CARTESIAN_POINT('',(-20.,49.75,19.));
#6113=CARTESIAN_POINT('',(39.75,42.,19.));
#6114=CARTESIAN_POINT('Origin',(32.,42.,19.));
#6115=CARTESIAN_POINT('',(39.75,26.0612494995996,19.));
#6116=CARTESIAN_POINT('',(39.75,44.875,19.));
#6117=CARTESIAN_POINT('',(35.,29.5,19.));
#6118=CARTESIAN_POINT('Origin',(35.,24.5,19.));
#6119=CARTESIAN_POINT('',(-35.,29.5,19.));
#6120=CARTESIAN_POINT('',(-40.,29.5,19.));
#6121=CARTESIAN_POINT('Origin',(-35.,24.5,19.));
#6122=CARTESIAN_POINT('',(-35.,42.,19.));
#6123=CARTESIAN_POINT('Origin',(-32.,42.,19.));
#6124=CARTESIAN_POINT('Origin',(32.,42.,21.75));
#6125=CARTESIAN_POINT('',(29.25,42.,27.55));
#6126=CARTESIAN_POINT('Origin',(32.,42.,27.55));
#6127=CARTESIAN_POINT('',(29.25,42.,21.75));
#6128=CARTESIAN_POINT('Origin',(-32.,42.,19.125));
#6129=CARTESIAN_POINT('',(-34.75,42.,19.25));
#6130=CARTESIAN_POINT('Origin',(-32.,42.,19.25));
#6131=CARTESIAN_POINT('',(-34.875,42.,19.125));
#6132=CARTESIAN_POINT('Origin',(-32.,42.,21.75));
#6133=CARTESIAN_POINT('',(-34.75,42.,27.55));
#6134=CARTESIAN_POINT('Origin',(-32.,42.,27.55));
#6135=CARTESIAN_POINT('',(-34.75,42.,21.75));
#6136=CARTESIAN_POINT('Origin',(39.875,44.875,19.125));
#6137=CARTESIAN_POINT('',(40.,24.5,19.25));
#6138=CARTESIAN_POINT('Origin',(35.,24.5,14.25));
#6139=CARTESIAN_POINT('',(40.,42.,19.25));
#6140=CARTESIAN_POINT('',(39.75,42.,19.));
#6141=CARTESIAN_POINT('',(40.,44.875,19.25));
#6142=CARTESIAN_POINT('Origin',(32.,42.,19.125));
#6143=CARTESIAN_POINT('',(32.,50.,19.25));
#6144=CARTESIAN_POINT('',(32.,49.75,19.));
#6145=CARTESIAN_POINT('Origin',(32.,42.,19.25));
#6146=CARTESIAN_POINT('Origin',(-20.,49.875,19.125));
#6147=CARTESIAN_POINT('',(-32.,50.,19.25));
#6148=CARTESIAN_POINT('',(-32.,49.75,19.));
#6149=CARTESIAN_POINT('',(-20.,50.,19.25));
#6150=CARTESIAN_POINT('Origin',(-32.,42.,19.125));
#6151=CARTESIAN_POINT('',(-40.,42.,19.25));
#6152=CARTESIAN_POINT('',(-39.75,42.,19.));
#6153=CARTESIAN_POINT('Origin',(-32.,42.,19.25));
#6154=CARTESIAN_POINT('Origin',(-39.875,-5.125,19.125));
#6155=CARTESIAN_POINT('',(-40.,24.5,19.25));
#6156=CARTESIAN_POINT('Origin',(-35.,24.5,14.25));
#6157=CARTESIAN_POINT('',(-40.,-5.125,19.25));
#6158=CARTESIAN_POINT('Origin',(35.,24.5,15.5));
#6159=CARTESIAN_POINT('',(35.,28.5,15.));
#6160=CARTESIAN_POINT('',(35.,29.5,16.));
#6161=CARTESIAN_POINT('',(35.,28.5,15.));
#6162=CARTESIAN_POINT('',(40.,24.5,16.));
#6163=CARTESIAN_POINT('Origin',(35.,24.5,16.));
#6164=CARTESIAN_POINT('',(39.,24.5,15.));
#6165=CARTESIAN_POINT('',(40.,24.5,16.));
#6166=CARTESIAN_POINT('Origin',(35.,24.5,15.));
#6167=CARTESIAN_POINT('Origin',(-20.,29.,15.5));
#6168=CARTESIAN_POINT('',(-35.,28.5,15.));
#6169=CARTESIAN_POINT('',(-20.,28.5,15.));
#6170=CARTESIAN_POINT('',(-35.,29.5,16.));
#6171=CARTESIAN_POINT('',(-35.,28.5,15.));
#6172=CARTESIAN_POINT('',(-20.,29.5,16.));
#6173=CARTESIAN_POINT('Origin',(-35.,24.5,15.5));
#6174=CARTESIAN_POINT('',(-39.,24.5,15.));
#6175=CARTESIAN_POINT('',(-40.,24.5,16.));
#6176=CARTESIAN_POINT('',(-39.,24.5,15.));
#6177=CARTESIAN_POINT('Origin',(-35.,24.5,16.));
#6178=CARTESIAN_POINT('Origin',(-35.,24.5,15.));
#6179=CARTESIAN_POINT('Origin',(-39.5,-25.,15.5));
#6180=CARTESIAN_POINT('',(-39.,0.,15.));
#6181=CARTESIAN_POINT('',(-39.,-25.,15.));
#6182=CARTESIAN_POINT('',(-40.,0.,16.));
#6183=CARTESIAN_POINT('',(-39.,0.,15.));
#6184=CARTESIAN_POINT('',(-40.,-25.,16.));
#6185=CARTESIAN_POINT('Origin',(-6.12323399573675E-17,0.,15.5));
#6186=CARTESIAN_POINT('',(39.,4.77612251667468E-15,15.));
#6187=CARTESIAN_POINT('Origin',(0.,0.,15.));
#6188=CARTESIAN_POINT('',(40.,4.44089209850063E-15,16.));
#6189=CARTESIAN_POINT('',(39.,4.77612251667468E-15,15.));
#6190=CARTESIAN_POINT('Origin',(-1.22464679914735E-16,0.,16.));
#6191=CARTESIAN_POINT('Origin',(39.5,25.,15.5));
#6192=CARTESIAN_POINT('',(39.,25.,15.));
#6193=CARTESIAN_POINT('',(40.,25.,16.));
#6194=CARTESIAN_POINT('Origin',(-1.83697019872103E-15,0.,30.));
#6195=CARTESIAN_POINT('',(40.,4.44089209850063E-15,29.));
#6196=CARTESIAN_POINT('',(40.,4.44089209850063E-15,30.));
#6197=CARTESIAN_POINT('',(-40.,0.,29.));
#6198=CARTESIAN_POINT('Origin',(-1.71450551880629E-15,0.,29.));
#6199=CARTESIAN_POINT('',(-40.,0.,30.));
#6200=CARTESIAN_POINT('Origin',(40.,50.,30.));
#6201=CARTESIAN_POINT('',(40.,42.,29.));
#6202=CARTESIAN_POINT('',(40.,42.,30.));
#6203=CARTESIAN_POINT('',(40.,25.,29.));
#6204=CARTESIAN_POINT('',(40.,24.5,22.5));
#6205=CARTESIAN_POINT('Origin',(35.,24.5,22.5));
#6206=CARTESIAN_POINT('',(35.,29.5,22.5));
#6207=CARTESIAN_POINT('Origin',(0.,0.,15.));
#6208=CARTESIAN_POINT('',(22.975,-2.81362602104104E-15,15.));
#6209=CARTESIAN_POINT('Origin',(0.,0.,15.));
#6210=CARTESIAN_POINT('Origin',(-40.,29.5,15.));
#6211=CARTESIAN_POINT('',(-35.,29.5,22.5));
#6212=CARTESIAN_POINT('Origin',(-35.,24.5,22.5));
#6213=CARTESIAN_POINT('',(-40.,24.5,22.5));
#6214=CARTESIAN_POINT('Origin',(32.,42.,30.));
#6215=CARTESIAN_POINT('',(32.,50.,29.));
#6216=CARTESIAN_POINT('',(32.,50.,30.));
#6217=CARTESIAN_POINT('Origin',(32.,42.,29.));
#6218=CARTESIAN_POINT('Origin',(-40.,50.,30.));
#6219=CARTESIAN_POINT('',(-32.,50.,29.));
#6220=CARTESIAN_POINT('',(-32.,50.,30.));
#6221=CARTESIAN_POINT('',(-20.,50.,29.));
#6222=CARTESIAN_POINT('Origin',(-32.,42.,30.));
#6223=CARTESIAN_POINT('',(-40.,42.,29.));
#6224=CARTESIAN_POINT('',(-40.,42.,30.));
#6225=CARTESIAN_POINT('Origin',(-32.,42.,29.));
#6226=CARTESIAN_POINT('Origin',(-20.,49.5,29.5));
#6227=CARTESIAN_POINT('',(32.,49.,30.));
#6228=CARTESIAN_POINT('',(-32.,50.,29.));
#6229=CARTESIAN_POINT('Origin',(32.,42.,29.5));
#6230=CARTESIAN_POINT('',(39.,42.,30.));
#6231=CARTESIAN_POINT('Origin',(39.5,25.,29.5));
#6232=CARTESIAN_POINT('',(39.,4.44089209850063E-15,30.));
#6233=CARTESIAN_POINT('Origin',(-1.77573785876366E-15,0.,29.5));
#6234=CARTESIAN_POINT('',(-39.,0.,30.));
#6235=CARTESIAN_POINT('Origin',(-39.5,-25.,29.5));
#6236=CARTESIAN_POINT('',(-39.,42.,30.));
#6237=CARTESIAN_POINT('',(-40.,-25.,29.));
#6238=CARTESIAN_POINT('Origin',(-32.,42.,29.5));
#6239=CARTESIAN_POINT('Origin',(-40.,-50.,30.));
#6240=CARTESIAN_POINT('Origin',(-1.83697019872103E-15,0.,30.));
#6241=CARTESIAN_POINT('Origin',(-32.,42.,28.775));
#6242=CARTESIAN_POINT('',(-35.975,42.,28.775));
#6243=CARTESIAN_POINT('Origin',(32.,42.,28.775));
#6244=CARTESIAN_POINT('',(28.025,42.,28.775));
#6245=CARTESIAN_POINT('Origin',(26.,6.55,29.875));
#6246=CARTESIAN_POINT('',(26.,7.55,29.75));
#6247=CARTESIAN_POINT('',(26.,7.3,30.));
#6248=CARTESIAN_POINT('',(25.,6.55,29.75));
#6249=CARTESIAN_POINT('Origin',(26.,6.55,29.75));
#6250=CARTESIAN_POINT('',(25.,6.55,29.75));
#6251=CARTESIAN_POINT('Origin',(-12.5,7.425,29.875));
#6252=CARTESIAN_POINT('',(30.7399983734547,7.55,29.75));
#6253=CARTESIAN_POINT('',(30.7399983734547,7.3,30.));
#6254=CARTESIAN_POINT('',(-12.5,7.55,29.75));
#6255=CARTESIAN_POINT('Origin',(30.7399983734547,10.55,29.875));
#6256=CARTESIAN_POINT('',(31.9838921766101,13.2799685358025,29.75));
#6257=CARTESIAN_POINT('',(32.0875499935397,13.5074659137861,30.));
#6258=CARTESIAN_POINT('Origin',(30.7399983734547,10.55,29.75));
#6259=CARTESIAN_POINT('Origin',(36.1302048537944,22.3798636551443,29.875));
#6260=CARTESIAN_POINT('',(27.6289801823134,17.1140133833456,29.75));
#6261=CARTESIAN_POINT('',(27.8415107991004,17.2456596401406,30.));
#6262=CARTESIAN_POINT('Origin',(36.1302048537944,22.3798636551443,29.75));
#6263=CARTESIAN_POINT('Origin',(-1.82166211373169E-15,0.,29.875));
#6264=CARTESIAN_POINT('',(-27.6289801823134,17.1140133833456,29.75));
#6265=CARTESIAN_POINT('',(-27.8415107991004,17.2456596401406,30.));
#6266=CARTESIAN_POINT('Origin',(-1.80635402874235E-15,0.,29.75));
#6267=CARTESIAN_POINT('Origin',(-36.1302048537944,22.3798636551443,29.875));
#6268=CARTESIAN_POINT('',(-31.9838921766101,13.2799685358025,29.75));
#6269=CARTESIAN_POINT('',(-32.0875499935397,13.5074659137861,30.));
#6270=CARTESIAN_POINT('Origin',(-36.1302048537944,22.3798636551443,29.75));
#6271=CARTESIAN_POINT('Origin',(-30.7399983734547,10.55,29.875));
#6272=CARTESIAN_POINT('',(-30.7399983734547,7.55,29.75));
#6273=CARTESIAN_POINT('',(-30.7399983734547,7.30000000000001,30.));
#6274=CARTESIAN_POINT('Origin',(-30.7399983734547,10.55,29.75));
#6275=CARTESIAN_POINT('Origin',(-12.5,7.425,29.875));
#6276=CARTESIAN_POINT('',(-26.,7.55,29.75));
#6277=CARTESIAN_POINT('',(-26.,7.3,30.));
#6278=CARTESIAN_POINT('',(-12.5,7.55,29.75));
#6279=CARTESIAN_POINT('Origin',(-26.,6.55,29.875));
#6280=CARTESIAN_POINT('',(-25.,6.55,29.75));
#6281=CARTESIAN_POINT('',(-25.25,6.55,30.));
#6282=CARTESIAN_POINT('Origin',(-26.,6.55,29.75));
#6283=CARTESIAN_POINT('Origin',(-25.125,-3.775,29.875));
#6284=CARTESIAN_POINT('',(-25.,-6.55,29.75));
#6285=CARTESIAN_POINT('',(-25.25,-6.55,30.));
#6286=CARTESIAN_POINT('',(-25.,-3.775,29.75));
#6287=CARTESIAN_POINT('Origin',(-26.,-6.55,29.875));
#6288=CARTESIAN_POINT('',(-26.,-7.55,29.75));
#6289=CARTESIAN_POINT('',(-26.,-7.3,30.));
#6290=CARTESIAN_POINT('Origin',(-26.,-6.55,29.75));
#6291=CARTESIAN_POINT('Origin',(17.5,-7.425,29.875));
#6292=CARTESIAN_POINT('',(-30.7399983734547,-7.55,29.75));
#6293=CARTESIAN_POINT('',(-30.7399983734547,-7.3,30.));
#6294=CARTESIAN_POINT('',(17.5,-7.55,29.75));
#6295=CARTESIAN_POINT('Origin',(-30.7399983734547,-10.55,29.875));
#6296=CARTESIAN_POINT('',(-31.98389217661,-13.2799685358025,29.75));
#6297=CARTESIAN_POINT('',(-32.0875499935397,-13.5074659137861,30.));
#6298=CARTESIAN_POINT('Origin',(-30.7399983734547,-10.55,29.75));
#6299=CARTESIAN_POINT('Origin',(-36.1302048537944,-22.3798636551443,29.875));
#6300=CARTESIAN_POINT('',(-27.6289801823134,-17.1140133833456,29.75));
#6301=CARTESIAN_POINT('',(-27.8415107991004,-17.2456596401406,30.));
#6302=CARTESIAN_POINT('Origin',(-36.1302048537944,-22.3798636551443,29.75));
#6303=CARTESIAN_POINT('Origin',(-1.82166211373169E-15,0.,29.875));
#6304=CARTESIAN_POINT('',(27.6289801823134,-17.1140133833456,29.75));
#6305=CARTESIAN_POINT('',(27.8415107991004,-17.2456596401406,30.));
#6306=CARTESIAN_POINT('Origin',(-1.80635402874235E-15,0.,29.75));
#6307=CARTESIAN_POINT('Origin',(36.1302048537944,-22.3798636551443,29.875));
#6308=CARTESIAN_POINT('',(31.98389217661,-13.2799685358025,29.75));
#6309=CARTESIAN_POINT('',(32.0875499935397,-13.5074659137861,30.));
#6310=CARTESIAN_POINT('Origin',(36.1302048537944,-22.3798636551443,29.75));
#6311=CARTESIAN_POINT('Origin',(30.7399983734547,-10.55,29.875));
#6312=CARTESIAN_POINT('',(30.7399983734547,-7.55,29.75));
#6313=CARTESIAN_POINT('',(30.7399983734547,-7.3,30.));
#6314=CARTESIAN_POINT('Origin',(30.7399983734547,-10.55,29.75));
#6315=CARTESIAN_POINT('Origin',(17.5,-7.425,29.875));
#6316=CARTESIAN_POINT('',(26.,-7.55,29.75));
#6317=CARTESIAN_POINT('',(26.,-7.3,30.));
#6318=CARTESIAN_POINT('',(17.5,-7.55,29.75));
#6319=CARTESIAN_POINT('Origin',(26.,-6.55,29.875));
#6320=CARTESIAN_POINT('',(25.,-6.55,29.75));
#6321=CARTESIAN_POINT('',(25.25,-6.55,30.));
#6322=CARTESIAN_POINT('Origin',(26.,-6.55,29.75));
#6323=CARTESIAN_POINT('Origin',(25.125,-3.775,29.875));
#6324=CARTESIAN_POINT('',(25.,-3.775,29.75));
#6325=CARTESIAN_POINT('Origin',(35.,-7.55,30.));
#6326=CARTESIAN_POINT('',(-30.7399983734547,-7.55,30.));
#6327=CARTESIAN_POINT('',(-26.,-7.55,30.));
#6328=CARTESIAN_POINT('Origin',(-30.7399983734547,-10.55,30.));
#6329=CARTESIAN_POINT('',(-31.98389217661,-13.2799685358025,30.));
#6330=CARTESIAN_POINT('Origin',(-36.1302048537944,-22.3798636551443,30.));
#6331=CARTESIAN_POINT('',(-27.6289801823134,-17.1140133833456,30.));
#6332=CARTESIAN_POINT('Origin',(-1.83697019872103E-15,0.,30.));
#6333=CARTESIAN_POINT('',(27.6289801823134,-17.1140133833456,30.));
#6334=CARTESIAN_POINT('Origin',(36.1302048537944,-22.3798636551443,30.));
#6335=CARTESIAN_POINT('',(31.98389217661,-13.2799685358025,30.));
#6336=CARTESIAN_POINT('Origin',(30.7399983734547,-10.55,30.));
#6337=CARTESIAN_POINT('',(30.7399983734547,-7.55,30.));
#6338=CARTESIAN_POINT('Origin',(35.,-7.55,30.));
#6339=CARTESIAN_POINT('',(26.,-7.55,30.));
#6340=CARTESIAN_POINT('Origin',(26.,-6.55,30.));
#6341=CARTESIAN_POINT('',(25.,-6.55,30.));
#6342=CARTESIAN_POINT('Origin',(25.,-7.55,30.));
#6343=CARTESIAN_POINT('',(25.,6.55,30.));
#6344=CARTESIAN_POINT('Origin',(26.,6.55,30.));
#6345=CARTESIAN_POINT('',(26.,7.55,30.));
#6346=CARTESIAN_POINT('Origin',(-1.53080849893417E-17,0.,15.125));
#6347=CARTESIAN_POINT('',(22.85,-2.7983179360517E-15,15.125));
#6348=CARTESIAN_POINT('Origin',(-26.,-6.55,30.));
#6349=CARTESIAN_POINT('',(-25.,-6.55,30.));
#6350=CARTESIAN_POINT('Origin',(-25.,-7.55,30.));
#6351=CARTESIAN_POINT('',(-25.,6.55,30.));
#6352=CARTESIAN_POINT('Origin',(-26.,6.55,30.));
#6353=CARTESIAN_POINT('',(-26.,7.55,30.));
#6354=CARTESIAN_POINT('Origin',(-25.,7.55,30.));
#6355=CARTESIAN_POINT('',(30.7399983734547,7.55,30.));
#6356=CARTESIAN_POINT('Origin',(-36.1302048537944,22.3798636551443,30.));
#6357=CARTESIAN_POINT('',(-31.9838921766101,13.2799685358025,30.));
#6358=CARTESIAN_POINT('',(-27.6289801823134,17.1140133833456,30.));
#6359=CARTESIAN_POINT('Origin',(-1.83697019872103E-15,0.,30.));
#6360=CARTESIAN_POINT('',(27.6289801823134,17.1140133833456,30.));
#6361=CARTESIAN_POINT('Origin',(36.1302048537944,22.3798636551443,30.));
#6362=CARTESIAN_POINT('',(31.9838921766101,13.2799685358025,30.));
#6363=CARTESIAN_POINT('Origin',(-25.,7.55,30.));
#6364=CARTESIAN_POINT('',(-30.7399983734547,7.55,30.));
#6365=CARTESIAN_POINT('Origin',(-30.7399983734547,10.55,30.));
#6366=CARTESIAN_POINT('Origin',(30.7399983734547,10.55,30.));
#6367=UNCERTAINTY_MEASURE_WITH_UNIT(LENGTH_MEASURE(0.01),#6371,
'DISTANCE_ACCURACY_VALUE',
'Maximum model space distance between geometric entities at asserted c
onnectivities');
#6368=UNCERTAINTY_MEASURE_WITH_UNIT(LENGTH_MEASURE(0.01),#6371,
'DISTANCE_ACCURACY_VALUE',
'Maximum model space distance between geometric entities at asserted c
onnectivities');
#6369=(
GEOMETRIC_REPRESENTATION_CONTEXT(3)
GLOBAL_UNCERTAINTY_ASSIGNED_CONTEXT((#6367))
GLOBAL_UNIT_ASSIGNED_CONTEXT((#6371,#6373,#6374))
REPRESENTATION_CONTEXT('','3D')
);
#6370=(
GEOMETRIC_REPRESENTATION_CONTEXT(3)
GLOBAL_UNCERTAINTY_ASSIGNED_CONTEXT((#6368))
GLOBAL_UNIT_ASSIGNED_CONTEXT((#6371,#6373,#6374))
REPRESENTATION_CONTEXT('','3D')
);
#6371=(
LENGTH_UNIT()
NAMED_UNIT(*)
SI_UNIT(.MILLI.,.METRE.)
);
#6372=(
LENGTH_UNIT()
NAMED_UNIT(*)
SI_UNIT($,.METRE.)
);
#6373=(
NAMED_UNIT(*)
PLANE_ANGLE_UNIT()
SI_UNIT($,.RADIAN.)
);
#6374=(
NAMED_UNIT(*)
SI_UNIT($,.STERADIAN.)
SOLID_ANGLE_UNIT()
);
#6375=SHAPE_DEFINITION_REPRESENTATION(#6376,#6377);
#6376=PRODUCT_DEFINITION_SHAPE('',$,#6379);
#6377=SHAPE_REPRESENTATION('',(#3665),#6369);
#6378=PRODUCT_DEFINITION_CONTEXT('part definition',#6383,'design');
#6379=PRODUCT_DEFINITION('Holder Plate','Holder Plate',#6380,#6378);
#6380=PRODUCT_DEFINITION_FORMATION('',$,#6385);
#6381=PRODUCT_RELATED_PRODUCT_CATEGORY('Holder Plate','Holder Plate',(#6385));
#6382=APPLICATION_PROTOCOL_DEFINITION('international standard',
'automotive_design',2009,#6383);
#6383=APPLICATION_CONTEXT(
'Core Data for Automotive Mechanical Design Process');
#6384=PRODUCT_CONTEXT('part definition',#6383,'mechanical');
#6385=PRODUCT('Holder Plate','Holder Plate',$,(#6384));
#6386=PRESENTATION_STYLE_ASSIGNMENT((#6388));
#6387=PRESENTATION_STYLE_ASSIGNMENT((#6389));
#6388=SURFACE_STYLE_USAGE(.BOTH.,#6390);
#6389=SURFACE_STYLE_USAGE(.BOTH.,#6391);
#6390=SURFACE_SIDE_STYLE('',(#6392));
#6391=SURFACE_SIDE_STYLE('',(#6393));
#6392=SURFACE_STYLE_FILL_AREA(#6394);
#6393=SURFACE_STYLE_FILL_AREA(#6395);
#6394=FILL_AREA_STYLE('Steel - Satin',(#6396));
#6395=FILL_AREA_STYLE('Aluminum - Bead Blasted',(#6397));
#6396=FILL_AREA_STYLE_COLOUR('Steel - Satin',#6398);
#6397=FILL_AREA_STYLE_COLOUR('Aluminum - Bead Blasted',#6399);
#6398=COLOUR_RGB('Steel - Satin',0.627450980392157,0.627450980392157,0.627450980392157);
#6399=COLOUR_RGB('Aluminum - Bead Blasted',0.96078431372549,0.96078431372549,
0.964705882352941);
ENDSEC;
END-ISO-10303-21;
